TRACE::2026-07-22.14:15:28::SCWPlatform::Trying to open the hw design at /home/ran/Documents/uni/s10/asip_lab/vitis_ws/milestone2/hw/design_1_wrapper.xsa
TRACE::2026-07-22.14:15:28::SCWPlatform::DSA given /home/ran/Documents/uni/s10/asip_lab/vitis_ws/milestone2/hw/design_1_wrapper.xsa
TRACE::2026-07-22.14:15:28::SCWPlatform::DSA absoulate path /home/ran/Documents/uni/s10/asip_lab/vitis_ws/milestone2/hw/design_1_wrapper.xsa
TRACE::2026-07-22.14:15:28::SCWPlatform::DSA directory /home/ran/Documents/uni/s10/asip_lab/vitis_ws/milestone2/hw
TRACE::2026-07-22.14:15:28::SCWPlatform:: Platform Path /home/ran/Documents/uni/s10/asip_lab/vitis_ws/milestone2/hw/design_1_wrapper.xsa
TRACE::2026-07-22.14:15:28::SCWPlatform:: Unique name xilinx:::0.0
TRACE::2026-07-22.14:15:28::SCWPlatform::Do not have an existing db opened. 
TRACE::2026-07-22.14:15:29::SCWPlatform::Opened new HwDB with name design_1_wrapper_0
TRACE::2026-07-22.14:15:29::SCWWriter::formatted JSON is {
	"platformName":	"milestone2",
	"sprVersion":	"2.0",
	"mode":	"gui",
	"dsaType":	"Fixed",
	"platformDesc":	"milestone2",
	"platHandOff":	"/home/ran/Documents/uni/s10/asip_lab/final_project/design_1_wrapper.xsa",
	"platIntHandOff":	"<platformDir>/hw/design_1_wrapper.xsa",
	"deviceType":	"zynq",
	"platIsPrebuiltAutogen":	"false",
	"platIsNoBootBsp":	"false",
	"hasFsblMakeHasChanges":	"false",
	"hasPmufwMakeHasChanges":	"false",
	"platPreBuiltFlag":	false,
	"platformSamplesDir":	""
}
TRACE::2026-07-22.14:15:29::SCWWriter::formatted JSON is {
	"platformName":	"milestone2",
	"sprVersion":	"2.0",
	"mode":	"gui",
	"dsaType":	"Fixed",
	"platformDesc":	"milestone2",
	"platHandOff":	"/home/ran/Documents/uni/s10/asip_lab/final_project/design_1_wrapper.xsa",
	"platIntHandOff":	"<platformDir>/hw/design_1_wrapper.xsa",
	"deviceType":	"zynq",
	"platIsPrebuiltAutogen":	"false",
	"platIsNoBootBsp":	"false",
	"hasFsblMakeHasChanges":	"false",
	"hasPmufwMakeHasChanges":	"false",
	"platPreBuiltFlag":	false,
	"platformSamplesDir":	"",
	"platActiveSys":	"milestone2",
	"systems":	[{
			"systemName":	"milestone2",
			"systemDesc":	"milestone2",
			"sysIsBootAutoGen":	"true",
			"systemDispName":	"milestone2"
		}]
}
TRACE::2026-07-22.14:15:29::SCWPlatform::Boot application domains not present, creating them
TRACE::2026-07-22.14:15:29::SCWDomain::checking for install qemu data   : 
TRACE::2026-07-22.14:15:29::SCWDomain:: Using the QEMU Data from install at  : /home/ran/bin/Xilinx/Vitis/2022.2/data/emulation/platforms/zynq/sw/a9_standalone/qemu/
TRACE::2026-07-22.14:15:29::SCWDomain:: Using the QEMU args  from install at  : /home/ran/bin/Xilinx/Vitis/2022.2/data/emulation/platforms/zynq/sw/a9_standalone/qemu/qemu_args.txt
TRACE::2026-07-22.14:15:29::SCWPlatform::Trying to open the hw design at /home/ran/Documents/uni/s10/asip_lab/vitis_ws/milestone2/hw/design_1_wrapper.xsa
TRACE::2026-07-22.14:15:29::SCWPlatform::DSA given /home/ran/Documents/uni/s10/asip_lab/vitis_ws/milestone2/hw/design_1_wrapper.xsa
TRACE::2026-07-22.14:15:29::SCWPlatform::DSA absoulate path /home/ran/Documents/uni/s10/asip_lab/vitis_ws/milestone2/hw/design_1_wrapper.xsa
TRACE::2026-07-22.14:15:29::SCWPlatform::DSA directory /home/ran/Documents/uni/s10/asip_lab/vitis_ws/milestone2/hw
TRACE::2026-07-22.14:15:29::SCWPlatform:: Platform Path /home/ran/Documents/uni/s10/asip_lab/vitis_ws/milestone2/hw/design_1_wrapper.xsa
TRACE::2026-07-22.14:15:29::SCWPlatform:: Unique name xilinx:::0.0
TRACE::2026-07-22.14:15:29::SCWPlatform::Trying to set the existing hwdb with name design_1_wrapper_0
TRACE::2026-07-22.14:15:29::SCWPlatform::Opened existing hwdb design_1_wrapper_0
TRACE::2026-07-22.14:15:29::SCWPlatform::Found the Hw Db part of the input DSA
TRACE::2026-07-22.14:15:29::SCWPlatform::Trying to open the hw design at /home/ran/Documents/uni/s10/asip_lab/vitis_ws/milestone2/hw/design_1_wrapper.xsa
TRACE::2026-07-22.14:15:29::SCWPlatform::DSA given /home/ran/Documents/uni/s10/asip_lab/vitis_ws/milestone2/hw/design_1_wrapper.xsa
TRACE::2026-07-22.14:15:29::SCWPlatform::DSA absoulate path /home/ran/Documents/uni/s10/asip_lab/vitis_ws/milestone2/hw/design_1_wrapper.xsa
TRACE::2026-07-22.14:15:29::SCWPlatform::DSA directory /home/ran/Documents/uni/s10/asip_lab/vitis_ws/milestone2/hw
TRACE::2026-07-22.14:15:29::SCWPlatform:: Platform Path /home/ran/Documents/uni/s10/asip_lab/vitis_ws/milestone2/hw/design_1_wrapper.xsa
TRACE::2026-07-22.14:15:29::SCWPlatform:: Unique name xilinx:::0.0
TRACE::2026-07-22.14:15:29::SCWPlatform::Trying to set the existing hwdb with name design_1_wrapper_0
TRACE::2026-07-22.14:15:29::SCWPlatform::Opened existing hwdb design_1_wrapper_0
TRACE::2026-07-22.14:15:29::SCWPlatform::Found the Hw Db part of the input DSA
TRACE::2026-07-22.14:15:29::SCWPlatform::Trying to open the hw design at /home/ran/Documents/uni/s10/asip_lab/vitis_ws/milestone2/hw/design_1_wrapper.xsa
TRACE::2026-07-22.14:15:29::SCWPlatform::DSA given /home/ran/Documents/uni/s10/asip_lab/vitis_ws/milestone2/hw/design_1_wrapper.xsa
TRACE::2026-07-22.14:15:29::SCWPlatform::DSA absoulate path /home/ran/Documents/uni/s10/asip_lab/vitis_ws/milestone2/hw/design_1_wrapper.xsa
TRACE::2026-07-22.14:15:29::SCWPlatform::DSA directory /home/ran/Documents/uni/s10/asip_lab/vitis_ws/milestone2/hw
TRACE::2026-07-22.14:15:29::SCWPlatform:: Platform Path /home/ran/Documents/uni/s10/asip_lab/vitis_ws/milestone2/hw/design_1_wrapper.xsa
TRACE::2026-07-22.14:15:29::SCWPlatform:: Unique name xilinx:::0.0
TRACE::2026-07-22.14:15:29::SCWPlatform::Trying to set the existing hwdb with name design_1_wrapper_0
TRACE::2026-07-22.14:15:29::SCWPlatform::Opened existing hwdb design_1_wrapper_0
TRACE::2026-07-22.14:15:29::SCWPlatform::Found the Hw Db part of the input DSA
TRACE::2026-07-22.14:15:29::SCWPlatform::Boot application domain added for zynq_fsbl
TRACE::2026-07-22.14:15:29::SCWPlatform::Generating the sources  .
TRACE::2026-07-22.14:15:29::SCWBDomain::Generating boot domain sources.
TRACE::2026-07-22.14:15:29::SCWBDomain:: Generating the zynq_fsbl Application.
TRACE::2026-07-22.14:15:29::SCWPlatform::Trying to open the hw design at /home/ran/Documents/uni/s10/asip_lab/vitis_ws/milestone2/hw/design_1_wrapper.xsa
TRACE::2026-07-22.14:15:29::SCWPlatform::DSA given /home/ran/Documents/uni/s10/asip_lab/vitis_ws/milestone2/hw/design_1_wrapper.xsa
TRACE::2026-07-22.14:15:29::SCWPlatform::DSA absoulate path /home/ran/Documents/uni/s10/asip_lab/vitis_ws/milestone2/hw/design_1_wrapper.xsa
TRACE::2026-07-22.14:15:29::SCWPlatform::DSA directory /home/ran/Documents/uni/s10/asip_lab/vitis_ws/milestone2/hw
TRACE::2026-07-22.14:15:29::SCWPlatform:: Platform Path /home/ran/Documents/uni/s10/asip_lab/vitis_ws/milestone2/hw/design_1_wrapper.xsa
TRACE::2026-07-22.14:15:29::SCWPlatform:: Unique name xilinx:::0.0
TRACE::2026-07-22.14:15:29::SCWPlatform::Trying to set the existing hwdb with name design_1_wrapper_0
TRACE::2026-07-22.14:15:29::SCWPlatform::Opened existing hwdb design_1_wrapper_0
TRACE::2026-07-22.14:15:29::SCWPlatform::Found the Hw Db part of the input DSA
TRACE::2026-07-22.14:15:29::SCWMssOS::Checking the sw design at  /home/ran/Documents/uni/s10/asip_lab/vitis_ws/milestone2/zynq_fsbl/zynq_fsbl_bsp/system.mss
TRACE::2026-07-22.14:15:29::SCWMssOS::DEBUG:  swdes dump  
TRACE::2026-07-22.14:15:29::SCWMssOS::No sw design opened at  /home/ran/Documents/uni/s10/asip_lab/vitis_ws/milestone2/zynq_fsbl/zynq_fsbl_bsp/system.mss
TRACE::2026-07-22.14:15:29::SCWMssOS::mss does not exists at /home/ran/Documents/uni/s10/asip_lab/vitis_ws/milestone2/zynq_fsbl/zynq_fsbl_bsp/system.mss
TRACE::2026-07-22.14:15:29::SCWMssOS::Creating sw design at  /home/ran/Documents/uni/s10/asip_lab/vitis_ws/milestone2/zynq_fsbl/zynq_fsbl_bsp/system.mss
TRACE::2026-07-22.14:15:29::SCWMssOS::Adding the swdes entry, created swdb /home/ran/Documents/uni/s10/asip_lab/vitis_ws/milestone2/zynq_fsbl/zynq_fsbl_bsp/system.mss with des name /home/ran/Documents/uni/s10/asip_lab/vitis_ws/milestone2/zynq_fsbl/zynq_fsbl_bsp/system.mss
TRACE::2026-07-22.14:15:29::SCWMssOS::updating the scw layer changes to swdes at   /home/ran/Documents/uni/s10/asip_lab/vitis_ws/milestone2/zynq_fsbl/zynq_fsbl_bsp/system.mss
TRACE::2026-07-22.14:15:29::SCWMssOS::Writing mss at /home/ran/Documents/uni/s10/asip_lab/vitis_ws/milestone2/zynq_fsbl/zynq_fsbl_bsp/system.mss
TRACE::2026-07-22.14:15:29::SCWMssOS::Completed writing the mss file at /home/ran/Documents/uni/s10/asip_lab/vitis_ws/milestone2/zynq_fsbl/zynq_fsbl_bsp
TRACE::2026-07-22.14:15:29::SCWMssOS::Picking up changes from newly written mss file into SCW Layer. 
TRACE::2026-07-22.14:15:29::SCWMssOS::Updated the changes from newly written mss file into SCW Layer. 
TRACE::2026-07-22.14:15:29::SCWBDomain::Completed writing the mss file at /home/ran/Documents/uni/s10/asip_lab/vitis_ws/milestone2/zynq_fsbl/zynq_fsbl_bsp
TRACE::2026-07-22.14:15:31::SCWPlatform::Generating sources Done.
TRACE::2026-07-22.14:15:31::SCWPlatform::Trying to open the hw design at /home/ran/Documents/uni/s10/asip_lab/vitis_ws/milestone2/hw/design_1_wrapper.xsa
TRACE::2026-07-22.14:15:31::SCWPlatform::DSA given /home/ran/Documents/uni/s10/asip_lab/vitis_ws/milestone2/hw/design_1_wrapper.xsa
TRACE::2026-07-22.14:15:31::SCWPlatform::DSA absoulate path /home/ran/Documents/uni/s10/asip_lab/vitis_ws/milestone2/hw/design_1_wrapper.xsa
TRACE::2026-07-22.14:15:31::SCWPlatform::DSA directory /home/ran/Documents/uni/s10/asip_lab/vitis_ws/milestone2/hw
TRACE::2026-07-22.14:15:31::SCWPlatform:: Platform Path /home/ran/Documents/uni/s10/asip_lab/vitis_ws/milestone2/hw/design_1_wrapper.xsa
TRACE::2026-07-22.14:15:31::SCWPlatform:: Unique name xilinx:::0.0
TRACE::2026-07-22.14:15:31::SCWPlatform::Trying to set the existing hwdb with name design_1_wrapper_0
TRACE::2026-07-22.14:15:31::SCWPlatform::Opened existing hwdb design_1_wrapper_0
TRACE::2026-07-22.14:15:31::SCWPlatform::Found the Hw Db part of the input DSA
TRACE::2026-07-22.14:15:31::SCWMssOS::Checking the sw design at  /home/ran/Documents/uni/s10/asip_lab/vitis_ws/milestone2/zynq_fsbl/zynq_fsbl_bsp/system.mss
TRACE::2026-07-22.14:15:31::SCWMssOS::DEBUG:  swdes dump  
TRACE::2026-07-22.14:15:31::SCWMssOS::No sw design opened at  /home/ran/Documents/uni/s10/asip_lab/vitis_ws/milestone2/zynq_fsbl/zynq_fsbl_bsp/system.mss
TRACE::2026-07-22.14:15:31::SCWMssOS::mss exists loading the mss file  /home/ran/Documents/uni/s10/asip_lab/vitis_ws/milestone2/zynq_fsbl/zynq_fsbl_bsp/system.mss
TRACE::2026-07-22.14:15:31::SCWMssOS::Opened the sw design from mss  /home/ran/Documents/uni/s10/asip_lab/vitis_ws/milestone2/zynq_fsbl/zynq_fsbl_bsp/system.mss
TRACE::2026-07-22.14:15:31::SCWMssOS::Adding the swdes entry /home/ran/Documents/uni/s10/asip_lab/vitis_ws/milestone2/zynq_fsbl/zynq_fsbl_bsp/system.mss with des name system
TRACE::2026-07-22.14:15:31::SCWMssOS::updating the scw layer about changes
TRACE::2026-07-22.14:15:31::SCWMssOS::Opened the sw design.  /home/ran/Documents/uni/s10/asip_lab/vitis_ws/milestone2/zynq_fsbl/zynq_fsbl_bsp/system.mss
TRACE::2026-07-22.14:15:31::SCWMssOS::Saving the mss changes /home/ran/Documents/uni/s10/asip_lab/vitis_ws/milestone2/zynq_fsbl/zynq_fsbl_bsp/system.mss
TRACE::2026-07-22.14:15:31::SCWMssOS::Found a swdesign opened with the mssfile.
TRACE::2026-07-22.14:15:31::SCWMssOS::Completed writemss as part of save.
TRACE::2026-07-22.14:15:31::SCWMssOS::Commit changes completed.
TRACE::2026-07-22.14:15:31::SCWPlatform::Trying to open the hw design at /home/ran/Documents/uni/s10/asip_lab/vitis_ws/milestone2/hw/design_1_wrapper.xsa
TRACE::2026-07-22.14:15:31::SCWPlatform::DSA given /home/ran/Documents/uni/s10/asip_lab/vitis_ws/milestone2/hw/design_1_wrapper.xsa
TRACE::2026-07-22.14:15:31::SCWPlatform::DSA absoulate path /home/ran/Documents/uni/s10/asip_lab/vitis_ws/milestone2/hw/design_1_wrapper.xsa
TRACE::2026-07-22.14:15:31::SCWPlatform::DSA directory /home/ran/Documents/uni/s10/asip_lab/vitis_ws/milestone2/hw
TRACE::2026-07-22.14:15:31::SCWPlatform:: Platform Path /home/ran/Documents/uni/s10/asip_lab/vitis_ws/milestone2/hw/design_1_wrapper.xsa
TRACE::2026-07-22.14:15:31::SCWPlatform:: Unique name xilinx:::0.0
TRACE::2026-07-22.14:15:31::SCWPlatform::Trying to set the existing hwdb with name design_1_wrapper_0
TRACE::2026-07-22.14:15:31::SCWPlatform::Opened existing hwdb design_1_wrapper_0
TRACE::2026-07-22.14:15:31::SCWPlatform::Found the Hw Db part of the input DSA
TRACE::2026-07-22.14:15:31::SCWMssOS::Checking the sw design at  /home/ran/Documents/uni/s10/asip_lab/vitis_ws/milestone2/zynq_fsbl/zynq_fsbl_bsp/system.mss
TRACE::2026-07-22.14:15:31::SCWMssOS::DEBUG:  swdes dump  /home/ran/Documents/uni/s10/asip_lab/vitis_ws/milestone2/zynq_fsbl/zynq_fsbl_bsp/system.mss|system||

TRACE::2026-07-22.14:15:31::SCWMssOS::Sw design exists and opened at  /home/ran/Documents/uni/s10/asip_lab/vitis_ws/milestone2/zynq_fsbl/zynq_fsbl_bsp/system.mss
TRACE::2026-07-22.14:15:31::SCWPlatform::Trying to open the hw design at /home/ran/Documents/uni/s10/asip_lab/vitis_ws/milestone2/hw/design_1_wrapper.xsa
TRACE::2026-07-22.14:15:31::SCWPlatform::DSA given /home/ran/Documents/uni/s10/asip_lab/vitis_ws/milestone2/hw/design_1_wrapper.xsa
TRACE::2026-07-22.14:15:31::SCWPlatform::DSA absoulate path /home/ran/Documents/uni/s10/asip_lab/vitis_ws/milestone2/hw/design_1_wrapper.xsa
TRACE::2026-07-22.14:15:31::SCWPlatform::DSA directory /home/ran/Documents/uni/s10/asip_lab/vitis_ws/milestone2/hw
TRACE::2026-07-22.14:15:31::SCWPlatform:: Platform Path /home/ran/Documents/uni/s10/asip_lab/vitis_ws/milestone2/hw/design_1_wrapper.xsa
TRACE::2026-07-22.14:15:31::SCWPlatform:: Unique name xilinx:::0.0
TRACE::2026-07-22.14:15:31::SCWPlatform::Trying to set the existing hwdb with name design_1_wrapper_0
TRACE::2026-07-22.14:15:31::SCWPlatform::Opened existing hwdb design_1_wrapper_0
TRACE::2026-07-22.14:15:31::SCWPlatform::Found the Hw Db part of the input DSA
TRACE::2026-07-22.14:15:31::SCWMssOS::Checking the sw design at  /home/ran/Documents/uni/s10/asip_lab/vitis_ws/milestone2/zynq_fsbl/zynq_fsbl_bsp/system.mss
TRACE::2026-07-22.14:15:31::SCWMssOS::DEBUG:  swdes dump  /home/ran/Documents/uni/s10/asip_lab/vitis_ws/milestone2/zynq_fsbl/zynq_fsbl_bsp/system.mss|system||

TRACE::2026-07-22.14:15:31::SCWMssOS::Sw design exists and opened at  /home/ran/Documents/uni/s10/asip_lab/vitis_ws/milestone2/zynq_fsbl/zynq_fsbl_bsp/system.mss
TRACE::2026-07-22.14:15:31::SCWPlatform::Trying to open the hw design at /home/ran/Documents/uni/s10/asip_lab/vitis_ws/milestone2/hw/design_1_wrapper.xsa
TRACE::2026-07-22.14:15:31::SCWPlatform::DSA given /home/ran/Documents/uni/s10/asip_lab/vitis_ws/milestone2/hw/design_1_wrapper.xsa
TRACE::2026-07-22.14:15:31::SCWPlatform::DSA absoulate path /home/ran/Documents/uni/s10/asip_lab/vitis_ws/milestone2/hw/design_1_wrapper.xsa
TRACE::2026-07-22.14:15:31::SCWPlatform::DSA directory /home/ran/Documents/uni/s10/asip_lab/vitis_ws/milestone2/hw
TRACE::2026-07-22.14:15:31::SCWPlatform:: Platform Path /home/ran/Documents/uni/s10/asip_lab/vitis_ws/milestone2/hw/design_1_wrapper.xsa
TRACE::2026-07-22.14:15:31::SCWPlatform:: Unique name xilinx:::0.0
TRACE::2026-07-22.14:15:31::SCWPlatform::Trying to set the existing hwdb with name design_1_wrapper_0
TRACE::2026-07-22.14:15:31::SCWPlatform::Opened existing hwdb design_1_wrapper_0
TRACE::2026-07-22.14:15:31::SCWPlatform::Found the Hw Db part of the input DSA
TRACE::2026-07-22.14:15:31::SCWMssOS::Checking the sw design at  /home/ran/Documents/uni/s10/asip_lab/vitis_ws/milestone2/zynq_fsbl/zynq_fsbl_bsp/system.mss
TRACE::2026-07-22.14:15:31::SCWMssOS::DEBUG:  swdes dump  /home/ran/Documents/uni/s10/asip_lab/vitis_ws/milestone2/zynq_fsbl/zynq_fsbl_bsp/system.mss|system||

TRACE::2026-07-22.14:15:31::SCWMssOS::Sw design exists and opened at  /home/ran/Documents/uni/s10/asip_lab/vitis_ws/milestone2/zynq_fsbl/zynq_fsbl_bsp/system.mss
TRACE::2026-07-22.14:15:31::SCWWriter::formatted JSON is {
	"platformName":	"milestone2",
	"sprVersion":	"2.0",
	"mode":	"gui",
	"dsaType":	"Fixed",
	"platformDesc":	"milestone2",
	"platHandOff":	"/home/ran/Documents/uni/s10/asip_lab/final_project/design_1_wrapper.xsa",
	"platIntHandOff":	"<platformDir>/hw/design_1_wrapper.xsa",
	"deviceType":	"zynq",
	"platIsPrebuiltAutogen":	"false",
	"platIsNoBootBsp":	"false",
	"platFsblTarget":	"ps7_cortexa9_0",
	"hasFsblMakeHasChanges":	"false",
	"hasPmufwMakeHasChanges":	"false",
	"fsblExtraCompilerFlags":	"-MMD -MP       -mcpu=cortex-a9 -mfpu=vfpv3 -mfloat-abi=hard ",
	"platPreBuiltFlag":	false,
	"platformSamplesDir":	"",
	"platActiveSys":	"milestone2",
	"systems":	[{
			"systemName":	"milestone2",
			"systemDesc":	"milestone2",
			"sysIsBootAutoGen":	"true",
			"systemDispName":	"milestone2",
			"sysActiveDom":	"zynq_fsbl",
			"sysDefaultDom":	"",
			"domains":	[{
					"domainName":	"zynq_fsbl",
					"domainDispName":	"zynq_fsbl",
					"domainDesc":	"FSBL Application BSP - Auto Generated.",
					"processors":	"ps7_cortexa9_0",
					"os":	"standalone",
					"sdxOs":	"standalone",
					"debugEnable":	"",
					"domRuntimes":	["cpp"],
					"swRepo":	"",
					"mssOsVer":	"8.0",
					"mssFile":	"",
					"md5Digest":	"9529648be68af926e730746d2a8236a7",
					"compatibleApp":	"zynq_fsbl",
					"domType":	"bootDomain",
					"arch":	"32-bit",
					"appSettings":	{
						"appCompilerFlags":	"",
						"appLinkerFlags":	""
					},
					"addedLibs":	["xilffs:4.8", "xilrsa:1.6"],
					"libOptions":	{
						"libsContainingOptions":	[]
					},
					"prebuiltLibs":	{
						"prebuiltIncPath":	[],
						"prebuiltLibPath":	[]
					},
					"isolation":	{
					}
				}]
		}]
}
TRACE::2026-07-22.14:15:31::SCWPlatform::Trying to open the hw design at /home/ran/Documents/uni/s10/asip_lab/vitis_ws/milestone2/hw/design_1_wrapper.xsa
TRACE::2026-07-22.14:15:31::SCWPlatform::DSA given /home/ran/Documents/uni/s10/asip_lab/vitis_ws/milestone2/hw/design_1_wrapper.xsa
TRACE::2026-07-22.14:15:31::SCWPlatform::DSA absoulate path /home/ran/Documents/uni/s10/asip_lab/vitis_ws/milestone2/hw/design_1_wrapper.xsa
TRACE::2026-07-22.14:15:31::SCWPlatform::DSA directory /home/ran/Documents/uni/s10/asip_lab/vitis_ws/milestone2/hw
TRACE::2026-07-22.14:15:31::SCWPlatform:: Platform Path /home/ran/Documents/uni/s10/asip_lab/vitis_ws/milestone2/hw/design_1_wrapper.xsa
TRACE::2026-07-22.14:15:31::SCWPlatform:: Unique name xilinx:::0.0
TRACE::2026-07-22.14:15:31::SCWPlatform::Trying to set the existing hwdb with name design_1_wrapper_0
TRACE::2026-07-22.14:15:31::SCWPlatform::Opened existing hwdb design_1_wrapper_0
TRACE::2026-07-22.14:15:31::SCWPlatform::Found the Hw Db part of the input DSA
TRACE::2026-07-22.14:15:31::SCWPlatform::Trying to open the hw design at /home/ran/Documents/uni/s10/asip_lab/vitis_ws/milestone2/hw/design_1_wrapper.xsa
TRACE::2026-07-22.14:15:31::SCWPlatform::DSA given /home/ran/Documents/uni/s10/asip_lab/vitis_ws/milestone2/hw/design_1_wrapper.xsa
TRACE::2026-07-22.14:15:31::SCWPlatform::DSA absoulate path /home/ran/Documents/uni/s10/asip_lab/vitis_ws/milestone2/hw/design_1_wrapper.xsa
TRACE::2026-07-22.14:15:31::SCWPlatform::DSA directory /home/ran/Documents/uni/s10/asip_lab/vitis_ws/milestone2/hw
TRACE::2026-07-22.14:15:31::SCWPlatform:: Platform Path /home/ran/Documents/uni/s10/asip_lab/vitis_ws/milestone2/hw/design_1_wrapper.xsa
TRACE::2026-07-22.14:15:31::SCWPlatform:: Unique name xilinx:::0.0
TRACE::2026-07-22.14:15:31::SCWPlatform::Trying to set the existing hwdb with name design_1_wrapper_0
TRACE::2026-07-22.14:15:31::SCWPlatform::Opened existing hwdb design_1_wrapper_0
TRACE::2026-07-22.14:15:31::SCWPlatform::Found the Hw Db part of the input DSA
TRACE::2026-07-22.14:15:31::SCWDomain::checking for install qemu data   : 
TRACE::2026-07-22.14:15:31::SCWDomain:: Using the QEMU Data from install at  : /home/ran/bin/Xilinx/Vitis/2022.2/data/emulation/platforms/zynq/sw/a9_standalone/qemu/
TRACE::2026-07-22.14:15:31::SCWDomain:: Using the QEMU args  from install at  : /home/ran/bin/Xilinx/Vitis/2022.2/data/emulation/platforms/zynq/sw/a9_standalone/qemu/qemu_args.txt
TRACE::2026-07-22.14:15:31::SCWPlatform::Trying to open the hw design at /home/ran/Documents/uni/s10/asip_lab/vitis_ws/milestone2/hw/design_1_wrapper.xsa
TRACE::2026-07-22.14:15:31::SCWPlatform::DSA given /home/ran/Documents/uni/s10/asip_lab/vitis_ws/milestone2/hw/design_1_wrapper.xsa
TRACE::2026-07-22.14:15:31::SCWPlatform::DSA absoulate path /home/ran/Documents/uni/s10/asip_lab/vitis_ws/milestone2/hw/design_1_wrapper.xsa
TRACE::2026-07-22.14:15:31::SCWPlatform::DSA directory /home/ran/Documents/uni/s10/asip_lab/vitis_ws/milestone2/hw
TRACE::2026-07-22.14:15:31::SCWPlatform:: Platform Path /home/ran/Documents/uni/s10/asip_lab/vitis_ws/milestone2/hw/design_1_wrapper.xsa
TRACE::2026-07-22.14:15:31::SCWPlatform:: Unique name xilinx:::0.0
TRACE::2026-07-22.14:15:31::SCWPlatform::Trying to set the existing hwdb with name design_1_wrapper_0
TRACE::2026-07-22.14:15:31::SCWPlatform::Opened existing hwdb design_1_wrapper_0
TRACE::2026-07-22.14:15:31::SCWPlatform::Found the Hw Db part of the input DSA
TRACE::2026-07-22.14:15:31::SCWPlatform::Trying to open the hw design at /home/ran/Documents/uni/s10/asip_lab/vitis_ws/milestone2/hw/design_1_wrapper.xsa
TRACE::2026-07-22.14:15:31::SCWPlatform::DSA given /home/ran/Documents/uni/s10/asip_lab/vitis_ws/milestone2/hw/design_1_wrapper.xsa
TRACE::2026-07-22.14:15:31::SCWPlatform::DSA absoulate path /home/ran/Documents/uni/s10/asip_lab/vitis_ws/milestone2/hw/design_1_wrapper.xsa
TRACE::2026-07-22.14:15:31::SCWPlatform::DSA directory /home/ran/Documents/uni/s10/asip_lab/vitis_ws/milestone2/hw
TRACE::2026-07-22.14:15:31::SCWPlatform:: Platform Path /home/ran/Documents/uni/s10/asip_lab/vitis_ws/milestone2/hw/design_1_wrapper.xsa
TRACE::2026-07-22.14:15:31::SCWPlatform:: Unique name xilinx:::0.0
TRACE::2026-07-22.14:15:31::SCWPlatform::Trying to set the existing hwdb with name design_1_wrapper_0
TRACE::2026-07-22.14:15:31::SCWPlatform::Opened existing hwdb design_1_wrapper_0
TRACE::2026-07-22.14:15:31::SCWPlatform::Found the Hw Db part of the input DSA
TRACE::2026-07-22.14:15:31::SCWDomain::Qemu Directory name is changed from "" to "qemu"
TRACE::2026-07-22.14:15:31::SCWPlatform::Trying to open the hw design at /home/ran/Documents/uni/s10/asip_lab/vitis_ws/milestone2/hw/design_1_wrapper.xsa
TRACE::2026-07-22.14:15:31::SCWPlatform::DSA given /home/ran/Documents/uni/s10/asip_lab/vitis_ws/milestone2/hw/design_1_wrapper.xsa
TRACE::2026-07-22.14:15:31::SCWPlatform::DSA absoulate path /home/ran/Documents/uni/s10/asip_lab/vitis_ws/milestone2/hw/design_1_wrapper.xsa
TRACE::2026-07-22.14:15:31::SCWPlatform::DSA directory /home/ran/Documents/uni/s10/asip_lab/vitis_ws/milestone2/hw
TRACE::2026-07-22.14:15:31::SCWPlatform:: Platform Path /home/ran/Documents/uni/s10/asip_lab/vitis_ws/milestone2/hw/design_1_wrapper.xsa
TRACE::2026-07-22.14:15:31::SCWPlatform:: Unique name xilinx:::0.0
TRACE::2026-07-22.14:15:31::SCWPlatform::Trying to set the existing hwdb with name design_1_wrapper_0
TRACE::2026-07-22.14:15:31::SCWPlatform::Opened existing hwdb design_1_wrapper_0
TRACE::2026-07-22.14:15:31::SCWPlatform::Found the Hw Db part of the input DSA
TRACE::2026-07-22.14:15:31::SCWMssOS::Checking the sw design at  /home/ran/Documents/uni/s10/asip_lab/vitis_ws/milestone2/ps7_cortexa9_0/standalone_domain/bsp/system.mss
TRACE::2026-07-22.14:15:31::SCWMssOS::DEBUG:  swdes dump  /home/ran/Documents/uni/s10/asip_lab/vitis_ws/milestone2/zynq_fsbl/zynq_fsbl_bsp/system.mss|system||

TRACE::2026-07-22.14:15:31::SCWMssOS::No sw design opened at  /home/ran/Documents/uni/s10/asip_lab/vitis_ws/milestone2/ps7_cortexa9_0/standalone_domain/bsp/system.mss
TRACE::2026-07-22.14:15:31::SCWMssOS::mss does not exists at /home/ran/Documents/uni/s10/asip_lab/vitis_ws/milestone2/ps7_cortexa9_0/standalone_domain/bsp/system.mss
TRACE::2026-07-22.14:15:31::SCWMssOS::Creating sw design at  /home/ran/Documents/uni/s10/asip_lab/vitis_ws/milestone2/ps7_cortexa9_0/standalone_domain/bsp/system.mss
TRACE::2026-07-22.14:15:31::SCWMssOS::Adding the swdes entry, created swdb /home/ran/Documents/uni/s10/asip_lab/vitis_ws/milestone2/ps7_cortexa9_0/standalone_domain/bsp/system.mss with des name /home/ran/Documents/uni/s10/asip_lab/vitis_ws/milestone2/ps7_cortexa9_0/standalone_domain/bsp/system.mss
TRACE::2026-07-22.14:15:31::SCWMssOS::updating the scw layer changes to swdes at   /home/ran/Documents/uni/s10/asip_lab/vitis_ws/milestone2/ps7_cortexa9_0/standalone_domain/bsp/system.mss
TRACE::2026-07-22.14:15:31::SCWMssOS::Writing mss at /home/ran/Documents/uni/s10/asip_lab/vitis_ws/milestone2/ps7_cortexa9_0/standalone_domain/bsp/system.mss
TRACE::2026-07-22.14:15:31::SCWMssOS::Completed writing the mss file at /home/ran/Documents/uni/s10/asip_lab/vitis_ws/milestone2/ps7_cortexa9_0/standalone_domain/bsp
TRACE::2026-07-22.14:15:31::SCWMssOS::Picking up changes from newly written mss file into SCW Layer. 
TRACE::2026-07-22.14:15:31::SCWMssOS::Updated the changes from newly written mss file into SCW Layer. 
TRACE::2026-07-22.14:15:31::SCWMssOS::Completed writing the mss file at /home/ran/Documents/uni/s10/asip_lab/vitis_ws/milestone2/ps7_cortexa9_0/standalone_domain/bsp
TRACE::2026-07-22.14:15:31::SCWMssOS::Forcing BSP Sources regeneration.
TRACE::2026-07-22.14:15:31::SCWMssOS::Saving the mss changes /home/ran/Documents/uni/s10/asip_lab/vitis_ws/milestone2/zynq_fsbl/zynq_fsbl_bsp/system.mss
TRACE::2026-07-22.14:15:31::SCWMssOS::Found a swdesign opened with the mssfile.
TRACE::2026-07-22.14:15:31::SCWMssOS::Completed writemss as part of save.
TRACE::2026-07-22.14:15:31::SCWMssOS::Commit changes completed.
TRACE::2026-07-22.14:15:31::SCWMssOS::Saving the mss changes /home/ran/Documents/uni/s10/asip_lab/vitis_ws/milestone2/ps7_cortexa9_0/standalone_domain/bsp/system.mss
TRACE::2026-07-22.14:15:31::SCWMssOS::Adding the swdes entry, mss present, able to open swdb /home/ran/Documents/uni/s10/asip_lab/vitis_ws/milestone2/ps7_cortexa9_0/standalone_domain/bsp/system.mss with des name system_0
TRACE::2026-07-22.14:15:31::SCWMssOS::Writing the mss file completed /home/ran/Documents/uni/s10/asip_lab/vitis_ws/milestone2/ps7_cortexa9_0/standalone_domain/bsp/system.mss
TRACE::2026-07-22.14:15:31::SCWMssOS::Commit changes completed.
TRACE::2026-07-22.14:15:31::SCWPlatform::Trying to open the hw design at /home/ran/Documents/uni/s10/asip_lab/vitis_ws/milestone2/hw/design_1_wrapper.xsa
TRACE::2026-07-22.14:15:31::SCWPlatform::DSA given /home/ran/Documents/uni/s10/asip_lab/vitis_ws/milestone2/hw/design_1_wrapper.xsa
TRACE::2026-07-22.14:15:31::SCWPlatform::DSA absoulate path /home/ran/Documents/uni/s10/asip_lab/vitis_ws/milestone2/hw/design_1_wrapper.xsa
TRACE::2026-07-22.14:15:31::SCWPlatform::DSA directory /home/ran/Documents/uni/s10/asip_lab/vitis_ws/milestone2/hw
TRACE::2026-07-22.14:15:31::SCWPlatform:: Platform Path /home/ran/Documents/uni/s10/asip_lab/vitis_ws/milestone2/hw/design_1_wrapper.xsa
TRACE::2026-07-22.14:15:31::SCWPlatform:: Unique name xilinx:::0.0
TRACE::2026-07-22.14:15:31::SCWPlatform::Trying to set the existing hwdb with name design_1_wrapper_0
TRACE::2026-07-22.14:15:31::SCWPlatform::Opened existing hwdb design_1_wrapper_0
TRACE::2026-07-22.14:15:31::SCWPlatform::Found the Hw Db part of the input DSA
TRACE::2026-07-22.14:15:31::SCWMssOS::Checking the sw design at  /home/ran/Documents/uni/s10/asip_lab/vitis_ws/milestone2/zynq_fsbl/zynq_fsbl_bsp/system.mss
TRACE::2026-07-22.14:15:31::SCWMssOS::DEBUG:  swdes dump  /home/ran/Documents/uni/s10/asip_lab/vitis_ws/milestone2/ps7_cortexa9_0/standalone_domain/bsp/system.mss|system_0||
/home/ran/Documents/uni/s10/asip_lab/vitis_ws/milestone2/zynq_fsbl/zynq_fsbl_bsp/system.mss|system||

TRACE::2026-07-22.14:15:31::SCWMssOS::Sw design exists and opened at  /home/ran/Documents/uni/s10/asip_lab/vitis_ws/milestone2/zynq_fsbl/zynq_fsbl_bsp/system.mss
TRACE::2026-07-22.14:15:31::SCWPlatform::Trying to open the hw design at /home/ran/Documents/uni/s10/asip_lab/vitis_ws/milestone2/hw/design_1_wrapper.xsa
TRACE::2026-07-22.14:15:31::SCWPlatform::DSA given /home/ran/Documents/uni/s10/asip_lab/vitis_ws/milestone2/hw/design_1_wrapper.xsa
TRACE::2026-07-22.14:15:31::SCWPlatform::DSA absoulate path /home/ran/Documents/uni/s10/asip_lab/vitis_ws/milestone2/hw/design_1_wrapper.xsa
TRACE::2026-07-22.14:15:31::SCWPlatform::DSA directory /home/ran/Documents/uni/s10/asip_lab/vitis_ws/milestone2/hw
TRACE::2026-07-22.14:15:31::SCWPlatform:: Platform Path /home/ran/Documents/uni/s10/asip_lab/vitis_ws/milestone2/hw/design_1_wrapper.xsa
TRACE::2026-07-22.14:15:31::SCWPlatform:: Unique name xilinx:::0.0
TRACE::2026-07-22.14:15:31::SCWPlatform::Trying to set the existing hwdb with name design_1_wrapper_0
TRACE::2026-07-22.14:15:31::SCWPlatform::Opened existing hwdb design_1_wrapper_0
TRACE::2026-07-22.14:15:31::SCWPlatform::Found the Hw Db part of the input DSA
TRACE::2026-07-22.14:15:31::SCWMssOS::Checking the sw design at  /home/ran/Documents/uni/s10/asip_lab/vitis_ws/milestone2/zynq_fsbl/zynq_fsbl_bsp/system.mss
TRACE::2026-07-22.14:15:31::SCWMssOS::DEBUG:  swdes dump  /home/ran/Documents/uni/s10/asip_lab/vitis_ws/milestone2/ps7_cortexa9_0/standalone_domain/bsp/system.mss|system_0||
/home/ran/Documents/uni/s10/asip_lab/vitis_ws/milestone2/zynq_fsbl/zynq_fsbl_bsp/system.mss|system||

TRACE::2026-07-22.14:15:31::SCWMssOS::Sw design exists and opened at  /home/ran/Documents/uni/s10/asip_lab/vitis_ws/milestone2/zynq_fsbl/zynq_fsbl_bsp/system.mss
TRACE::2026-07-22.14:15:31::SCWPlatform::Trying to open the hw design at /home/ran/Documents/uni/s10/asip_lab/vitis_ws/milestone2/hw/design_1_wrapper.xsa
TRACE::2026-07-22.14:15:31::SCWPlatform::DSA given /home/ran/Documents/uni/s10/asip_lab/vitis_ws/milestone2/hw/design_1_wrapper.xsa
TRACE::2026-07-22.14:15:31::SCWPlatform::DSA absoulate path /home/ran/Documents/uni/s10/asip_lab/vitis_ws/milestone2/hw/design_1_wrapper.xsa
TRACE::2026-07-22.14:15:31::SCWPlatform::DSA directory /home/ran/Documents/uni/s10/asip_lab/vitis_ws/milestone2/hw
TRACE::2026-07-22.14:15:31::SCWPlatform:: Platform Path /home/ran/Documents/uni/s10/asip_lab/vitis_ws/milestone2/hw/design_1_wrapper.xsa
TRACE::2026-07-22.14:15:31::SCWPlatform:: Unique name xilinx:::0.0
TRACE::2026-07-22.14:15:31::SCWPlatform::Trying to set the existing hwdb with name design_1_wrapper_0
TRACE::2026-07-22.14:15:31::SCWPlatform::Opened existing hwdb design_1_wrapper_0
TRACE::2026-07-22.14:15:31::SCWPlatform::Found the Hw Db part of the input DSA
TRACE::2026-07-22.14:15:31::SCWMssOS::Checking the sw design at  /home/ran/Documents/uni/s10/asip_lab/vitis_ws/milestone2/zynq_fsbl/zynq_fsbl_bsp/system.mss
TRACE::2026-07-22.14:15:31::SCWMssOS::DEBUG:  swdes dump  /home/ran/Documents/uni/s10/asip_lab/vitis_ws/milestone2/ps7_cortexa9_0/standalone_domain/bsp/system.mss|system_0||
/home/ran/Documents/uni/s10/asip_lab/vitis_ws/milestone2/zynq_fsbl/zynq_fsbl_bsp/system.mss|system||

TRACE::2026-07-22.14:15:31::SCWMssOS::Sw design exists and opened at  /home/ran/Documents/uni/s10/asip_lab/vitis_ws/milestone2/zynq_fsbl/zynq_fsbl_bsp/system.mss
TRACE::2026-07-22.14:15:31::SCWPlatform::Trying to open the hw design at /home/ran/Documents/uni/s10/asip_lab/vitis_ws/milestone2/hw/design_1_wrapper.xsa
TRACE::2026-07-22.14:15:31::SCWPlatform::DSA given /home/ran/Documents/uni/s10/asip_lab/vitis_ws/milestone2/hw/design_1_wrapper.xsa
TRACE::2026-07-22.14:15:31::SCWPlatform::DSA absoulate path /home/ran/Documents/uni/s10/asip_lab/vitis_ws/milestone2/hw/design_1_wrapper.xsa
TRACE::2026-07-22.14:15:31::SCWPlatform::DSA directory /home/ran/Documents/uni/s10/asip_lab/vitis_ws/milestone2/hw
TRACE::2026-07-22.14:15:31::SCWPlatform:: Platform Path /home/ran/Documents/uni/s10/asip_lab/vitis_ws/milestone2/hw/design_1_wrapper.xsa
TRACE::2026-07-22.14:15:31::SCWPlatform:: Unique name xilinx:::0.0
TRACE::2026-07-22.14:15:31::SCWPlatform::Trying to set the existing hwdb with name design_1_wrapper_0
TRACE::2026-07-22.14:15:31::SCWPlatform::Opened existing hwdb design_1_wrapper_0
TRACE::2026-07-22.14:15:31::SCWPlatform::Found the Hw Db part of the input DSA
TRACE::2026-07-22.14:15:31::SCWMssOS::Checking the sw design at  /home/ran/Documents/uni/s10/asip_lab/vitis_ws/milestone2/ps7_cortexa9_0/standalone_domain/bsp/system.mss
TRACE::2026-07-22.14:15:31::SCWMssOS::DEBUG:  swdes dump  /home/ran/Documents/uni/s10/asip_lab/vitis_ws/milestone2/ps7_cortexa9_0/standalone_domain/bsp/system.mss|system_0||
/home/ran/Documents/uni/s10/asip_lab/vitis_ws/milestone2/zynq_fsbl/zynq_fsbl_bsp/system.mss|system||

TRACE::2026-07-22.14:15:31::SCWMssOS::Sw design exists and opened at  /home/ran/Documents/uni/s10/asip_lab/vitis_ws/milestone2/ps7_cortexa9_0/standalone_domain/bsp/system.mss
TRACE::2026-07-22.14:15:31::SCWPlatform::Trying to open the hw design at /home/ran/Documents/uni/s10/asip_lab/vitis_ws/milestone2/hw/design_1_wrapper.xsa
TRACE::2026-07-22.14:15:31::SCWPlatform::DSA given /home/ran/Documents/uni/s10/asip_lab/vitis_ws/milestone2/hw/design_1_wrapper.xsa
TRACE::2026-07-22.14:15:31::SCWPlatform::DSA absoulate path /home/ran/Documents/uni/s10/asip_lab/vitis_ws/milestone2/hw/design_1_wrapper.xsa
TRACE::2026-07-22.14:15:31::SCWPlatform::DSA directory /home/ran/Documents/uni/s10/asip_lab/vitis_ws/milestone2/hw
TRACE::2026-07-22.14:15:31::SCWPlatform:: Platform Path /home/ran/Documents/uni/s10/asip_lab/vitis_ws/milestone2/hw/design_1_wrapper.xsa
TRACE::2026-07-22.14:15:31::SCWPlatform:: Unique name xilinx:::0.0
TRACE::2026-07-22.14:15:31::SCWPlatform::Trying to set the existing hwdb with name design_1_wrapper_0
TRACE::2026-07-22.14:15:31::SCWPlatform::Opened existing hwdb design_1_wrapper_0
TRACE::2026-07-22.14:15:31::SCWPlatform::Found the Hw Db part of the input DSA
TRACE::2026-07-22.14:15:31::SCWMssOS::Checking the sw design at  /home/ran/Documents/uni/s10/asip_lab/vitis_ws/milestone2/ps7_cortexa9_0/standalone_domain/bsp/system.mss
TRACE::2026-07-22.14:15:31::SCWMssOS::DEBUG:  swdes dump  /home/ran/Documents/uni/s10/asip_lab/vitis_ws/milestone2/ps7_cortexa9_0/standalone_domain/bsp/system.mss|system_0||
/home/ran/Documents/uni/s10/asip_lab/vitis_ws/milestone2/zynq_fsbl/zynq_fsbl_bsp/system.mss|system||

TRACE::2026-07-22.14:15:31::SCWMssOS::Sw design exists and opened at  /home/ran/Documents/uni/s10/asip_lab/vitis_ws/milestone2/ps7_cortexa9_0/standalone_domain/bsp/system.mss
TRACE::2026-07-22.14:15:31::SCWPlatform::Trying to open the hw design at /home/ran/Documents/uni/s10/asip_lab/vitis_ws/milestone2/hw/design_1_wrapper.xsa
TRACE::2026-07-22.14:15:31::SCWPlatform::DSA given /home/ran/Documents/uni/s10/asip_lab/vitis_ws/milestone2/hw/design_1_wrapper.xsa
TRACE::2026-07-22.14:15:31::SCWPlatform::DSA absoulate path /home/ran/Documents/uni/s10/asip_lab/vitis_ws/milestone2/hw/design_1_wrapper.xsa
TRACE::2026-07-22.14:15:31::SCWPlatform::DSA directory /home/ran/Documents/uni/s10/asip_lab/vitis_ws/milestone2/hw
TRACE::2026-07-22.14:15:31::SCWPlatform:: Platform Path /home/ran/Documents/uni/s10/asip_lab/vitis_ws/milestone2/hw/design_1_wrapper.xsa
TRACE::2026-07-22.14:15:31::SCWPlatform:: Unique name xilinx:::0.0
TRACE::2026-07-22.14:15:31::SCWPlatform::Trying to set the existing hwdb with name design_1_wrapper_0
TRACE::2026-07-22.14:15:31::SCWPlatform::Opened existing hwdb design_1_wrapper_0
TRACE::2026-07-22.14:15:31::SCWPlatform::Found the Hw Db part of the input DSA
TRACE::2026-07-22.14:15:31::SCWMssOS::Checking the sw design at  /home/ran/Documents/uni/s10/asip_lab/vitis_ws/milestone2/ps7_cortexa9_0/standalone_domain/bsp/system.mss
TRACE::2026-07-22.14:15:31::SCWMssOS::DEBUG:  swdes dump  /home/ran/Documents/uni/s10/asip_lab/vitis_ws/milestone2/ps7_cortexa9_0/standalone_domain/bsp/system.mss|system_0||
/home/ran/Documents/uni/s10/asip_lab/vitis_ws/milestone2/zynq_fsbl/zynq_fsbl_bsp/system.mss|system||

TRACE::2026-07-22.14:15:31::SCWMssOS::Sw design exists and opened at  /home/ran/Documents/uni/s10/asip_lab/vitis_ws/milestone2/ps7_cortexa9_0/standalone_domain/bsp/system.mss
TRACE::2026-07-22.14:15:31::SCWWriter::formatted JSON is {
	"platformName":	"milestone2",
	"sprVersion":	"2.0",
	"mode":	"gui",
	"dsaType":	"Fixed",
	"platformDesc":	"milestone2",
	"platHandOff":	"/home/ran/Documents/uni/s10/asip_lab/final_project/design_1_wrapper.xsa",
	"platIntHandOff":	"<platformDir>/hw/design_1_wrapper.xsa",
	"deviceType":	"zynq",
	"platIsPrebuiltAutogen":	"false",
	"platIsNoBootBsp":	"false",
	"platFsblTarget":	"ps7_cortexa9_0",
	"hasFsblMakeHasChanges":	"false",
	"hasPmufwMakeHasChanges":	"false",
	"fsblExtraCompilerFlags":	"-MMD -MP       -mcpu=cortex-a9 -mfpu=vfpv3 -mfloat-abi=hard ",
	"platPreBuiltFlag":	false,
	"platformSamplesDir":	"",
	"platActiveSys":	"milestone2",
	"systems":	[{
			"systemName":	"milestone2",
			"systemDesc":	"milestone2",
			"sysIsBootAutoGen":	"true",
			"systemDispName":	"milestone2",
			"sysActiveDom":	"standalone_domain",
			"sysDefaultDom":	"standalone_domain",
			"domains":	[{
					"domainName":	"zynq_fsbl",
					"domainDispName":	"zynq_fsbl",
					"domainDesc":	"FSBL Application BSP - Auto Generated.",
					"processors":	"ps7_cortexa9_0",
					"os":	"standalone",
					"sdxOs":	"standalone",
					"debugEnable":	"",
					"domRuntimes":	["cpp"],
					"swRepo":	"",
					"mssOsVer":	"8.0",
					"mssFile":	"",
					"md5Digest":	"9529648be68af926e730746d2a8236a7",
					"compatibleApp":	"zynq_fsbl",
					"domType":	"bootDomain",
					"arch":	"32-bit",
					"appSettings":	{
						"appCompilerFlags":	"",
						"appLinkerFlags":	""
					},
					"addedLibs":	["xilffs:4.8", "xilrsa:1.6"],
					"libOptions":	{
						"libsContainingOptions":	[]
					},
					"prebuiltLibs":	{
						"prebuiltIncPath":	[],
						"prebuiltLibPath":	[]
					},
					"isolation":	{
					}
				}, {
					"domainName":	"standalone_domain",
					"domainDispName":	"standalone_domain",
					"domainDesc":	"standalone_domain",
					"processors":	"ps7_cortexa9_0",
					"os":	"standalone",
					"sdxOs":	"standalone",
					"qemuArgs":	"<platformDir>/resources/milestone2/standalone_domain/qemu_args.txt",
					"qemuData":	"<platformDir>/resources/milestone2/standalone_domain/qemu",
					"debugEnable":	"False",
					"domRuntimes":	["cpp"],
					"swRepo":	"",
					"mssOsVer":	"8.0",
					"mssFile":	"",
					"md5Digest":	"ddd5550a82d88e2be420b475a704e9c9",
					"compatibleApp":	"",
					"domType":	"mssDomain",
					"appSettings":	{
						"appCompilerFlags":	"",
						"appLinkerFlags":	""
					},
					"addedLibs":	[],
					"libOptions":	{
						"libsContainingOptions":	[]
					},
					"prebuiltLibs":	{
						"prebuiltIncPath":	[],
						"prebuiltLibPath":	[]
					},
					"isolation":	{
					}
				}]
		}]
}
LOG::2026-07-22.14:15:31::SCWPlatform::Started generating the artifacts platform milestone2
TRACE::2026-07-22.14:15:31::SCWPlatform::Sanity checking of platform is completed
LOG::2026-07-22.14:15:31::SCWPlatform::Started generating the artifacts for system configuration milestone2
LOG::2026-07-22.14:15:31::SCWSystem::Checking the domain zynq_fsbl
LOG::2026-07-22.14:15:31::SCWSystem::Doing application build for :  zynq_fsbl
TRACE::2026-07-22.14:15:31::SCWBDomain::Not a forced makefile updation, No changes are present. 
TRACE::2026-07-22.14:15:31::SCWDomain::Skipping the build for domain :  zynq_fsbl
LOG::2026-07-22.14:15:31::SCWSystem::Checking the domain standalone_domain
LOG::2026-07-22.14:15:31::SCWSystem::Not a boot domain 
LOG::2026-07-22.14:15:31::SCWSystem::Started Processing the domain standalone_domain
TRACE::2026-07-22.14:15:31::SCWDomain::Generating domain artifcats
TRACE::2026-07-22.14:15:31::SCWMssOS::Generating standalone artifcats
TRACE::2026-07-22.14:15:31::SCWMssOS::Copying the qemu file from  /home/ran/Documents/uni/s10/asip_lab/vitis_ws/milestone2/resources/milestone2/standalone_domain/qemu_args.txt To /home/ran/Documents/uni/s10/asip_lab/vitis_ws/milestone2/export/milestone2/sw/milestone2/qemu/
TRACE::2026-07-22.14:15:31::SCWMssOS::Copying the qemu file from  /home/ran/Documents/uni/s10/asip_lab/vitis_ws/milestone2/resources/milestone2/standalone_domain/qemu_args.txt To /home/ran/Documents/uni/s10/asip_lab/vitis_ws/milestone2/export/milestone2/sw/milestone2/standalone_domain/qemu/
TRACE::2026-07-22.14:15:31::SCWMssOS:: Copying the user libraries. 
TRACE::2026-07-22.14:15:31::SCWPlatform::Trying to open the hw design at /home/ran/Documents/uni/s10/asip_lab/vitis_ws/milestone2/hw/design_1_wrapper.xsa
TRACE::2026-07-22.14:15:31::SCWPlatform::DSA given /home/ran/Documents/uni/s10/asip_lab/vitis_ws/milestone2/hw/design_1_wrapper.xsa
TRACE::2026-07-22.14:15:31::SCWPlatform::DSA absoulate path /home/ran/Documents/uni/s10/asip_lab/vitis_ws/milestone2/hw/design_1_wrapper.xsa
TRACE::2026-07-22.14:15:31::SCWPlatform::DSA directory /home/ran/Documents/uni/s10/asip_lab/vitis_ws/milestone2/hw
TRACE::2026-07-22.14:15:31::SCWPlatform:: Platform Path /home/ran/Documents/uni/s10/asip_lab/vitis_ws/milestone2/hw/design_1_wrapper.xsa
TRACE::2026-07-22.14:15:31::SCWPlatform:: Unique name xilinx:::0.0
TRACE::2026-07-22.14:15:31::SCWPlatform::Trying to set the existing hwdb with name design_1_wrapper_0
TRACE::2026-07-22.14:15:31::SCWPlatform::Opened existing hwdb design_1_wrapper_0
TRACE::2026-07-22.14:15:31::SCWPlatform::Found the Hw Db part of the input DSA
TRACE::2026-07-22.14:15:31::SCWMssOS::Checking the sw design at  /home/ran/Documents/uni/s10/asip_lab/vitis_ws/milestone2/ps7_cortexa9_0/standalone_domain/bsp/system.mss
TRACE::2026-07-22.14:15:31::SCWMssOS::DEBUG:  swdes dump  /home/ran/Documents/uni/s10/asip_lab/vitis_ws/milestone2/ps7_cortexa9_0/standalone_domain/bsp/system.mss|system_0||
/home/ran/Documents/uni/s10/asip_lab/vitis_ws/milestone2/zynq_fsbl/zynq_fsbl_bsp/system.mss|system||

TRACE::2026-07-22.14:15:31::SCWMssOS::Sw design exists and opened at  /home/ran/Documents/uni/s10/asip_lab/vitis_ws/milestone2/ps7_cortexa9_0/standalone_domain/bsp/system.mss
TRACE::2026-07-22.14:15:31::SCWMssOS::Completed writing the mss file at /home/ran/Documents/uni/s10/asip_lab/vitis_ws/milestone2/ps7_cortexa9_0/standalone_domain/bsp
TRACE::2026-07-22.14:15:31::SCWMssOS::Mss edits present, copying mssfile into export location /home/ran/Documents/uni/s10/asip_lab/vitis_ws/milestone2/ps7_cortexa9_0/standalone_domain/bsp/system.mss
TRACE::2026-07-22.14:15:31::SCWMssOS::bsp generated is upto date with the mss file. Skipping bsp generation.
TRACE::2026-07-22.14:15:31::SCWMssOS::BSP is already built. skipping the bsp build ... 
TRACE::2026-07-22.14:15:31::SCWDomain::Skipping the build for domain :  standalone_domain
TRACE::2026-07-22.14:15:31::SCWMssOS::skipping the bsp build ... 
TRACE::2026-07-22.14:15:31::SCWMssOS::Copying to export directory.
TRACE::2026-07-22.14:15:31::SCWMssOS:: Checking if to create the Supporting Applications
TRACE::2026-07-22.14:15:31::SCWMssOS:: No Linux domain exists, trying to generate FSBL 
TRACE::2026-07-22.14:15:31::SCWMssOS:: Completed Standalone Artifacts creation 
LOG::2026-07-22.14:15:31::SCWSystem::Completed Processing the domain standalone_domain
LOG::2026-07-22.14:15:31::SCWSystem::Completed Processing the sysconfig milestone2
LOG::2026-07-22.14:15:31::SCWPlatform::Completed generating the artifacts for system configuration milestone2
TRACE::2026-07-22.14:15:31::SCWPlatform::Started preparing the platform 
TRACE::2026-07-22.14:15:31::SCWSystem::Writing the bif file for system config milestone2
TRACE::2026-07-22.14:15:31::SCWSystem::dir created 
TRACE::2026-07-22.14:15:31::SCWSystem::Writing the bif 
TRACE::2026-07-22.14:15:31::SCWPlatform::Started writing the spfm file 
TRACE::2026-07-22.14:15:31::SCWPlatform::Started writing the xpfm file 
TRACE::2026-07-22.14:15:31::SCWPlatform::Completed generating the platform
TRACE::2026-07-22.14:15:31::SCWMssOS::Saving the mss changes /home/ran/Documents/uni/s10/asip_lab/vitis_ws/milestone2/zynq_fsbl/zynq_fsbl_bsp/system.mss
TRACE::2026-07-22.14:15:31::SCWMssOS::Found a swdesign opened with the mssfile.
TRACE::2026-07-22.14:15:31::SCWMssOS::Completed writemss as part of save.
TRACE::2026-07-22.14:15:31::SCWMssOS::Commit changes completed.
TRACE::2026-07-22.14:15:31::SCWMssOS::Saving the mss changes /home/ran/Documents/uni/s10/asip_lab/vitis_ws/milestone2/ps7_cortexa9_0/standalone_domain/bsp/system.mss
TRACE::2026-07-22.14:15:31::SCWMssOS::Found a swdesign opened with the mssfile.
TRACE::2026-07-22.14:15:31::SCWMssOS::Completed writemss as part of save.
TRACE::2026-07-22.14:15:31::SCWMssOS::Commit changes completed.
TRACE::2026-07-22.14:15:31::SCWPlatform::Trying to open the hw design at /home/ran/Documents/uni/s10/asip_lab/vitis_ws/milestone2/hw/design_1_wrapper.xsa
TRACE::2026-07-22.14:15:31::SCWPlatform::DSA given /home/ran/Documents/uni/s10/asip_lab/vitis_ws/milestone2/hw/design_1_wrapper.xsa
TRACE::2026-07-22.14:15:31::SCWPlatform::DSA absoulate path /home/ran/Documents/uni/s10/asip_lab/vitis_ws/milestone2/hw/design_1_wrapper.xsa
TRACE::2026-07-22.14:15:31::SCWPlatform::DSA directory /home/ran/Documents/uni/s10/asip_lab/vitis_ws/milestone2/hw
TRACE::2026-07-22.14:15:31::SCWPlatform:: Platform Path /home/ran/Documents/uni/s10/asip_lab/vitis_ws/milestone2/hw/design_1_wrapper.xsa
TRACE::2026-07-22.14:15:31::SCWPlatform:: Unique name xilinx:::0.0
TRACE::2026-07-22.14:15:31::SCWPlatform::Trying to set the existing hwdb with name design_1_wrapper_0
TRACE::2026-07-22.14:15:31::SCWPlatform::Opened existing hwdb design_1_wrapper_0
TRACE::2026-07-22.14:15:31::SCWPlatform::Found the Hw Db part of the input DSA
TRACE::2026-07-22.14:15:31::SCWMssOS::Checking the sw design at  /home/ran/Documents/uni/s10/asip_lab/vitis_ws/milestone2/zynq_fsbl/zynq_fsbl_bsp/system.mss
TRACE::2026-07-22.14:15:31::SCWMssOS::DEBUG:  swdes dump  /home/ran/Documents/uni/s10/asip_lab/vitis_ws/milestone2/ps7_cortexa9_0/standalone_domain/bsp/system.mss|system_0||
/home/ran/Documents/uni/s10/asip_lab/vitis_ws/milestone2/zynq_fsbl/zynq_fsbl_bsp/system.mss|system||

TRACE::2026-07-22.14:15:31::SCWMssOS::Sw design exists and opened at  /home/ran/Documents/uni/s10/asip_lab/vitis_ws/milestone2/zynq_fsbl/zynq_fsbl_bsp/system.mss
TRACE::2026-07-22.14:15:31::SCWPlatform::Trying to open the hw design at /home/ran/Documents/uni/s10/asip_lab/vitis_ws/milestone2/hw/design_1_wrapper.xsa
TRACE::2026-07-22.14:15:31::SCWPlatform::DSA given /home/ran/Documents/uni/s10/asip_lab/vitis_ws/milestone2/hw/design_1_wrapper.xsa
TRACE::2026-07-22.14:15:31::SCWPlatform::DSA absoulate path /home/ran/Documents/uni/s10/asip_lab/vitis_ws/milestone2/hw/design_1_wrapper.xsa
TRACE::2026-07-22.14:15:31::SCWPlatform::DSA directory /home/ran/Documents/uni/s10/asip_lab/vitis_ws/milestone2/hw
TRACE::2026-07-22.14:15:31::SCWPlatform:: Platform Path /home/ran/Documents/uni/s10/asip_lab/vitis_ws/milestone2/hw/design_1_wrapper.xsa
TRACE::2026-07-22.14:15:31::SCWPlatform:: Unique name xilinx:::0.0
TRACE::2026-07-22.14:15:31::SCWPlatform::Trying to set the existing hwdb with name design_1_wrapper_0
TRACE::2026-07-22.14:15:31::SCWPlatform::Opened existing hwdb design_1_wrapper_0
TRACE::2026-07-22.14:15:31::SCWPlatform::Found the Hw Db part of the input DSA
TRACE::2026-07-22.14:15:31::SCWMssOS::Checking the sw design at  /home/ran/Documents/uni/s10/asip_lab/vitis_ws/milestone2/zynq_fsbl/zynq_fsbl_bsp/system.mss
TRACE::2026-07-22.14:15:31::SCWMssOS::DEBUG:  swdes dump  /home/ran/Documents/uni/s10/asip_lab/vitis_ws/milestone2/ps7_cortexa9_0/standalone_domain/bsp/system.mss|system_0||
/home/ran/Documents/uni/s10/asip_lab/vitis_ws/milestone2/zynq_fsbl/zynq_fsbl_bsp/system.mss|system||

TRACE::2026-07-22.14:15:31::SCWMssOS::Sw design exists and opened at  /home/ran/Documents/uni/s10/asip_lab/vitis_ws/milestone2/zynq_fsbl/zynq_fsbl_bsp/system.mss
TRACE::2026-07-22.14:15:31::SCWPlatform::Trying to open the hw design at /home/ran/Documents/uni/s10/asip_lab/vitis_ws/milestone2/hw/design_1_wrapper.xsa
TRACE::2026-07-22.14:15:31::SCWPlatform::DSA given /home/ran/Documents/uni/s10/asip_lab/vitis_ws/milestone2/hw/design_1_wrapper.xsa
TRACE::2026-07-22.14:15:31::SCWPlatform::DSA absoulate path /home/ran/Documents/uni/s10/asip_lab/vitis_ws/milestone2/hw/design_1_wrapper.xsa
TRACE::2026-07-22.14:15:31::SCWPlatform::DSA directory /home/ran/Documents/uni/s10/asip_lab/vitis_ws/milestone2/hw
TRACE::2026-07-22.14:15:31::SCWPlatform:: Platform Path /home/ran/Documents/uni/s10/asip_lab/vitis_ws/milestone2/hw/design_1_wrapper.xsa
TRACE::2026-07-22.14:15:31::SCWPlatform:: Unique name xilinx:::0.0
TRACE::2026-07-22.14:15:31::SCWPlatform::Trying to set the existing hwdb with name design_1_wrapper_0
TRACE::2026-07-22.14:15:31::SCWPlatform::Opened existing hwdb design_1_wrapper_0
TRACE::2026-07-22.14:15:31::SCWPlatform::Found the Hw Db part of the input DSA
TRACE::2026-07-22.14:15:31::SCWMssOS::Checking the sw design at  /home/ran/Documents/uni/s10/asip_lab/vitis_ws/milestone2/zynq_fsbl/zynq_fsbl_bsp/system.mss
TRACE::2026-07-22.14:15:31::SCWMssOS::DEBUG:  swdes dump  /home/ran/Documents/uni/s10/asip_lab/vitis_ws/milestone2/ps7_cortexa9_0/standalone_domain/bsp/system.mss|system_0||
/home/ran/Documents/uni/s10/asip_lab/vitis_ws/milestone2/zynq_fsbl/zynq_fsbl_bsp/system.mss|system||

TRACE::2026-07-22.14:15:31::SCWMssOS::Sw design exists and opened at  /home/ran/Documents/uni/s10/asip_lab/vitis_ws/milestone2/zynq_fsbl/zynq_fsbl_bsp/system.mss
TRACE::2026-07-22.14:15:31::SCWPlatform::Trying to open the hw design at /home/ran/Documents/uni/s10/asip_lab/vitis_ws/milestone2/hw/design_1_wrapper.xsa
TRACE::2026-07-22.14:15:31::SCWPlatform::DSA given /home/ran/Documents/uni/s10/asip_lab/vitis_ws/milestone2/hw/design_1_wrapper.xsa
TRACE::2026-07-22.14:15:31::SCWPlatform::DSA absoulate path /home/ran/Documents/uni/s10/asip_lab/vitis_ws/milestone2/hw/design_1_wrapper.xsa
TRACE::2026-07-22.14:15:31::SCWPlatform::DSA directory /home/ran/Documents/uni/s10/asip_lab/vitis_ws/milestone2/hw
TRACE::2026-07-22.14:15:31::SCWPlatform:: Platform Path /home/ran/Documents/uni/s10/asip_lab/vitis_ws/milestone2/hw/design_1_wrapper.xsa
TRACE::2026-07-22.14:15:31::SCWPlatform:: Unique name xilinx:::0.0
TRACE::2026-07-22.14:15:31::SCWPlatform::Trying to set the existing hwdb with name design_1_wrapper_0
TRACE::2026-07-22.14:15:31::SCWPlatform::Opened existing hwdb design_1_wrapper_0
TRACE::2026-07-22.14:15:31::SCWPlatform::Found the Hw Db part of the input DSA
TRACE::2026-07-22.14:15:31::SCWMssOS::Checking the sw design at  /home/ran/Documents/uni/s10/asip_lab/vitis_ws/milestone2/ps7_cortexa9_0/standalone_domain/bsp/system.mss
TRACE::2026-07-22.14:15:31::SCWMssOS::DEBUG:  swdes dump  /home/ran/Documents/uni/s10/asip_lab/vitis_ws/milestone2/ps7_cortexa9_0/standalone_domain/bsp/system.mss|system_0||
/home/ran/Documents/uni/s10/asip_lab/vitis_ws/milestone2/zynq_fsbl/zynq_fsbl_bsp/system.mss|system||

TRACE::2026-07-22.14:15:31::SCWMssOS::Sw design exists and opened at  /home/ran/Documents/uni/s10/asip_lab/vitis_ws/milestone2/ps7_cortexa9_0/standalone_domain/bsp/system.mss
TRACE::2026-07-22.14:15:31::SCWPlatform::Trying to open the hw design at /home/ran/Documents/uni/s10/asip_lab/vitis_ws/milestone2/hw/design_1_wrapper.xsa
TRACE::2026-07-22.14:15:31::SCWPlatform::DSA given /home/ran/Documents/uni/s10/asip_lab/vitis_ws/milestone2/hw/design_1_wrapper.xsa
TRACE::2026-07-22.14:15:31::SCWPlatform::DSA absoulate path /home/ran/Documents/uni/s10/asip_lab/vitis_ws/milestone2/hw/design_1_wrapper.xsa
TRACE::2026-07-22.14:15:31::SCWPlatform::DSA directory /home/ran/Documents/uni/s10/asip_lab/vitis_ws/milestone2/hw
TRACE::2026-07-22.14:15:31::SCWPlatform:: Platform Path /home/ran/Documents/uni/s10/asip_lab/vitis_ws/milestone2/hw/design_1_wrapper.xsa
TRACE::2026-07-22.14:15:31::SCWPlatform:: Unique name xilinx:::0.0
TRACE::2026-07-22.14:15:31::SCWPlatform::Trying to set the existing hwdb with name design_1_wrapper_0
TRACE::2026-07-22.14:15:31::SCWPlatform::Opened existing hwdb design_1_wrapper_0
TRACE::2026-07-22.14:15:31::SCWPlatform::Found the Hw Db part of the input DSA
TRACE::2026-07-22.14:15:31::SCWMssOS::Checking the sw design at  /home/ran/Documents/uni/s10/asip_lab/vitis_ws/milestone2/ps7_cortexa9_0/standalone_domain/bsp/system.mss
TRACE::2026-07-22.14:15:31::SCWMssOS::DEBUG:  swdes dump  /home/ran/Documents/uni/s10/asip_lab/vitis_ws/milestone2/ps7_cortexa9_0/standalone_domain/bsp/system.mss|system_0||
/home/ran/Documents/uni/s10/asip_lab/vitis_ws/milestone2/zynq_fsbl/zynq_fsbl_bsp/system.mss|system||

TRACE::2026-07-22.14:15:31::SCWMssOS::Sw design exists and opened at  /home/ran/Documents/uni/s10/asip_lab/vitis_ws/milestone2/ps7_cortexa9_0/standalone_domain/bsp/system.mss
TRACE::2026-07-22.14:15:31::SCWPlatform::Trying to open the hw design at /home/ran/Documents/uni/s10/asip_lab/vitis_ws/milestone2/hw/design_1_wrapper.xsa
TRACE::2026-07-22.14:15:31::SCWPlatform::DSA given /home/ran/Documents/uni/s10/asip_lab/vitis_ws/milestone2/hw/design_1_wrapper.xsa
TRACE::2026-07-22.14:15:31::SCWPlatform::DSA absoulate path /home/ran/Documents/uni/s10/asip_lab/vitis_ws/milestone2/hw/design_1_wrapper.xsa
TRACE::2026-07-22.14:15:31::SCWPlatform::DSA directory /home/ran/Documents/uni/s10/asip_lab/vitis_ws/milestone2/hw
TRACE::2026-07-22.14:15:31::SCWPlatform:: Platform Path /home/ran/Documents/uni/s10/asip_lab/vitis_ws/milestone2/hw/design_1_wrapper.xsa
TRACE::2026-07-22.14:15:31::SCWPlatform:: Unique name xilinx:::0.0
TRACE::2026-07-22.14:15:31::SCWPlatform::Trying to set the existing hwdb with name design_1_wrapper_0
TRACE::2026-07-22.14:15:31::SCWPlatform::Opened existing hwdb design_1_wrapper_0
TRACE::2026-07-22.14:15:31::SCWPlatform::Found the Hw Db part of the input DSA
TRACE::2026-07-22.14:15:31::SCWMssOS::Checking the sw design at  /home/ran/Documents/uni/s10/asip_lab/vitis_ws/milestone2/ps7_cortexa9_0/standalone_domain/bsp/system.mss
TRACE::2026-07-22.14:15:31::SCWMssOS::DEBUG:  swdes dump  /home/ran/Documents/uni/s10/asip_lab/vitis_ws/milestone2/ps7_cortexa9_0/standalone_domain/bsp/system.mss|system_0||
/home/ran/Documents/uni/s10/asip_lab/vitis_ws/milestone2/zynq_fsbl/zynq_fsbl_bsp/system.mss|system||

TRACE::2026-07-22.14:15:31::SCWMssOS::Sw design exists and opened at  /home/ran/Documents/uni/s10/asip_lab/vitis_ws/milestone2/ps7_cortexa9_0/standalone_domain/bsp/system.mss
TRACE::2026-07-22.14:15:31::SCWWriter::formatted JSON is {
	"platformName":	"milestone2",
	"sprVersion":	"2.0",
	"mode":	"gui",
	"dsaType":	"Fixed",
	"platformDesc":	"milestone2",
	"platHandOff":	"/home/ran/Documents/uni/s10/asip_lab/final_project/design_1_wrapper.xsa",
	"platIntHandOff":	"<platformDir>/hw/design_1_wrapper.xsa",
	"deviceType":	"zynq",
	"platIsPrebuiltAutogen":	"false",
	"platIsNoBootBsp":	"false",
	"platFsblTarget":	"ps7_cortexa9_0",
	"hasFsblMakeHasChanges":	"false",
	"hasPmufwMakeHasChanges":	"false",
	"fsblExtraCompilerFlags":	"-MMD -MP       -mcpu=cortex-a9 -mfpu=vfpv3 -mfloat-abi=hard ",
	"platPreBuiltFlag":	false,
	"platformSamplesDir":	"",
	"platActiveSys":	"milestone2",
	"systems":	[{
			"systemName":	"milestone2",
			"systemDesc":	"milestone2",
			"sysIsBootAutoGen":	"true",
			"systemDispName":	"milestone2",
			"sysActiveDom":	"standalone_domain",
			"sysDefaultDom":	"standalone_domain",
			"domains":	[{
					"domainName":	"zynq_fsbl",
					"domainDispName":	"zynq_fsbl",
					"domainDesc":	"FSBL Application BSP - Auto Generated.",
					"processors":	"ps7_cortexa9_0",
					"os":	"standalone",
					"sdxOs":	"standalone",
					"debugEnable":	"",
					"domRuntimes":	["cpp"],
					"swRepo":	"",
					"mssOsVer":	"8.0",
					"mssFile":	"",
					"md5Digest":	"9529648be68af926e730746d2a8236a7",
					"compatibleApp":	"zynq_fsbl",
					"domType":	"bootDomain",
					"arch":	"32-bit",
					"appSettings":	{
						"appCompilerFlags":	"",
						"appLinkerFlags":	""
					},
					"addedLibs":	["xilffs:4.8", "xilrsa:1.6"],
					"libOptions":	{
						"libsContainingOptions":	[]
					},
					"prebuiltLibs":	{
						"prebuiltIncPath":	[],
						"prebuiltLibPath":	[]
					},
					"isolation":	{
					}
				}, {
					"domainName":	"standalone_domain",
					"domainDispName":	"standalone_domain",
					"domainDesc":	"standalone_domain",
					"processors":	"ps7_cortexa9_0",
					"os":	"standalone",
					"sdxOs":	"standalone",
					"qemuArgs":	"<platformDir>/resources/milestone2/standalone_domain/qemu_args.txt",
					"qemuData":	"<platformDir>/resources/milestone2/standalone_domain/qemu",
					"debugEnable":	"False",
					"domRuntimes":	["cpp"],
					"swRepo":	"",
					"mssOsVer":	"8.0",
					"mssFile":	"",
					"md5Digest":	"ddd5550a82d88e2be420b475a704e9c9",
					"compatibleApp":	"",
					"domType":	"mssDomain",
					"appSettings":	{
						"appCompilerFlags":	"",
						"appLinkerFlags":	""
					},
					"addedLibs":	[],
					"libOptions":	{
						"libsContainingOptions":	[]
					},
					"prebuiltLibs":	{
						"prebuiltIncPath":	[],
						"prebuiltLibPath":	[]
					},
					"isolation":	{
					}
				}]
		}]
}
KEYINFO::2026-07-22.14:15:31::SCWPlatform::updated the xpfm file.
TRACE::2026-07-22.14:15:31::SCWPlatform::Trying to open the hw design at /home/ran/Documents/uni/s10/asip_lab/vitis_ws/milestone2/hw/design_1_wrapper.xsa
TRACE::2026-07-22.14:15:31::SCWPlatform::DSA given /home/ran/Documents/uni/s10/asip_lab/vitis_ws/milestone2/hw/design_1_wrapper.xsa
TRACE::2026-07-22.14:15:31::SCWPlatform::DSA absoulate path /home/ran/Documents/uni/s10/asip_lab/vitis_ws/milestone2/hw/design_1_wrapper.xsa
TRACE::2026-07-22.14:15:31::SCWPlatform::DSA directory /home/ran/Documents/uni/s10/asip_lab/vitis_ws/milestone2/hw
TRACE::2026-07-22.14:15:31::SCWPlatform:: Platform Path /home/ran/Documents/uni/s10/asip_lab/vitis_ws/milestone2/hw/design_1_wrapper.xsa
TRACE::2026-07-22.14:15:31::SCWPlatform:: Unique name xilinx:::0.0
TRACE::2026-07-22.14:15:31::SCWPlatform::Trying to set the existing hwdb with name design_1_wrapper_0
TRACE::2026-07-22.14:15:31::SCWPlatform::Opened existing hwdb design_1_wrapper_0
TRACE::2026-07-22.14:15:31::SCWPlatform::Found the Hw Db part of the input DSA
TRACE::2026-07-22.14:15:31::SCWMssOS::Checking the sw design at  /home/ran/Documents/uni/s10/asip_lab/vitis_ws/milestone2/ps7_cortexa9_0/standalone_domain/bsp/system.mss
TRACE::2026-07-22.14:15:31::SCWMssOS::DEBUG:  swdes dump  /home/ran/Documents/uni/s10/asip_lab/vitis_ws/milestone2/ps7_cortexa9_0/standalone_domain/bsp/system.mss|system_0||
/home/ran/Documents/uni/s10/asip_lab/vitis_ws/milestone2/zynq_fsbl/zynq_fsbl_bsp/system.mss|system||

TRACE::2026-07-22.14:15:31::SCWMssOS::Sw design exists and opened at  /home/ran/Documents/uni/s10/asip_lab/vitis_ws/milestone2/ps7_cortexa9_0/standalone_domain/bsp/system.mss
TRACE::2026-07-22.14:15:31::SCWMssOS::Saving the mss changes /home/ran/Documents/uni/s10/asip_lab/vitis_ws/milestone2/zynq_fsbl/zynq_fsbl_bsp/system.mss
TRACE::2026-07-22.14:15:31::SCWMssOS::Found a swdesign opened with the mssfile.
TRACE::2026-07-22.14:15:31::SCWMssOS::Completed writemss as part of save.
TRACE::2026-07-22.14:15:31::SCWMssOS::Commit changes completed.
TRACE::2026-07-22.14:15:31::SCWMssOS::Saving the mss changes /home/ran/Documents/uni/s10/asip_lab/vitis_ws/milestone2/ps7_cortexa9_0/standalone_domain/bsp/system.mss
TRACE::2026-07-22.14:15:31::SCWMssOS::Found a swdesign opened with the mssfile.
TRACE::2026-07-22.14:15:31::SCWMssOS::Completed writemss as part of save.
TRACE::2026-07-22.14:15:31::SCWMssOS::Commit changes completed.
TRACE::2026-07-22.14:15:31::SCWPlatform::Trying to open the hw design at /home/ran/Documents/uni/s10/asip_lab/vitis_ws/milestone2/hw/design_1_wrapper.xsa
TRACE::2026-07-22.14:15:31::SCWPlatform::DSA given /home/ran/Documents/uni/s10/asip_lab/vitis_ws/milestone2/hw/design_1_wrapper.xsa
TRACE::2026-07-22.14:15:31::SCWPlatform::DSA absoulate path /home/ran/Documents/uni/s10/asip_lab/vitis_ws/milestone2/hw/design_1_wrapper.xsa
TRACE::2026-07-22.14:15:31::SCWPlatform::DSA directory /home/ran/Documents/uni/s10/asip_lab/vitis_ws/milestone2/hw
TRACE::2026-07-22.14:15:31::SCWPlatform:: Platform Path /home/ran/Documents/uni/s10/asip_lab/vitis_ws/milestone2/hw/design_1_wrapper.xsa
TRACE::2026-07-22.14:15:31::SCWPlatform:: Unique name xilinx:::0.0
TRACE::2026-07-22.14:15:31::SCWPlatform::Trying to set the existing hwdb with name design_1_wrapper_0
TRACE::2026-07-22.14:15:31::SCWPlatform::Opened existing hwdb design_1_wrapper_0
TRACE::2026-07-22.14:15:31::SCWPlatform::Found the Hw Db part of the input DSA
TRACE::2026-07-22.14:15:31::SCWMssOS::Checking the sw design at  /home/ran/Documents/uni/s10/asip_lab/vitis_ws/milestone2/zynq_fsbl/zynq_fsbl_bsp/system.mss
TRACE::2026-07-22.14:15:31::SCWMssOS::DEBUG:  swdes dump  /home/ran/Documents/uni/s10/asip_lab/vitis_ws/milestone2/ps7_cortexa9_0/standalone_domain/bsp/system.mss|system_0||
/home/ran/Documents/uni/s10/asip_lab/vitis_ws/milestone2/zynq_fsbl/zynq_fsbl_bsp/system.mss|system||

TRACE::2026-07-22.14:15:31::SCWMssOS::Sw design exists and opened at  /home/ran/Documents/uni/s10/asip_lab/vitis_ws/milestone2/zynq_fsbl/zynq_fsbl_bsp/system.mss
TRACE::2026-07-22.14:15:31::SCWPlatform::Trying to open the hw design at /home/ran/Documents/uni/s10/asip_lab/vitis_ws/milestone2/hw/design_1_wrapper.xsa
TRACE::2026-07-22.14:15:31::SCWPlatform::DSA given /home/ran/Documents/uni/s10/asip_lab/vitis_ws/milestone2/hw/design_1_wrapper.xsa
TRACE::2026-07-22.14:15:31::SCWPlatform::DSA absoulate path /home/ran/Documents/uni/s10/asip_lab/vitis_ws/milestone2/hw/design_1_wrapper.xsa
TRACE::2026-07-22.14:15:31::SCWPlatform::DSA directory /home/ran/Documents/uni/s10/asip_lab/vitis_ws/milestone2/hw
TRACE::2026-07-22.14:15:31::SCWPlatform:: Platform Path /home/ran/Documents/uni/s10/asip_lab/vitis_ws/milestone2/hw/design_1_wrapper.xsa
TRACE::2026-07-22.14:15:31::SCWPlatform:: Unique name xilinx:::0.0
TRACE::2026-07-22.14:15:31::SCWPlatform::Trying to set the existing hwdb with name design_1_wrapper_0
TRACE::2026-07-22.14:15:31::SCWPlatform::Opened existing hwdb design_1_wrapper_0
TRACE::2026-07-22.14:15:31::SCWPlatform::Found the Hw Db part of the input DSA
TRACE::2026-07-22.14:15:31::SCWMssOS::Checking the sw design at  /home/ran/Documents/uni/s10/asip_lab/vitis_ws/milestone2/zynq_fsbl/zynq_fsbl_bsp/system.mss
TRACE::2026-07-22.14:15:31::SCWMssOS::DEBUG:  swdes dump  /home/ran/Documents/uni/s10/asip_lab/vitis_ws/milestone2/ps7_cortexa9_0/standalone_domain/bsp/system.mss|system_0||
/home/ran/Documents/uni/s10/asip_lab/vitis_ws/milestone2/zynq_fsbl/zynq_fsbl_bsp/system.mss|system||

TRACE::2026-07-22.14:15:31::SCWMssOS::Sw design exists and opened at  /home/ran/Documents/uni/s10/asip_lab/vitis_ws/milestone2/zynq_fsbl/zynq_fsbl_bsp/system.mss
TRACE::2026-07-22.14:15:31::SCWPlatform::Trying to open the hw design at /home/ran/Documents/uni/s10/asip_lab/vitis_ws/milestone2/hw/design_1_wrapper.xsa
TRACE::2026-07-22.14:15:31::SCWPlatform::DSA given /home/ran/Documents/uni/s10/asip_lab/vitis_ws/milestone2/hw/design_1_wrapper.xsa
TRACE::2026-07-22.14:15:31::SCWPlatform::DSA absoulate path /home/ran/Documents/uni/s10/asip_lab/vitis_ws/milestone2/hw/design_1_wrapper.xsa
TRACE::2026-07-22.14:15:31::SCWPlatform::DSA directory /home/ran/Documents/uni/s10/asip_lab/vitis_ws/milestone2/hw
TRACE::2026-07-22.14:15:31::SCWPlatform:: Platform Path /home/ran/Documents/uni/s10/asip_lab/vitis_ws/milestone2/hw/design_1_wrapper.xsa
TRACE::2026-07-22.14:15:31::SCWPlatform:: Unique name xilinx:::0.0
TRACE::2026-07-22.14:15:31::SCWPlatform::Trying to set the existing hwdb with name design_1_wrapper_0
TRACE::2026-07-22.14:15:31::SCWPlatform::Opened existing hwdb design_1_wrapper_0
TRACE::2026-07-22.14:15:31::SCWPlatform::Found the Hw Db part of the input DSA
TRACE::2026-07-22.14:15:31::SCWMssOS::Checking the sw design at  /home/ran/Documents/uni/s10/asip_lab/vitis_ws/milestone2/zynq_fsbl/zynq_fsbl_bsp/system.mss
TRACE::2026-07-22.14:15:31::SCWMssOS::DEBUG:  swdes dump  /home/ran/Documents/uni/s10/asip_lab/vitis_ws/milestone2/ps7_cortexa9_0/standalone_domain/bsp/system.mss|system_0||
/home/ran/Documents/uni/s10/asip_lab/vitis_ws/milestone2/zynq_fsbl/zynq_fsbl_bsp/system.mss|system||

TRACE::2026-07-22.14:15:31::SCWMssOS::Sw design exists and opened at  /home/ran/Documents/uni/s10/asip_lab/vitis_ws/milestone2/zynq_fsbl/zynq_fsbl_bsp/system.mss
TRACE::2026-07-22.14:15:31::SCWPlatform::Trying to open the hw design at /home/ran/Documents/uni/s10/asip_lab/vitis_ws/milestone2/hw/design_1_wrapper.xsa
TRACE::2026-07-22.14:15:31::SCWPlatform::DSA given /home/ran/Documents/uni/s10/asip_lab/vitis_ws/milestone2/hw/design_1_wrapper.xsa
TRACE::2026-07-22.14:15:31::SCWPlatform::DSA absoulate path /home/ran/Documents/uni/s10/asip_lab/vitis_ws/milestone2/hw/design_1_wrapper.xsa
TRACE::2026-07-22.14:15:31::SCWPlatform::DSA directory /home/ran/Documents/uni/s10/asip_lab/vitis_ws/milestone2/hw
TRACE::2026-07-22.14:15:31::SCWPlatform:: Platform Path /home/ran/Documents/uni/s10/asip_lab/vitis_ws/milestone2/hw/design_1_wrapper.xsa
TRACE::2026-07-22.14:15:31::SCWPlatform:: Unique name xilinx:::0.0
TRACE::2026-07-22.14:15:31::SCWPlatform::Trying to set the existing hwdb with name design_1_wrapper_0
TRACE::2026-07-22.14:15:31::SCWPlatform::Opened existing hwdb design_1_wrapper_0
TRACE::2026-07-22.14:15:31::SCWPlatform::Found the Hw Db part of the input DSA
TRACE::2026-07-22.14:15:31::SCWMssOS::Checking the sw design at  /home/ran/Documents/uni/s10/asip_lab/vitis_ws/milestone2/ps7_cortexa9_0/standalone_domain/bsp/system.mss
TRACE::2026-07-22.14:15:31::SCWMssOS::DEBUG:  swdes dump  /home/ran/Documents/uni/s10/asip_lab/vitis_ws/milestone2/ps7_cortexa9_0/standalone_domain/bsp/system.mss|system_0||
/home/ran/Documents/uni/s10/asip_lab/vitis_ws/milestone2/zynq_fsbl/zynq_fsbl_bsp/system.mss|system||

TRACE::2026-07-22.14:15:31::SCWMssOS::Sw design exists and opened at  /home/ran/Documents/uni/s10/asip_lab/vitis_ws/milestone2/ps7_cortexa9_0/standalone_domain/bsp/system.mss
TRACE::2026-07-22.14:15:31::SCWPlatform::Trying to open the hw design at /home/ran/Documents/uni/s10/asip_lab/vitis_ws/milestone2/hw/design_1_wrapper.xsa
TRACE::2026-07-22.14:15:31::SCWPlatform::DSA given /home/ran/Documents/uni/s10/asip_lab/vitis_ws/milestone2/hw/design_1_wrapper.xsa
TRACE::2026-07-22.14:15:31::SCWPlatform::DSA absoulate path /home/ran/Documents/uni/s10/asip_lab/vitis_ws/milestone2/hw/design_1_wrapper.xsa
TRACE::2026-07-22.14:15:31::SCWPlatform::DSA directory /home/ran/Documents/uni/s10/asip_lab/vitis_ws/milestone2/hw
TRACE::2026-07-22.14:15:31::SCWPlatform:: Platform Path /home/ran/Documents/uni/s10/asip_lab/vitis_ws/milestone2/hw/design_1_wrapper.xsa
TRACE::2026-07-22.14:15:31::SCWPlatform:: Unique name xilinx:::0.0
TRACE::2026-07-22.14:15:31::SCWPlatform::Trying to set the existing hwdb with name design_1_wrapper_0
TRACE::2026-07-22.14:15:31::SCWPlatform::Opened existing hwdb design_1_wrapper_0
TRACE::2026-07-22.14:15:31::SCWPlatform::Found the Hw Db part of the input DSA
TRACE::2026-07-22.14:15:31::SCWMssOS::Checking the sw design at  /home/ran/Documents/uni/s10/asip_lab/vitis_ws/milestone2/ps7_cortexa9_0/standalone_domain/bsp/system.mss
TRACE::2026-07-22.14:15:31::SCWMssOS::DEBUG:  swdes dump  /home/ran/Documents/uni/s10/asip_lab/vitis_ws/milestone2/ps7_cortexa9_0/standalone_domain/bsp/system.mss|system_0||
/home/ran/Documents/uni/s10/asip_lab/vitis_ws/milestone2/zynq_fsbl/zynq_fsbl_bsp/system.mss|system||

TRACE::2026-07-22.14:15:31::SCWMssOS::Sw design exists and opened at  /home/ran/Documents/uni/s10/asip_lab/vitis_ws/milestone2/ps7_cortexa9_0/standalone_domain/bsp/system.mss
TRACE::2026-07-22.14:15:31::SCWPlatform::Trying to open the hw design at /home/ran/Documents/uni/s10/asip_lab/vitis_ws/milestone2/hw/design_1_wrapper.xsa
TRACE::2026-07-22.14:15:31::SCWPlatform::DSA given /home/ran/Documents/uni/s10/asip_lab/vitis_ws/milestone2/hw/design_1_wrapper.xsa
TRACE::2026-07-22.14:15:31::SCWPlatform::DSA absoulate path /home/ran/Documents/uni/s10/asip_lab/vitis_ws/milestone2/hw/design_1_wrapper.xsa
TRACE::2026-07-22.14:15:31::SCWPlatform::DSA directory /home/ran/Documents/uni/s10/asip_lab/vitis_ws/milestone2/hw
TRACE::2026-07-22.14:15:31::SCWPlatform:: Platform Path /home/ran/Documents/uni/s10/asip_lab/vitis_ws/milestone2/hw/design_1_wrapper.xsa
TRACE::2026-07-22.14:15:31::SCWPlatform:: Unique name xilinx:::0.0
TRACE::2026-07-22.14:15:31::SCWPlatform::Trying to set the existing hwdb with name design_1_wrapper_0
TRACE::2026-07-22.14:15:31::SCWPlatform::Opened existing hwdb design_1_wrapper_0
TRACE::2026-07-22.14:15:31::SCWPlatform::Found the Hw Db part of the input DSA
TRACE::2026-07-22.14:15:31::SCWMssOS::Checking the sw design at  /home/ran/Documents/uni/s10/asip_lab/vitis_ws/milestone2/ps7_cortexa9_0/standalone_domain/bsp/system.mss
TRACE::2026-07-22.14:15:31::SCWMssOS::DEBUG:  swdes dump  /home/ran/Documents/uni/s10/asip_lab/vitis_ws/milestone2/ps7_cortexa9_0/standalone_domain/bsp/system.mss|system_0||
/home/ran/Documents/uni/s10/asip_lab/vitis_ws/milestone2/zynq_fsbl/zynq_fsbl_bsp/system.mss|system||

TRACE::2026-07-22.14:15:31::SCWMssOS::Sw design exists and opened at  /home/ran/Documents/uni/s10/asip_lab/vitis_ws/milestone2/ps7_cortexa9_0/standalone_domain/bsp/system.mss
TRACE::2026-07-22.14:15:31::SCWWriter::formatted JSON is {
	"platformName":	"milestone2",
	"sprVersion":	"2.0",
	"mode":	"gui",
	"dsaType":	"Fixed",
	"platformDesc":	"milestone2",
	"platHandOff":	"/home/ran/Documents/uni/s10/asip_lab/final_project/design_1_wrapper.xsa",
	"platIntHandOff":	"<platformDir>/hw/design_1_wrapper.xsa",
	"deviceType":	"zynq",
	"platIsPrebuiltAutogen":	"false",
	"platIsNoBootBsp":	"false",
	"platFsblTarget":	"ps7_cortexa9_0",
	"hasFsblMakeHasChanges":	"false",
	"hasPmufwMakeHasChanges":	"false",
	"fsblExtraCompilerFlags":	"-MMD -MP       -mcpu=cortex-a9 -mfpu=vfpv3 -mfloat-abi=hard ",
	"platPreBuiltFlag":	false,
	"platformSamplesDir":	"",
	"platActiveSys":	"milestone2",
	"systems":	[{
			"systemName":	"milestone2",
			"systemDesc":	"milestone2",
			"sysIsBootAutoGen":	"true",
			"systemDispName":	"milestone2",
			"sysActiveDom":	"standalone_domain",
			"sysDefaultDom":	"standalone_domain",
			"domains":	[{
					"domainName":	"zynq_fsbl",
					"domainDispName":	"zynq_fsbl",
					"domainDesc":	"FSBL Application BSP - Auto Generated.",
					"processors":	"ps7_cortexa9_0",
					"os":	"standalone",
					"sdxOs":	"standalone",
					"debugEnable":	"",
					"domRuntimes":	["cpp"],
					"swRepo":	"",
					"mssOsVer":	"8.0",
					"mssFile":	"",
					"md5Digest":	"9529648be68af926e730746d2a8236a7",
					"compatibleApp":	"zynq_fsbl",
					"domType":	"bootDomain",
					"arch":	"32-bit",
					"appSettings":	{
						"appCompilerFlags":	"",
						"appLinkerFlags":	""
					},
					"addedLibs":	["xilffs:4.8", "xilrsa:1.6"],
					"libOptions":	{
						"libsContainingOptions":	[]
					},
					"prebuiltLibs":	{
						"prebuiltIncPath":	[],
						"prebuiltLibPath":	[]
					},
					"isolation":	{
					}
				}, {
					"domainName":	"standalone_domain",
					"domainDispName":	"standalone_domain",
					"domainDesc":	"standalone_domain",
					"processors":	"ps7_cortexa9_0",
					"os":	"standalone",
					"sdxOs":	"standalone",
					"qemuArgs":	"<platformDir>/resources/milestone2/standalone_domain/qemu_args.txt",
					"qemuData":	"<platformDir>/resources/milestone2/standalone_domain/qemu",
					"debugEnable":	"False",
					"domRuntimes":	["cpp"],
					"swRepo":	"",
					"mssOsVer":	"8.0",
					"mssFile":	"",
					"md5Digest":	"ddd5550a82d88e2be420b475a704e9c9",
					"compatibleApp":	"",
					"domType":	"mssDomain",
					"appSettings":	{
						"appCompilerFlags":	"",
						"appLinkerFlags":	""
					},
					"addedLibs":	[],
					"libOptions":	{
						"libsContainingOptions":	[]
					},
					"prebuiltLibs":	{
						"prebuiltIncPath":	[],
						"prebuiltLibPath":	[]
					},
					"isolation":	{
					}
				}]
		}]
}
TRACE::2026-07-22.14:15:31::SCWPlatform::Trying to open the hw design at /home/ran/Documents/uni/s10/asip_lab/vitis_ws/milestone2/hw/design_1_wrapper.xsa
TRACE::2026-07-22.14:15:31::SCWPlatform::DSA given /home/ran/Documents/uni/s10/asip_lab/vitis_ws/milestone2/hw/design_1_wrapper.xsa
TRACE::2026-07-22.14:15:31::SCWPlatform::DSA absoulate path /home/ran/Documents/uni/s10/asip_lab/vitis_ws/milestone2/hw/design_1_wrapper.xsa
TRACE::2026-07-22.14:15:31::SCWPlatform::DSA directory /home/ran/Documents/uni/s10/asip_lab/vitis_ws/milestone2/hw
TRACE::2026-07-22.14:15:31::SCWPlatform:: Platform Path /home/ran/Documents/uni/s10/asip_lab/vitis_ws/milestone2/hw/design_1_wrapper.xsa
TRACE::2026-07-22.14:15:31::SCWPlatform:: Unique name xilinx:::0.0
TRACE::2026-07-22.14:15:31::SCWPlatform::Trying to set the existing hwdb with name design_1_wrapper_0
TRACE::2026-07-22.14:15:31::SCWPlatform::Opened existing hwdb design_1_wrapper_0
TRACE::2026-07-22.14:15:31::SCWPlatform::Found the Hw Db part of the input DSA
TRACE::2026-07-22.14:15:31::SCWMssOS::Checking the sw design at  /home/ran/Documents/uni/s10/asip_lab/vitis_ws/milestone2/ps7_cortexa9_0/standalone_domain/bsp/system.mss
TRACE::2026-07-22.14:15:31::SCWMssOS::DEBUG:  swdes dump  /home/ran/Documents/uni/s10/asip_lab/vitis_ws/milestone2/ps7_cortexa9_0/standalone_domain/bsp/system.mss|system_0||
/home/ran/Documents/uni/s10/asip_lab/vitis_ws/milestone2/zynq_fsbl/zynq_fsbl_bsp/system.mss|system||

TRACE::2026-07-22.14:15:31::SCWMssOS::Sw design exists and opened at  /home/ran/Documents/uni/s10/asip_lab/vitis_ws/milestone2/ps7_cortexa9_0/standalone_domain/bsp/system.mss
TRACE::2026-07-22.14:15:31::SCWPlatform::Trying to open the hw design at /home/ran/Documents/uni/s10/asip_lab/vitis_ws/milestone2/hw/design_1_wrapper.xsa
TRACE::2026-07-22.14:15:31::SCWPlatform::DSA given /home/ran/Documents/uni/s10/asip_lab/vitis_ws/milestone2/hw/design_1_wrapper.xsa
TRACE::2026-07-22.14:15:31::SCWPlatform::DSA absoulate path /home/ran/Documents/uni/s10/asip_lab/vitis_ws/milestone2/hw/design_1_wrapper.xsa
TRACE::2026-07-22.14:15:31::SCWPlatform::DSA directory /home/ran/Documents/uni/s10/asip_lab/vitis_ws/milestone2/hw
TRACE::2026-07-22.14:15:31::SCWPlatform:: Platform Path /home/ran/Documents/uni/s10/asip_lab/vitis_ws/milestone2/hw/design_1_wrapper.xsa
TRACE::2026-07-22.14:15:31::SCWPlatform:: Unique name xilinx:::0.0
TRACE::2026-07-22.14:15:31::SCWPlatform::Trying to set the existing hwdb with name design_1_wrapper_0
TRACE::2026-07-22.14:15:31::SCWPlatform::Opened existing hwdb design_1_wrapper_0
TRACE::2026-07-22.14:15:31::SCWPlatform::Found the Hw Db part of the input DSA
TRACE::2026-07-22.14:15:31::SCWMssOS::Checking the sw design at  /home/ran/Documents/uni/s10/asip_lab/vitis_ws/milestone2/ps7_cortexa9_0/standalone_domain/bsp/system.mss
TRACE::2026-07-22.14:15:31::SCWMssOS::DEBUG:  swdes dump  /home/ran/Documents/uni/s10/asip_lab/vitis_ws/milestone2/ps7_cortexa9_0/standalone_domain/bsp/system.mss|system_0||
/home/ran/Documents/uni/s10/asip_lab/vitis_ws/milestone2/zynq_fsbl/zynq_fsbl_bsp/system.mss|system||

TRACE::2026-07-22.14:15:31::SCWMssOS::Sw design exists and opened at  /home/ran/Documents/uni/s10/asip_lab/vitis_ws/milestone2/ps7_cortexa9_0/standalone_domain/bsp/system.mss
TRACE::2026-07-22.14:15:31::SCWPlatform::Trying to open the hw design at /home/ran/Documents/uni/s10/asip_lab/vitis_ws/milestone2/hw/design_1_wrapper.xsa
TRACE::2026-07-22.14:15:31::SCWPlatform::DSA given /home/ran/Documents/uni/s10/asip_lab/vitis_ws/milestone2/hw/design_1_wrapper.xsa
TRACE::2026-07-22.14:15:31::SCWPlatform::DSA absoulate path /home/ran/Documents/uni/s10/asip_lab/vitis_ws/milestone2/hw/design_1_wrapper.xsa
TRACE::2026-07-22.14:15:31::SCWPlatform::DSA directory /home/ran/Documents/uni/s10/asip_lab/vitis_ws/milestone2/hw
TRACE::2026-07-22.14:15:31::SCWPlatform:: Platform Path /home/ran/Documents/uni/s10/asip_lab/vitis_ws/milestone2/hw/design_1_wrapper.xsa
TRACE::2026-07-22.14:15:31::SCWPlatform:: Unique name xilinx:::0.0
TRACE::2026-07-22.14:15:31::SCWPlatform::Trying to set the existing hwdb with name design_1_wrapper_0
TRACE::2026-07-22.14:15:31::SCWPlatform::Opened existing hwdb design_1_wrapper_0
TRACE::2026-07-22.14:15:31::SCWPlatform::Found the Hw Db part of the input DSA
TRACE::2026-07-22.14:15:31::SCWMssOS::Checking the sw design at  /home/ran/Documents/uni/s10/asip_lab/vitis_ws/milestone2/ps7_cortexa9_0/standalone_domain/bsp/system.mss
TRACE::2026-07-22.14:15:31::SCWMssOS::DEBUG:  swdes dump  /home/ran/Documents/uni/s10/asip_lab/vitis_ws/milestone2/ps7_cortexa9_0/standalone_domain/bsp/system.mss|system_0||
/home/ran/Documents/uni/s10/asip_lab/vitis_ws/milestone2/zynq_fsbl/zynq_fsbl_bsp/system.mss|system||

TRACE::2026-07-22.14:15:31::SCWMssOS::Sw design exists and opened at  /home/ran/Documents/uni/s10/asip_lab/vitis_ws/milestone2/ps7_cortexa9_0/standalone_domain/bsp/system.mss
TRACE::2026-07-22.14:15:31::SCWMssOS::Saving the mss changes /home/ran/Documents/uni/s10/asip_lab/vitis_ws/milestone2/zynq_fsbl/zynq_fsbl_bsp/system.mss
TRACE::2026-07-22.14:15:31::SCWMssOS::Found a swdesign opened with the mssfile.
TRACE::2026-07-22.14:15:31::SCWMssOS::Completed writemss as part of save.
TRACE::2026-07-22.14:15:31::SCWMssOS::Commit changes completed.
TRACE::2026-07-22.14:15:31::SCWMssOS::Saving the mss changes /home/ran/Documents/uni/s10/asip_lab/vitis_ws/milestone2/ps7_cortexa9_0/standalone_domain/bsp/system.mss
TRACE::2026-07-22.14:15:31::SCWMssOS::Found a swdesign opened with the mssfile.
TRACE::2026-07-22.14:15:31::SCWMssOS::Completed writemss as part of save.
TRACE::2026-07-22.14:15:31::SCWMssOS::Commit changes completed.
TRACE::2026-07-22.14:15:31::SCWPlatform::Trying to open the hw design at /home/ran/Documents/uni/s10/asip_lab/vitis_ws/milestone2/hw/design_1_wrapper.xsa
TRACE::2026-07-22.14:15:31::SCWPlatform::DSA given /home/ran/Documents/uni/s10/asip_lab/vitis_ws/milestone2/hw/design_1_wrapper.xsa
TRACE::2026-07-22.14:15:31::SCWPlatform::DSA absoulate path /home/ran/Documents/uni/s10/asip_lab/vitis_ws/milestone2/hw/design_1_wrapper.xsa
TRACE::2026-07-22.14:15:31::SCWPlatform::DSA directory /home/ran/Documents/uni/s10/asip_lab/vitis_ws/milestone2/hw
TRACE::2026-07-22.14:15:31::SCWPlatform:: Platform Path /home/ran/Documents/uni/s10/asip_lab/vitis_ws/milestone2/hw/design_1_wrapper.xsa
TRACE::2026-07-22.14:15:31::SCWPlatform:: Unique name xilinx:::0.0
TRACE::2026-07-22.14:15:31::SCWPlatform::Trying to set the existing hwdb with name design_1_wrapper_0
TRACE::2026-07-22.14:15:31::SCWPlatform::Opened existing hwdb design_1_wrapper_0
TRACE::2026-07-22.14:15:31::SCWPlatform::Found the Hw Db part of the input DSA
TRACE::2026-07-22.14:15:31::SCWMssOS::Checking the sw design at  /home/ran/Documents/uni/s10/asip_lab/vitis_ws/milestone2/zynq_fsbl/zynq_fsbl_bsp/system.mss
TRACE::2026-07-22.14:15:31::SCWMssOS::DEBUG:  swdes dump  /home/ran/Documents/uni/s10/asip_lab/vitis_ws/milestone2/ps7_cortexa9_0/standalone_domain/bsp/system.mss|system_0||
/home/ran/Documents/uni/s10/asip_lab/vitis_ws/milestone2/zynq_fsbl/zynq_fsbl_bsp/system.mss|system||

TRACE::2026-07-22.14:15:31::SCWMssOS::Sw design exists and opened at  /home/ran/Documents/uni/s10/asip_lab/vitis_ws/milestone2/zynq_fsbl/zynq_fsbl_bsp/system.mss
TRACE::2026-07-22.14:15:31::SCWPlatform::Trying to open the hw design at /home/ran/Documents/uni/s10/asip_lab/vitis_ws/milestone2/hw/design_1_wrapper.xsa
TRACE::2026-07-22.14:15:31::SCWPlatform::DSA given /home/ran/Documents/uni/s10/asip_lab/vitis_ws/milestone2/hw/design_1_wrapper.xsa
TRACE::2026-07-22.14:15:31::SCWPlatform::DSA absoulate path /home/ran/Documents/uni/s10/asip_lab/vitis_ws/milestone2/hw/design_1_wrapper.xsa
TRACE::2026-07-22.14:15:31::SCWPlatform::DSA directory /home/ran/Documents/uni/s10/asip_lab/vitis_ws/milestone2/hw
TRACE::2026-07-22.14:15:31::SCWPlatform:: Platform Path /home/ran/Documents/uni/s10/asip_lab/vitis_ws/milestone2/hw/design_1_wrapper.xsa
TRACE::2026-07-22.14:15:31::SCWPlatform:: Unique name xilinx:::0.0
TRACE::2026-07-22.14:15:31::SCWPlatform::Trying to set the existing hwdb with name design_1_wrapper_0
TRACE::2026-07-22.14:15:31::SCWPlatform::Opened existing hwdb design_1_wrapper_0
TRACE::2026-07-22.14:15:31::SCWPlatform::Found the Hw Db part of the input DSA
TRACE::2026-07-22.14:15:31::SCWMssOS::Checking the sw design at  /home/ran/Documents/uni/s10/asip_lab/vitis_ws/milestone2/zynq_fsbl/zynq_fsbl_bsp/system.mss
TRACE::2026-07-22.14:15:31::SCWMssOS::DEBUG:  swdes dump  /home/ran/Documents/uni/s10/asip_lab/vitis_ws/milestone2/ps7_cortexa9_0/standalone_domain/bsp/system.mss|system_0||
/home/ran/Documents/uni/s10/asip_lab/vitis_ws/milestone2/zynq_fsbl/zynq_fsbl_bsp/system.mss|system||

TRACE::2026-07-22.14:15:31::SCWMssOS::Sw design exists and opened at  /home/ran/Documents/uni/s10/asip_lab/vitis_ws/milestone2/zynq_fsbl/zynq_fsbl_bsp/system.mss
TRACE::2026-07-22.14:15:31::SCWPlatform::Trying to open the hw design at /home/ran/Documents/uni/s10/asip_lab/vitis_ws/milestone2/hw/design_1_wrapper.xsa
TRACE::2026-07-22.14:15:31::SCWPlatform::DSA given /home/ran/Documents/uni/s10/asip_lab/vitis_ws/milestone2/hw/design_1_wrapper.xsa
TRACE::2026-07-22.14:15:31::SCWPlatform::DSA absoulate path /home/ran/Documents/uni/s10/asip_lab/vitis_ws/milestone2/hw/design_1_wrapper.xsa
TRACE::2026-07-22.14:15:31::SCWPlatform::DSA directory /home/ran/Documents/uni/s10/asip_lab/vitis_ws/milestone2/hw
TRACE::2026-07-22.14:15:31::SCWPlatform:: Platform Path /home/ran/Documents/uni/s10/asip_lab/vitis_ws/milestone2/hw/design_1_wrapper.xsa
TRACE::2026-07-22.14:15:31::SCWPlatform:: Unique name xilinx:::0.0
TRACE::2026-07-22.14:15:31::SCWPlatform::Trying to set the existing hwdb with name design_1_wrapper_0
TRACE::2026-07-22.14:15:31::SCWPlatform::Opened existing hwdb design_1_wrapper_0
TRACE::2026-07-22.14:15:31::SCWPlatform::Found the Hw Db part of the input DSA
TRACE::2026-07-22.14:15:31::SCWMssOS::Checking the sw design at  /home/ran/Documents/uni/s10/asip_lab/vitis_ws/milestone2/zynq_fsbl/zynq_fsbl_bsp/system.mss
TRACE::2026-07-22.14:15:31::SCWMssOS::DEBUG:  swdes dump  /home/ran/Documents/uni/s10/asip_lab/vitis_ws/milestone2/ps7_cortexa9_0/standalone_domain/bsp/system.mss|system_0||
/home/ran/Documents/uni/s10/asip_lab/vitis_ws/milestone2/zynq_fsbl/zynq_fsbl_bsp/system.mss|system||

TRACE::2026-07-22.14:15:31::SCWMssOS::Sw design exists and opened at  /home/ran/Documents/uni/s10/asip_lab/vitis_ws/milestone2/zynq_fsbl/zynq_fsbl_bsp/system.mss
TRACE::2026-07-22.14:15:31::SCWPlatform::Trying to open the hw design at /home/ran/Documents/uni/s10/asip_lab/vitis_ws/milestone2/hw/design_1_wrapper.xsa
TRACE::2026-07-22.14:15:31::SCWPlatform::DSA given /home/ran/Documents/uni/s10/asip_lab/vitis_ws/milestone2/hw/design_1_wrapper.xsa
TRACE::2026-07-22.14:15:31::SCWPlatform::DSA absoulate path /home/ran/Documents/uni/s10/asip_lab/vitis_ws/milestone2/hw/design_1_wrapper.xsa
TRACE::2026-07-22.14:15:31::SCWPlatform::DSA directory /home/ran/Documents/uni/s10/asip_lab/vitis_ws/milestone2/hw
TRACE::2026-07-22.14:15:31::SCWPlatform:: Platform Path /home/ran/Documents/uni/s10/asip_lab/vitis_ws/milestone2/hw/design_1_wrapper.xsa
TRACE::2026-07-22.14:15:31::SCWPlatform:: Unique name xilinx:::0.0
TRACE::2026-07-22.14:15:31::SCWPlatform::Trying to set the existing hwdb with name design_1_wrapper_0
TRACE::2026-07-22.14:15:31::SCWPlatform::Opened existing hwdb design_1_wrapper_0
TRACE::2026-07-22.14:15:31::SCWPlatform::Found the Hw Db part of the input DSA
TRACE::2026-07-22.14:15:31::SCWMssOS::Checking the sw design at  /home/ran/Documents/uni/s10/asip_lab/vitis_ws/milestone2/ps7_cortexa9_0/standalone_domain/bsp/system.mss
TRACE::2026-07-22.14:15:31::SCWMssOS::DEBUG:  swdes dump  /home/ran/Documents/uni/s10/asip_lab/vitis_ws/milestone2/ps7_cortexa9_0/standalone_domain/bsp/system.mss|system_0||
/home/ran/Documents/uni/s10/asip_lab/vitis_ws/milestone2/zynq_fsbl/zynq_fsbl_bsp/system.mss|system||

TRACE::2026-07-22.14:15:31::SCWMssOS::Sw design exists and opened at  /home/ran/Documents/uni/s10/asip_lab/vitis_ws/milestone2/ps7_cortexa9_0/standalone_domain/bsp/system.mss
TRACE::2026-07-22.14:15:31::SCWPlatform::Trying to open the hw design at /home/ran/Documents/uni/s10/asip_lab/vitis_ws/milestone2/hw/design_1_wrapper.xsa
TRACE::2026-07-22.14:15:31::SCWPlatform::DSA given /home/ran/Documents/uni/s10/asip_lab/vitis_ws/milestone2/hw/design_1_wrapper.xsa
TRACE::2026-07-22.14:15:31::SCWPlatform::DSA absoulate path /home/ran/Documents/uni/s10/asip_lab/vitis_ws/milestone2/hw/design_1_wrapper.xsa
TRACE::2026-07-22.14:15:31::SCWPlatform::DSA directory /home/ran/Documents/uni/s10/asip_lab/vitis_ws/milestone2/hw
TRACE::2026-07-22.14:15:31::SCWPlatform:: Platform Path /home/ran/Documents/uni/s10/asip_lab/vitis_ws/milestone2/hw/design_1_wrapper.xsa
TRACE::2026-07-22.14:15:31::SCWPlatform:: Unique name xilinx:::0.0
TRACE::2026-07-22.14:15:31::SCWPlatform::Trying to set the existing hwdb with name design_1_wrapper_0
TRACE::2026-07-22.14:15:31::SCWPlatform::Opened existing hwdb design_1_wrapper_0
TRACE::2026-07-22.14:15:31::SCWPlatform::Found the Hw Db part of the input DSA
TRACE::2026-07-22.14:15:31::SCWMssOS::Checking the sw design at  /home/ran/Documents/uni/s10/asip_lab/vitis_ws/milestone2/ps7_cortexa9_0/standalone_domain/bsp/system.mss
TRACE::2026-07-22.14:15:31::SCWMssOS::DEBUG:  swdes dump  /home/ran/Documents/uni/s10/asip_lab/vitis_ws/milestone2/ps7_cortexa9_0/standalone_domain/bsp/system.mss|system_0||
/home/ran/Documents/uni/s10/asip_lab/vitis_ws/milestone2/zynq_fsbl/zynq_fsbl_bsp/system.mss|system||

TRACE::2026-07-22.14:15:31::SCWMssOS::Sw design exists and opened at  /home/ran/Documents/uni/s10/asip_lab/vitis_ws/milestone2/ps7_cortexa9_0/standalone_domain/bsp/system.mss
TRACE::2026-07-22.14:15:31::SCWPlatform::Trying to open the hw design at /home/ran/Documents/uni/s10/asip_lab/vitis_ws/milestone2/hw/design_1_wrapper.xsa
TRACE::2026-07-22.14:15:31::SCWPlatform::DSA given /home/ran/Documents/uni/s10/asip_lab/vitis_ws/milestone2/hw/design_1_wrapper.xsa
TRACE::2026-07-22.14:15:31::SCWPlatform::DSA absoulate path /home/ran/Documents/uni/s10/asip_lab/vitis_ws/milestone2/hw/design_1_wrapper.xsa
TRACE::2026-07-22.14:15:31::SCWPlatform::DSA directory /home/ran/Documents/uni/s10/asip_lab/vitis_ws/milestone2/hw
TRACE::2026-07-22.14:15:31::SCWPlatform:: Platform Path /home/ran/Documents/uni/s10/asip_lab/vitis_ws/milestone2/hw/design_1_wrapper.xsa
TRACE::2026-07-22.14:15:31::SCWPlatform:: Unique name xilinx:::0.0
TRACE::2026-07-22.14:15:31::SCWPlatform::Trying to set the existing hwdb with name design_1_wrapper_0
TRACE::2026-07-22.14:15:31::SCWPlatform::Opened existing hwdb design_1_wrapper_0
TRACE::2026-07-22.14:15:31::SCWPlatform::Found the Hw Db part of the input DSA
TRACE::2026-07-22.14:15:31::SCWMssOS::Checking the sw design at  /home/ran/Documents/uni/s10/asip_lab/vitis_ws/milestone2/ps7_cortexa9_0/standalone_domain/bsp/system.mss
TRACE::2026-07-22.14:15:31::SCWMssOS::DEBUG:  swdes dump  /home/ran/Documents/uni/s10/asip_lab/vitis_ws/milestone2/ps7_cortexa9_0/standalone_domain/bsp/system.mss|system_0||
/home/ran/Documents/uni/s10/asip_lab/vitis_ws/milestone2/zynq_fsbl/zynq_fsbl_bsp/system.mss|system||

TRACE::2026-07-22.14:15:31::SCWMssOS::Sw design exists and opened at  /home/ran/Documents/uni/s10/asip_lab/vitis_ws/milestone2/ps7_cortexa9_0/standalone_domain/bsp/system.mss
TRACE::2026-07-22.14:15:31::SCWWriter::formatted JSON is {
	"platformName":	"milestone2",
	"sprVersion":	"2.0",
	"mode":	"gui",
	"dsaType":	"Fixed",
	"platformDesc":	"milestone2",
	"platHandOff":	"/home/ran/Documents/uni/s10/asip_lab/final_project/design_1_wrapper.xsa",
	"platIntHandOff":	"<platformDir>/hw/design_1_wrapper.xsa",
	"deviceType":	"zynq",
	"platIsPrebuiltAutogen":	"false",
	"platIsNoBootBsp":	"false",
	"platFsblTarget":	"ps7_cortexa9_0",
	"hasFsblMakeHasChanges":	"false",
	"hasPmufwMakeHasChanges":	"false",
	"fsblExtraCompilerFlags":	"-MMD -MP       -mcpu=cortex-a9 -mfpu=vfpv3 -mfloat-abi=hard ",
	"platPreBuiltFlag":	false,
	"platformSamplesDir":	"",
	"platActiveSys":	"milestone2",
	"systems":	[{
			"systemName":	"milestone2",
			"systemDesc":	"milestone2",
			"sysIsBootAutoGen":	"true",
			"systemDispName":	"milestone2",
			"sysActiveDom":	"standalone_domain",
			"sysDefaultDom":	"standalone_domain",
			"domains":	[{
					"domainName":	"zynq_fsbl",
					"domainDispName":	"zynq_fsbl",
					"domainDesc":	"FSBL Application BSP - Auto Generated.",
					"processors":	"ps7_cortexa9_0",
					"os":	"standalone",
					"sdxOs":	"standalone",
					"debugEnable":	"",
					"domRuntimes":	["cpp"],
					"swRepo":	"",
					"mssOsVer":	"8.0",
					"mssFile":	"",
					"md5Digest":	"9529648be68af926e730746d2a8236a7",
					"compatibleApp":	"zynq_fsbl",
					"domType":	"bootDomain",
					"arch":	"32-bit",
					"appSettings":	{
						"appCompilerFlags":	"",
						"appLinkerFlags":	""
					},
					"addedLibs":	["xilffs:4.8", "xilrsa:1.6"],
					"libOptions":	{
						"libsContainingOptions":	[]
					},
					"prebuiltLibs":	{
						"prebuiltIncPath":	[],
						"prebuiltLibPath":	[]
					},
					"isolation":	{
					}
				}, {
					"domainName":	"standalone_domain",
					"domainDispName":	"standalone on ps7_cortexa9_0",
					"domainDesc":	"standalone_domain",
					"processors":	"ps7_cortexa9_0",
					"os":	"standalone",
					"sdxOs":	"standalone",
					"qemuArgs":	"<platformDir>/resources/milestone2/standalone_domain/qemu_args.txt",
					"qemuData":	"<platformDir>/resources/milestone2/standalone_domain/qemu",
					"debugEnable":	"False",
					"domRuntimes":	["cpp"],
					"swRepo":	"",
					"mssOsVer":	"8.0",
					"mssFile":	"",
					"md5Digest":	"ddd5550a82d88e2be420b475a704e9c9",
					"compatibleApp":	"",
					"domType":	"mssDomain",
					"appSettings":	{
						"appCompilerFlags":	"",
						"appLinkerFlags":	""
					},
					"addedLibs":	[],
					"libOptions":	{
						"libsContainingOptions":	[]
					},
					"prebuiltLibs":	{
						"prebuiltIncPath":	[],
						"prebuiltLibPath":	[]
					},
					"isolation":	{
					}
				}]
		}]
}
TRACE::2026-07-22.14:15:31::SCWMssOS::Saving the mss changes /home/ran/Documents/uni/s10/asip_lab/vitis_ws/milestone2/zynq_fsbl/zynq_fsbl_bsp/system.mss
TRACE::2026-07-22.14:15:31::SCWMssOS::Found a swdesign opened with the mssfile.
TRACE::2026-07-22.14:15:31::SCWMssOS::Completed writemss as part of save.
TRACE::2026-07-22.14:15:31::SCWMssOS::Commit changes completed.
TRACE::2026-07-22.14:15:31::SCWMssOS::Saving the mss changes /home/ran/Documents/uni/s10/asip_lab/vitis_ws/milestone2/ps7_cortexa9_0/standalone_domain/bsp/system.mss
TRACE::2026-07-22.14:15:31::SCWMssOS::Found a swdesign opened with the mssfile.
TRACE::2026-07-22.14:15:31::SCWMssOS::Completed writemss as part of save.
TRACE::2026-07-22.14:15:31::SCWMssOS::Commit changes completed.
TRACE::2026-07-22.14:15:31::SCWPlatform::Trying to open the hw design at /home/ran/Documents/uni/s10/asip_lab/vitis_ws/milestone2/hw/design_1_wrapper.xsa
TRACE::2026-07-22.14:15:31::SCWPlatform::DSA given /home/ran/Documents/uni/s10/asip_lab/vitis_ws/milestone2/hw/design_1_wrapper.xsa
TRACE::2026-07-22.14:15:31::SCWPlatform::DSA absoulate path /home/ran/Documents/uni/s10/asip_lab/vitis_ws/milestone2/hw/design_1_wrapper.xsa
TRACE::2026-07-22.14:15:31::SCWPlatform::DSA directory /home/ran/Documents/uni/s10/asip_lab/vitis_ws/milestone2/hw
TRACE::2026-07-22.14:15:31::SCWPlatform:: Platform Path /home/ran/Documents/uni/s10/asip_lab/vitis_ws/milestone2/hw/design_1_wrapper.xsa
TRACE::2026-07-22.14:15:31::SCWPlatform:: Unique name xilinx:::0.0
TRACE::2026-07-22.14:15:31::SCWPlatform::Trying to set the existing hwdb with name design_1_wrapper_0
TRACE::2026-07-22.14:15:31::SCWPlatform::Opened existing hwdb design_1_wrapper_0
TRACE::2026-07-22.14:15:31::SCWPlatform::Found the Hw Db part of the input DSA
TRACE::2026-07-22.14:15:31::SCWMssOS::Checking the sw design at  /home/ran/Documents/uni/s10/asip_lab/vitis_ws/milestone2/zynq_fsbl/zynq_fsbl_bsp/system.mss
TRACE::2026-07-22.14:15:31::SCWMssOS::DEBUG:  swdes dump  /home/ran/Documents/uni/s10/asip_lab/vitis_ws/milestone2/ps7_cortexa9_0/standalone_domain/bsp/system.mss|system_0||
/home/ran/Documents/uni/s10/asip_lab/vitis_ws/milestone2/zynq_fsbl/zynq_fsbl_bsp/system.mss|system||

TRACE::2026-07-22.14:15:31::SCWMssOS::Sw design exists and opened at  /home/ran/Documents/uni/s10/asip_lab/vitis_ws/milestone2/zynq_fsbl/zynq_fsbl_bsp/system.mss
TRACE::2026-07-22.14:15:31::SCWPlatform::Trying to open the hw design at /home/ran/Documents/uni/s10/asip_lab/vitis_ws/milestone2/hw/design_1_wrapper.xsa
TRACE::2026-07-22.14:15:31::SCWPlatform::DSA given /home/ran/Documents/uni/s10/asip_lab/vitis_ws/milestone2/hw/design_1_wrapper.xsa
TRACE::2026-07-22.14:15:31::SCWPlatform::DSA absoulate path /home/ran/Documents/uni/s10/asip_lab/vitis_ws/milestone2/hw/design_1_wrapper.xsa
TRACE::2026-07-22.14:15:31::SCWPlatform::DSA directory /home/ran/Documents/uni/s10/asip_lab/vitis_ws/milestone2/hw
TRACE::2026-07-22.14:15:31::SCWPlatform:: Platform Path /home/ran/Documents/uni/s10/asip_lab/vitis_ws/milestone2/hw/design_1_wrapper.xsa
TRACE::2026-07-22.14:15:31::SCWPlatform:: Unique name xilinx:::0.0
TRACE::2026-07-22.14:15:31::SCWPlatform::Trying to set the existing hwdb with name design_1_wrapper_0
TRACE::2026-07-22.14:15:31::SCWPlatform::Opened existing hwdb design_1_wrapper_0
TRACE::2026-07-22.14:15:31::SCWPlatform::Found the Hw Db part of the input DSA
TRACE::2026-07-22.14:15:31::SCWMssOS::Checking the sw design at  /home/ran/Documents/uni/s10/asip_lab/vitis_ws/milestone2/zynq_fsbl/zynq_fsbl_bsp/system.mss
TRACE::2026-07-22.14:15:31::SCWMssOS::DEBUG:  swdes dump  /home/ran/Documents/uni/s10/asip_lab/vitis_ws/milestone2/ps7_cortexa9_0/standalone_domain/bsp/system.mss|system_0||
/home/ran/Documents/uni/s10/asip_lab/vitis_ws/milestone2/zynq_fsbl/zynq_fsbl_bsp/system.mss|system||

TRACE::2026-07-22.14:15:31::SCWMssOS::Sw design exists and opened at  /home/ran/Documents/uni/s10/asip_lab/vitis_ws/milestone2/zynq_fsbl/zynq_fsbl_bsp/system.mss
TRACE::2026-07-22.14:15:31::SCWPlatform::Trying to open the hw design at /home/ran/Documents/uni/s10/asip_lab/vitis_ws/milestone2/hw/design_1_wrapper.xsa
TRACE::2026-07-22.14:15:31::SCWPlatform::DSA given /home/ran/Documents/uni/s10/asip_lab/vitis_ws/milestone2/hw/design_1_wrapper.xsa
TRACE::2026-07-22.14:15:31::SCWPlatform::DSA absoulate path /home/ran/Documents/uni/s10/asip_lab/vitis_ws/milestone2/hw/design_1_wrapper.xsa
TRACE::2026-07-22.14:15:31::SCWPlatform::DSA directory /home/ran/Documents/uni/s10/asip_lab/vitis_ws/milestone2/hw
TRACE::2026-07-22.14:15:31::SCWPlatform:: Platform Path /home/ran/Documents/uni/s10/asip_lab/vitis_ws/milestone2/hw/design_1_wrapper.xsa
TRACE::2026-07-22.14:15:31::SCWPlatform:: Unique name xilinx:::0.0
TRACE::2026-07-22.14:15:31::SCWPlatform::Trying to set the existing hwdb with name design_1_wrapper_0
TRACE::2026-07-22.14:15:31::SCWPlatform::Opened existing hwdb design_1_wrapper_0
TRACE::2026-07-22.14:15:31::SCWPlatform::Found the Hw Db part of the input DSA
TRACE::2026-07-22.14:15:31::SCWMssOS::Checking the sw design at  /home/ran/Documents/uni/s10/asip_lab/vitis_ws/milestone2/zynq_fsbl/zynq_fsbl_bsp/system.mss
TRACE::2026-07-22.14:15:31::SCWMssOS::DEBUG:  swdes dump  /home/ran/Documents/uni/s10/asip_lab/vitis_ws/milestone2/ps7_cortexa9_0/standalone_domain/bsp/system.mss|system_0||
/home/ran/Documents/uni/s10/asip_lab/vitis_ws/milestone2/zynq_fsbl/zynq_fsbl_bsp/system.mss|system||

TRACE::2026-07-22.14:15:31::SCWMssOS::Sw design exists and opened at  /home/ran/Documents/uni/s10/asip_lab/vitis_ws/milestone2/zynq_fsbl/zynq_fsbl_bsp/system.mss
TRACE::2026-07-22.14:15:31::SCWPlatform::Trying to open the hw design at /home/ran/Documents/uni/s10/asip_lab/vitis_ws/milestone2/hw/design_1_wrapper.xsa
TRACE::2026-07-22.14:15:31::SCWPlatform::DSA given /home/ran/Documents/uni/s10/asip_lab/vitis_ws/milestone2/hw/design_1_wrapper.xsa
TRACE::2026-07-22.14:15:31::SCWPlatform::DSA absoulate path /home/ran/Documents/uni/s10/asip_lab/vitis_ws/milestone2/hw/design_1_wrapper.xsa
TRACE::2026-07-22.14:15:31::SCWPlatform::DSA directory /home/ran/Documents/uni/s10/asip_lab/vitis_ws/milestone2/hw
TRACE::2026-07-22.14:15:31::SCWPlatform:: Platform Path /home/ran/Documents/uni/s10/asip_lab/vitis_ws/milestone2/hw/design_1_wrapper.xsa
TRACE::2026-07-22.14:15:31::SCWPlatform:: Unique name xilinx:::0.0
TRACE::2026-07-22.14:15:31::SCWPlatform::Trying to set the existing hwdb with name design_1_wrapper_0
TRACE::2026-07-22.14:15:31::SCWPlatform::Opened existing hwdb design_1_wrapper_0
TRACE::2026-07-22.14:15:31::SCWPlatform::Found the Hw Db part of the input DSA
TRACE::2026-07-22.14:15:31::SCWMssOS::Checking the sw design at  /home/ran/Documents/uni/s10/asip_lab/vitis_ws/milestone2/ps7_cortexa9_0/standalone_domain/bsp/system.mss
TRACE::2026-07-22.14:15:31::SCWMssOS::DEBUG:  swdes dump  /home/ran/Documents/uni/s10/asip_lab/vitis_ws/milestone2/ps7_cortexa9_0/standalone_domain/bsp/system.mss|system_0||
/home/ran/Documents/uni/s10/asip_lab/vitis_ws/milestone2/zynq_fsbl/zynq_fsbl_bsp/system.mss|system||

TRACE::2026-07-22.14:15:31::SCWMssOS::Sw design exists and opened at  /home/ran/Documents/uni/s10/asip_lab/vitis_ws/milestone2/ps7_cortexa9_0/standalone_domain/bsp/system.mss
TRACE::2026-07-22.14:15:31::SCWPlatform::Trying to open the hw design at /home/ran/Documents/uni/s10/asip_lab/vitis_ws/milestone2/hw/design_1_wrapper.xsa
TRACE::2026-07-22.14:15:31::SCWPlatform::DSA given /home/ran/Documents/uni/s10/asip_lab/vitis_ws/milestone2/hw/design_1_wrapper.xsa
TRACE::2026-07-22.14:15:31::SCWPlatform::DSA absoulate path /home/ran/Documents/uni/s10/asip_lab/vitis_ws/milestone2/hw/design_1_wrapper.xsa
TRACE::2026-07-22.14:15:31::SCWPlatform::DSA directory /home/ran/Documents/uni/s10/asip_lab/vitis_ws/milestone2/hw
TRACE::2026-07-22.14:15:31::SCWPlatform:: Platform Path /home/ran/Documents/uni/s10/asip_lab/vitis_ws/milestone2/hw/design_1_wrapper.xsa
TRACE::2026-07-22.14:15:31::SCWPlatform:: Unique name xilinx:::0.0
TRACE::2026-07-22.14:15:31::SCWPlatform::Trying to set the existing hwdb with name design_1_wrapper_0
TRACE::2026-07-22.14:15:31::SCWPlatform::Opened existing hwdb design_1_wrapper_0
TRACE::2026-07-22.14:15:31::SCWPlatform::Found the Hw Db part of the input DSA
TRACE::2026-07-22.14:15:31::SCWMssOS::Checking the sw design at  /home/ran/Documents/uni/s10/asip_lab/vitis_ws/milestone2/ps7_cortexa9_0/standalone_domain/bsp/system.mss
TRACE::2026-07-22.14:15:31::SCWMssOS::DEBUG:  swdes dump  /home/ran/Documents/uni/s10/asip_lab/vitis_ws/milestone2/ps7_cortexa9_0/standalone_domain/bsp/system.mss|system_0||
/home/ran/Documents/uni/s10/asip_lab/vitis_ws/milestone2/zynq_fsbl/zynq_fsbl_bsp/system.mss|system||

TRACE::2026-07-22.14:15:31::SCWMssOS::Sw design exists and opened at  /home/ran/Documents/uni/s10/asip_lab/vitis_ws/milestone2/ps7_cortexa9_0/standalone_domain/bsp/system.mss
TRACE::2026-07-22.14:15:31::SCWPlatform::Trying to open the hw design at /home/ran/Documents/uni/s10/asip_lab/vitis_ws/milestone2/hw/design_1_wrapper.xsa
TRACE::2026-07-22.14:15:31::SCWPlatform::DSA given /home/ran/Documents/uni/s10/asip_lab/vitis_ws/milestone2/hw/design_1_wrapper.xsa
TRACE::2026-07-22.14:15:31::SCWPlatform::DSA absoulate path /home/ran/Documents/uni/s10/asip_lab/vitis_ws/milestone2/hw/design_1_wrapper.xsa
TRACE::2026-07-22.14:15:31::SCWPlatform::DSA directory /home/ran/Documents/uni/s10/asip_lab/vitis_ws/milestone2/hw
TRACE::2026-07-22.14:15:31::SCWPlatform:: Platform Path /home/ran/Documents/uni/s10/asip_lab/vitis_ws/milestone2/hw/design_1_wrapper.xsa
TRACE::2026-07-22.14:15:31::SCWPlatform:: Unique name xilinx:::0.0
TRACE::2026-07-22.14:15:31::SCWPlatform::Trying to set the existing hwdb with name design_1_wrapper_0
TRACE::2026-07-22.14:15:31::SCWPlatform::Opened existing hwdb design_1_wrapper_0
TRACE::2026-07-22.14:15:31::SCWPlatform::Found the Hw Db part of the input DSA
TRACE::2026-07-22.14:15:31::SCWMssOS::Checking the sw design at  /home/ran/Documents/uni/s10/asip_lab/vitis_ws/milestone2/ps7_cortexa9_0/standalone_domain/bsp/system.mss
TRACE::2026-07-22.14:15:31::SCWMssOS::DEBUG:  swdes dump  /home/ran/Documents/uni/s10/asip_lab/vitis_ws/milestone2/ps7_cortexa9_0/standalone_domain/bsp/system.mss|system_0||
/home/ran/Documents/uni/s10/asip_lab/vitis_ws/milestone2/zynq_fsbl/zynq_fsbl_bsp/system.mss|system||

TRACE::2026-07-22.14:15:31::SCWMssOS::Sw design exists and opened at  /home/ran/Documents/uni/s10/asip_lab/vitis_ws/milestone2/ps7_cortexa9_0/standalone_domain/bsp/system.mss
TRACE::2026-07-22.14:15:31::SCWWriter::formatted JSON is {
	"platformName":	"milestone2",
	"sprVersion":	"2.0",
	"mode":	"gui",
	"dsaType":	"Fixed",
	"platformDesc":	"milestone2",
	"platHandOff":	"/home/ran/Documents/uni/s10/asip_lab/final_project/design_1_wrapper.xsa",
	"platIntHandOff":	"<platformDir>/hw/design_1_wrapper.xsa",
	"deviceType":	"zynq",
	"platIsPrebuiltAutogen":	"false",
	"platIsNoBootBsp":	"false",
	"platFsblTarget":	"ps7_cortexa9_0",
	"hasFsblMakeHasChanges":	"false",
	"hasPmufwMakeHasChanges":	"false",
	"fsblExtraCompilerFlags":	"-MMD -MP       -mcpu=cortex-a9 -mfpu=vfpv3 -mfloat-abi=hard ",
	"platPreBuiltFlag":	false,
	"platformSamplesDir":	"",
	"platActiveSys":	"milestone2",
	"systems":	[{
			"systemName":	"milestone2",
			"systemDesc":	"milestone2",
			"sysIsBootAutoGen":	"true",
			"systemDispName":	"milestone2",
			"sysActiveDom":	"standalone_domain",
			"sysDefaultDom":	"standalone_domain",
			"domains":	[{
					"domainName":	"zynq_fsbl",
					"domainDispName":	"zynq_fsbl",
					"domainDesc":	"FSBL Application BSP - Auto Generated.",
					"processors":	"ps7_cortexa9_0",
					"os":	"standalone",
					"sdxOs":	"standalone",
					"debugEnable":	"",
					"domRuntimes":	["cpp"],
					"swRepo":	"",
					"mssOsVer":	"8.0",
					"mssFile":	"",
					"md5Digest":	"9529648be68af926e730746d2a8236a7",
					"compatibleApp":	"zynq_fsbl",
					"domType":	"bootDomain",
					"arch":	"32-bit",
					"appSettings":	{
						"appCompilerFlags":	"",
						"appLinkerFlags":	""
					},
					"addedLibs":	["xilffs:4.8", "xilrsa:1.6"],
					"libOptions":	{
						"libsContainingOptions":	[]
					},
					"prebuiltLibs":	{
						"prebuiltIncPath":	[],
						"prebuiltLibPath":	[]
					},
					"isolation":	{
					}
				}, {
					"domainName":	"standalone_domain",
					"domainDispName":	"standalone on ps7_cortexa9_0",
					"domainDesc":	"standalone_domain",
					"processors":	"ps7_cortexa9_0",
					"os":	"standalone",
					"sdxOs":	"standalone",
					"qemuArgs":	"<platformDir>/resources/milestone2/standalone_domain/qemu_args.txt",
					"qemuData":	"<platformDir>/resources/milestone2/standalone_domain/qemu",
					"debugEnable":	"False",
					"domRuntimes":	["cpp"],
					"swRepo":	"",
					"mssOsVer":	"8.0",
					"mssFile":	"",
					"md5Digest":	"ddd5550a82d88e2be420b475a704e9c9",
					"compatibleApp":	"",
					"domType":	"mssDomain",
					"appSettings":	{
						"appCompilerFlags":	"",
						"appLinkerFlags":	""
					},
					"addedLibs":	[],
					"libOptions":	{
						"libsContainingOptions":	[]
					},
					"prebuiltLibs":	{
						"prebuiltIncPath":	[],
						"prebuiltLibPath":	[]
					},
					"isolation":	{
					}
				}]
		}]
}
TRACE::2026-07-22.14:15:31::SCWPlatform::Clearing the existing platform
TRACE::2026-07-22.14:15:31::SCWSystem::Clearing the existing sysconfig
TRACE::2026-07-22.14:15:31::SCWBDomain::clearing the fsbl build
TRACE::2026-07-22.14:15:31::SCWMssOS::Removing the swdes entry for  /home/ran/Documents/uni/s10/asip_lab/vitis_ws/milestone2/zynq_fsbl/zynq_fsbl_bsp/system.mss
TRACE::2026-07-22.14:15:31::SCWMssOS::Removing the swdes entry for  /home/ran/Documents/uni/s10/asip_lab/vitis_ws/milestone2/ps7_cortexa9_0/standalone_domain/bsp/system.mss
TRACE::2026-07-22.14:15:31::SCWSystem::Clearing the domains completed.
TRACE::2026-07-22.14:15:31::SCWPlatform::Clearing the opened hw db.
TRACE::2026-07-22.14:15:31::SCWPlatform::DSA given /home/ran/Documents/uni/s10/asip_lab/vitis_ws/milestone2/hw/design_1_wrapper.xsa
TRACE::2026-07-22.14:15:31::SCWPlatform::DSA absoulate path /home/ran/Documents/uni/s10/asip_lab/vitis_ws/milestone2/hw/design_1_wrapper.xsa
TRACE::2026-07-22.14:15:31::SCWPlatform:: Platform location is /home/ran/Documents/uni/s10/asip_lab/vitis_ws/milestone2/hw
TRACE::2026-07-22.14:15:31::SCWPlatform:: Platform Path /home/ran/Documents/uni/s10/asip_lab/vitis_ws/milestone2/hw/design_1_wrapper.xsa
TRACE::2026-07-22.14:15:31::SCWPlatform:: Unique name xilinx:::0.0
TRACE::2026-07-22.14:15:31::SCWPlatform::Removing the HwDB with name /home/ran/Documents/uni/s10/asip_lab/vitis_ws/milestone2/hw/design_1_wrapper.xsa
TRACE::2026-07-22.14:15:31::SCWPlatform::Trying to open the hw design at /home/ran/Documents/uni/s10/asip_lab/vitis_ws/milestone2/hw/design_1_wrapper.xsa
TRACE::2026-07-22.14:15:31::SCWPlatform::DSA given /home/ran/Documents/uni/s10/asip_lab/vitis_ws/milestone2/hw/design_1_wrapper.xsa
TRACE::2026-07-22.14:15:31::SCWPlatform::DSA absoulate path /home/ran/Documents/uni/s10/asip_lab/vitis_ws/milestone2/hw/design_1_wrapper.xsa
TRACE::2026-07-22.14:15:31::SCWPlatform::DSA directory /home/ran/Documents/uni/s10/asip_lab/vitis_ws/milestone2/hw
TRACE::2026-07-22.14:15:31::SCWPlatform:: Platform Path /home/ran/Documents/uni/s10/asip_lab/vitis_ws/milestone2/hw/design_1_wrapper.xsa
TRACE::2026-07-22.14:15:31::SCWPlatform:: Unique name xilinx:::0.0
TRACE::2026-07-22.14:15:31::SCWPlatform::Do not have an existing db opened. 
TRACE::2026-07-22.14:15:32::SCWPlatform::Opened new HwDB with name design_1_wrapper_1
TRACE::2026-07-22.14:15:32::SCWReader::Active system found as  milestone2
TRACE::2026-07-22.14:15:32::SCWReader::Handling sysconfig milestone2
TRACE::2026-07-22.14:15:32::SCWDomain::checking for install qemu data   : 
TRACE::2026-07-22.14:15:32::SCWDomain:: Using the QEMU Data from install at  : /home/ran/bin/Xilinx/Vitis/2022.2/data/emulation/platforms/zynq/sw/a9_standalone/qemu/
TRACE::2026-07-22.14:15:32::SCWDomain:: Using the QEMU args  from install at  : /home/ran/bin/Xilinx/Vitis/2022.2/data/emulation/platforms/zynq/sw/a9_standalone/qemu/qemu_args.txt
TRACE::2026-07-22.14:15:32::SCWPlatform::Trying to open the hw design at /home/ran/Documents/uni/s10/asip_lab/vitis_ws/milestone2/hw/design_1_wrapper.xsa
TRACE::2026-07-22.14:15:32::SCWPlatform::DSA given /home/ran/Documents/uni/s10/asip_lab/vitis_ws/milestone2/hw/design_1_wrapper.xsa
TRACE::2026-07-22.14:15:32::SCWPlatform::DSA absoulate path /home/ran/Documents/uni/s10/asip_lab/vitis_ws/milestone2/hw/design_1_wrapper.xsa
TRACE::2026-07-22.14:15:32::SCWPlatform::DSA directory /home/ran/Documents/uni/s10/asip_lab/vitis_ws/milestone2/hw
TRACE::2026-07-22.14:15:32::SCWPlatform:: Platform Path /home/ran/Documents/uni/s10/asip_lab/vitis_ws/milestone2/hw/design_1_wrapper.xsa
TRACE::2026-07-22.14:15:32::SCWPlatform:: Unique name xilinx:::0.0
TRACE::2026-07-22.14:15:32::SCWPlatform::Trying to set the existing hwdb with name design_1_wrapper_1
TRACE::2026-07-22.14:15:32::SCWPlatform::Opened existing hwdb design_1_wrapper_1
TRACE::2026-07-22.14:15:32::SCWPlatform::Found the Hw Db part of the input DSA
TRACE::2026-07-22.14:15:32::SCWPlatform::Trying to open the hw design at /home/ran/Documents/uni/s10/asip_lab/vitis_ws/milestone2/hw/design_1_wrapper.xsa
TRACE::2026-07-22.14:15:32::SCWPlatform::DSA given /home/ran/Documents/uni/s10/asip_lab/vitis_ws/milestone2/hw/design_1_wrapper.xsa
TRACE::2026-07-22.14:15:32::SCWPlatform::DSA absoulate path /home/ran/Documents/uni/s10/asip_lab/vitis_ws/milestone2/hw/design_1_wrapper.xsa
TRACE::2026-07-22.14:15:32::SCWPlatform::DSA directory /home/ran/Documents/uni/s10/asip_lab/vitis_ws/milestone2/hw
TRACE::2026-07-22.14:15:32::SCWPlatform:: Platform Path /home/ran/Documents/uni/s10/asip_lab/vitis_ws/milestone2/hw/design_1_wrapper.xsa
TRACE::2026-07-22.14:15:32::SCWPlatform:: Unique name xilinx:::0.0
TRACE::2026-07-22.14:15:32::SCWPlatform::Trying to set the existing hwdb with name design_1_wrapper_1
TRACE::2026-07-22.14:15:32::SCWPlatform::Opened existing hwdb design_1_wrapper_1
TRACE::2026-07-22.14:15:32::SCWPlatform::Found the Hw Db part of the input DSA
TRACE::2026-07-22.14:15:32::SCWPlatform::Trying to open the hw design at /home/ran/Documents/uni/s10/asip_lab/vitis_ws/milestone2/hw/design_1_wrapper.xsa
TRACE::2026-07-22.14:15:32::SCWPlatform::DSA given /home/ran/Documents/uni/s10/asip_lab/vitis_ws/milestone2/hw/design_1_wrapper.xsa
TRACE::2026-07-22.14:15:32::SCWPlatform::DSA absoulate path /home/ran/Documents/uni/s10/asip_lab/vitis_ws/milestone2/hw/design_1_wrapper.xsa
TRACE::2026-07-22.14:15:32::SCWPlatform::DSA directory /home/ran/Documents/uni/s10/asip_lab/vitis_ws/milestone2/hw
TRACE::2026-07-22.14:15:32::SCWPlatform:: Platform Path /home/ran/Documents/uni/s10/asip_lab/vitis_ws/milestone2/hw/design_1_wrapper.xsa
TRACE::2026-07-22.14:15:32::SCWPlatform:: Unique name xilinx:::0.0
TRACE::2026-07-22.14:15:32::SCWPlatform::Trying to set the existing hwdb with name design_1_wrapper_1
TRACE::2026-07-22.14:15:32::SCWPlatform::Opened existing hwdb design_1_wrapper_1
TRACE::2026-07-22.14:15:32::SCWPlatform::Found the Hw Db part of the input DSA
TRACE::2026-07-22.14:15:32::SCWReader::Boot application domain added for zynq_fsbl
TRACE::2026-07-22.14:15:32::SCWPlatform::Trying to open the hw design at /home/ran/Documents/uni/s10/asip_lab/vitis_ws/milestone2/hw/design_1_wrapper.xsa
TRACE::2026-07-22.14:15:32::SCWPlatform::DSA given /home/ran/Documents/uni/s10/asip_lab/vitis_ws/milestone2/hw/design_1_wrapper.xsa
TRACE::2026-07-22.14:15:32::SCWPlatform::DSA absoulate path /home/ran/Documents/uni/s10/asip_lab/vitis_ws/milestone2/hw/design_1_wrapper.xsa
TRACE::2026-07-22.14:15:32::SCWPlatform::DSA directory /home/ran/Documents/uni/s10/asip_lab/vitis_ws/milestone2/hw
TRACE::2026-07-22.14:15:32::SCWPlatform:: Platform Path /home/ran/Documents/uni/s10/asip_lab/vitis_ws/milestone2/hw/design_1_wrapper.xsa
TRACE::2026-07-22.14:15:32::SCWPlatform:: Unique name xilinx:::0.0
TRACE::2026-07-22.14:15:32::SCWPlatform::Trying to set the existing hwdb with name design_1_wrapper_1
TRACE::2026-07-22.14:15:32::SCWPlatform::Opened existing hwdb design_1_wrapper_1
TRACE::2026-07-22.14:15:32::SCWPlatform::Found the Hw Db part of the input DSA
TRACE::2026-07-22.14:15:32::SCWMssOS::Checking the sw design at  /home/ran/Documents/uni/s10/asip_lab/vitis_ws/milestone2/zynq_fsbl/zynq_fsbl_bsp/system.mss
TRACE::2026-07-22.14:15:32::SCWMssOS::DEBUG:  swdes dump  
TRACE::2026-07-22.14:15:32::SCWMssOS::No sw design opened at  /home/ran/Documents/uni/s10/asip_lab/vitis_ws/milestone2/zynq_fsbl/zynq_fsbl_bsp/system.mss
TRACE::2026-07-22.14:15:32::SCWMssOS::mss exists loading the mss file  /home/ran/Documents/uni/s10/asip_lab/vitis_ws/milestone2/zynq_fsbl/zynq_fsbl_bsp/system.mss
TRACE::2026-07-22.14:15:32::SCWMssOS::Opened the sw design from mss  /home/ran/Documents/uni/s10/asip_lab/vitis_ws/milestone2/zynq_fsbl/zynq_fsbl_bsp/system.mss
TRACE::2026-07-22.14:15:32::SCWMssOS::Adding the swdes entry /home/ran/Documents/uni/s10/asip_lab/vitis_ws/milestone2/zynq_fsbl/zynq_fsbl_bsp/system.mss with des name system
TRACE::2026-07-22.14:15:32::SCWMssOS::updating the scw layer about changes
TRACE::2026-07-22.14:15:32::SCWMssOS::Opened the sw design.  /home/ran/Documents/uni/s10/asip_lab/vitis_ws/milestone2/zynq_fsbl/zynq_fsbl_bsp/system.mss
TRACE::2026-07-22.14:15:32::SCWPlatform::Trying to open the hw design at /home/ran/Documents/uni/s10/asip_lab/vitis_ws/milestone2/hw/design_1_wrapper.xsa
TRACE::2026-07-22.14:15:32::SCWPlatform::DSA given /home/ran/Documents/uni/s10/asip_lab/vitis_ws/milestone2/hw/design_1_wrapper.xsa
TRACE::2026-07-22.14:15:32::SCWPlatform::DSA absoulate path /home/ran/Documents/uni/s10/asip_lab/vitis_ws/milestone2/hw/design_1_wrapper.xsa
TRACE::2026-07-22.14:15:32::SCWPlatform::DSA directory /home/ran/Documents/uni/s10/asip_lab/vitis_ws/milestone2/hw
TRACE::2026-07-22.14:15:32::SCWPlatform:: Platform Path /home/ran/Documents/uni/s10/asip_lab/vitis_ws/milestone2/hw/design_1_wrapper.xsa
TRACE::2026-07-22.14:15:32::SCWPlatform:: Unique name xilinx:::0.0
TRACE::2026-07-22.14:15:32::SCWPlatform::Trying to set the existing hwdb with name design_1_wrapper_1
TRACE::2026-07-22.14:15:32::SCWPlatform::Opened existing hwdb design_1_wrapper_1
TRACE::2026-07-22.14:15:32::SCWPlatform::Found the Hw Db part of the input DSA
TRACE::2026-07-22.14:15:32::SCWMssOS::Checking the sw design at  /home/ran/Documents/uni/s10/asip_lab/vitis_ws/milestone2/zynq_fsbl/zynq_fsbl_bsp/system.mss
TRACE::2026-07-22.14:15:32::SCWMssOS::DEBUG:  swdes dump  /home/ran/Documents/uni/s10/asip_lab/vitis_ws/milestone2/zynq_fsbl/zynq_fsbl_bsp/system.mss|system||

TRACE::2026-07-22.14:15:32::SCWMssOS::Sw design exists and opened at  /home/ran/Documents/uni/s10/asip_lab/vitis_ws/milestone2/zynq_fsbl/zynq_fsbl_bsp/system.mss
TRACE::2026-07-22.14:15:32::SCWMssOS:: library already available in sw design:  xilffs:4.8
TRACE::2026-07-22.14:15:32::SCWPlatform::Trying to open the hw design at /home/ran/Documents/uni/s10/asip_lab/vitis_ws/milestone2/hw/design_1_wrapper.xsa
TRACE::2026-07-22.14:15:32::SCWPlatform::DSA given /home/ran/Documents/uni/s10/asip_lab/vitis_ws/milestone2/hw/design_1_wrapper.xsa
TRACE::2026-07-22.14:15:32::SCWPlatform::DSA absoulate path /home/ran/Documents/uni/s10/asip_lab/vitis_ws/milestone2/hw/design_1_wrapper.xsa
TRACE::2026-07-22.14:15:32::SCWPlatform::DSA directory /home/ran/Documents/uni/s10/asip_lab/vitis_ws/milestone2/hw
TRACE::2026-07-22.14:15:32::SCWPlatform:: Platform Path /home/ran/Documents/uni/s10/asip_lab/vitis_ws/milestone2/hw/design_1_wrapper.xsa
TRACE::2026-07-22.14:15:32::SCWPlatform:: Unique name xilinx:::0.0
TRACE::2026-07-22.14:15:32::SCWPlatform::Trying to set the existing hwdb with name design_1_wrapper_1
TRACE::2026-07-22.14:15:32::SCWPlatform::Opened existing hwdb design_1_wrapper_1
TRACE::2026-07-22.14:15:32::SCWPlatform::Found the Hw Db part of the input DSA
TRACE::2026-07-22.14:15:32::SCWMssOS::Checking the sw design at  /home/ran/Documents/uni/s10/asip_lab/vitis_ws/milestone2/zynq_fsbl/zynq_fsbl_bsp/system.mss
TRACE::2026-07-22.14:15:32::SCWMssOS::DEBUG:  swdes dump  /home/ran/Documents/uni/s10/asip_lab/vitis_ws/milestone2/zynq_fsbl/zynq_fsbl_bsp/system.mss|system||

TRACE::2026-07-22.14:15:32::SCWMssOS::Sw design exists and opened at  /home/ran/Documents/uni/s10/asip_lab/vitis_ws/milestone2/zynq_fsbl/zynq_fsbl_bsp/system.mss
TRACE::2026-07-22.14:15:32::SCWMssOS:: library already available in sw design:  xilrsa:1.6
TRACE::2026-07-22.14:15:32::SCWMssOS::Saving the mss changes /home/ran/Documents/uni/s10/asip_lab/vitis_ws/milestone2/zynq_fsbl/zynq_fsbl_bsp/system.mss
TRACE::2026-07-22.14:15:32::SCWMssOS::Found a swdesign opened with the mssfile.
TRACE::2026-07-22.14:15:32::SCWMssOS::Completed writemss as part of save.
TRACE::2026-07-22.14:15:32::SCWMssOS::Commit changes completed.
TRACE::2026-07-22.14:15:32::SCWReader::Adding prebuilt librarypaths as   
TRACE::2026-07-22.14:15:32::SCWReader::Adding prebuilt incpaths  as   
TRACE::2026-07-22.14:15:32::SCWPlatform::Trying to open the hw design at /home/ran/Documents/uni/s10/asip_lab/vitis_ws/milestone2/hw/design_1_wrapper.xsa
TRACE::2026-07-22.14:15:32::SCWPlatform::DSA given /home/ran/Documents/uni/s10/asip_lab/vitis_ws/milestone2/hw/design_1_wrapper.xsa
TRACE::2026-07-22.14:15:32::SCWPlatform::DSA absoulate path /home/ran/Documents/uni/s10/asip_lab/vitis_ws/milestone2/hw/design_1_wrapper.xsa
TRACE::2026-07-22.14:15:32::SCWPlatform::DSA directory /home/ran/Documents/uni/s10/asip_lab/vitis_ws/milestone2/hw
TRACE::2026-07-22.14:15:32::SCWPlatform:: Platform Path /home/ran/Documents/uni/s10/asip_lab/vitis_ws/milestone2/hw/design_1_wrapper.xsa
TRACE::2026-07-22.14:15:32::SCWPlatform:: Unique name xilinx:::0.0
TRACE::2026-07-22.14:15:32::SCWPlatform::Trying to set the existing hwdb with name design_1_wrapper_1
TRACE::2026-07-22.14:15:32::SCWPlatform::Opened existing hwdb design_1_wrapper_1
TRACE::2026-07-22.14:15:32::SCWPlatform::Found the Hw Db part of the input DSA
TRACE::2026-07-22.14:15:32::SCWMssOS::Checking the sw design at  /home/ran/Documents/uni/s10/asip_lab/vitis_ws/milestone2/zynq_fsbl/zynq_fsbl_bsp/system.mss
TRACE::2026-07-22.14:15:32::SCWMssOS::DEBUG:  swdes dump  /home/ran/Documents/uni/s10/asip_lab/vitis_ws/milestone2/zynq_fsbl/zynq_fsbl_bsp/system.mss|system||

TRACE::2026-07-22.14:15:32::SCWMssOS::Sw design exists and opened at  /home/ran/Documents/uni/s10/asip_lab/vitis_ws/milestone2/zynq_fsbl/zynq_fsbl_bsp/system.mss
TRACE::2026-07-22.14:15:32::SCWReader::No isolation master present  
TRACE::2026-07-22.14:15:32::SCWDomain::checking for install qemu data   : 
TRACE::2026-07-22.14:15:32::SCWDomain:: Using the QEMU Data from install at  : /home/ran/bin/Xilinx/Vitis/2022.2/data/emulation/platforms/zynq/sw/a9_standalone/qemu/
TRACE::2026-07-22.14:15:32::SCWDomain:: Using the QEMU args  from install at  : /home/ran/bin/Xilinx/Vitis/2022.2/data/emulation/platforms/zynq/sw/a9_standalone/qemu/qemu_args.txt
TRACE::2026-07-22.14:15:32::SCWPlatform::Trying to open the hw design at /home/ran/Documents/uni/s10/asip_lab/vitis_ws/milestone2/hw/design_1_wrapper.xsa
TRACE::2026-07-22.14:15:32::SCWPlatform::DSA given /home/ran/Documents/uni/s10/asip_lab/vitis_ws/milestone2/hw/design_1_wrapper.xsa
TRACE::2026-07-22.14:15:32::SCWPlatform::DSA absoulate path /home/ran/Documents/uni/s10/asip_lab/vitis_ws/milestone2/hw/design_1_wrapper.xsa
TRACE::2026-07-22.14:15:32::SCWPlatform::DSA directory /home/ran/Documents/uni/s10/asip_lab/vitis_ws/milestone2/hw
TRACE::2026-07-22.14:15:32::SCWPlatform:: Platform Path /home/ran/Documents/uni/s10/asip_lab/vitis_ws/milestone2/hw/design_1_wrapper.xsa
TRACE::2026-07-22.14:15:32::SCWPlatform:: Unique name xilinx:::0.0
TRACE::2026-07-22.14:15:32::SCWPlatform::Trying to set the existing hwdb with name design_1_wrapper_1
TRACE::2026-07-22.14:15:32::SCWPlatform::Opened existing hwdb design_1_wrapper_1
TRACE::2026-07-22.14:15:32::SCWPlatform::Found the Hw Db part of the input DSA
TRACE::2026-07-22.14:15:32::SCWPlatform::Trying to open the hw design at /home/ran/Documents/uni/s10/asip_lab/vitis_ws/milestone2/hw/design_1_wrapper.xsa
TRACE::2026-07-22.14:15:32::SCWPlatform::DSA given /home/ran/Documents/uni/s10/asip_lab/vitis_ws/milestone2/hw/design_1_wrapper.xsa
TRACE::2026-07-22.14:15:32::SCWPlatform::DSA absoulate path /home/ran/Documents/uni/s10/asip_lab/vitis_ws/milestone2/hw/design_1_wrapper.xsa
TRACE::2026-07-22.14:15:32::SCWPlatform::DSA directory /home/ran/Documents/uni/s10/asip_lab/vitis_ws/milestone2/hw
TRACE::2026-07-22.14:15:32::SCWPlatform:: Platform Path /home/ran/Documents/uni/s10/asip_lab/vitis_ws/milestone2/hw/design_1_wrapper.xsa
TRACE::2026-07-22.14:15:32::SCWPlatform:: Unique name xilinx:::0.0
TRACE::2026-07-22.14:15:32::SCWPlatform::Trying to set the existing hwdb with name design_1_wrapper_1
TRACE::2026-07-22.14:15:32::SCWPlatform::Opened existing hwdb design_1_wrapper_1
TRACE::2026-07-22.14:15:32::SCWPlatform::Found the Hw Db part of the input DSA
TRACE::2026-07-22.14:15:32::SCWPlatform::Trying to open the hw design at /home/ran/Documents/uni/s10/asip_lab/vitis_ws/milestone2/hw/design_1_wrapper.xsa
TRACE::2026-07-22.14:15:32::SCWPlatform::DSA given /home/ran/Documents/uni/s10/asip_lab/vitis_ws/milestone2/hw/design_1_wrapper.xsa
TRACE::2026-07-22.14:15:32::SCWPlatform::DSA absoulate path /home/ran/Documents/uni/s10/asip_lab/vitis_ws/milestone2/hw/design_1_wrapper.xsa
TRACE::2026-07-22.14:15:32::SCWPlatform::DSA directory /home/ran/Documents/uni/s10/asip_lab/vitis_ws/milestone2/hw
TRACE::2026-07-22.14:15:32::SCWPlatform:: Platform Path /home/ran/Documents/uni/s10/asip_lab/vitis_ws/milestone2/hw/design_1_wrapper.xsa
TRACE::2026-07-22.14:15:32::SCWPlatform:: Unique name xilinx:::0.0
TRACE::2026-07-22.14:15:32::SCWPlatform::Trying to set the existing hwdb with name design_1_wrapper_1
TRACE::2026-07-22.14:15:32::SCWPlatform::Opened existing hwdb design_1_wrapper_1
TRACE::2026-07-22.14:15:32::SCWPlatform::Found the Hw Db part of the input DSA
TRACE::2026-07-22.14:15:32::SCWMssOS::Checking the sw design at  /home/ran/Documents/uni/s10/asip_lab/vitis_ws/milestone2/ps7_cortexa9_0/standalone_domain/bsp/system.mss
TRACE::2026-07-22.14:15:32::SCWMssOS::DEBUG:  swdes dump  /home/ran/Documents/uni/s10/asip_lab/vitis_ws/milestone2/zynq_fsbl/zynq_fsbl_bsp/system.mss|system||

TRACE::2026-07-22.14:15:32::SCWMssOS::No sw design opened at  /home/ran/Documents/uni/s10/asip_lab/vitis_ws/milestone2/ps7_cortexa9_0/standalone_domain/bsp/system.mss
TRACE::2026-07-22.14:15:32::SCWMssOS::mss exists loading the mss file  /home/ran/Documents/uni/s10/asip_lab/vitis_ws/milestone2/ps7_cortexa9_0/standalone_domain/bsp/system.mss
TRACE::2026-07-22.14:15:32::SCWMssOS::Opened the sw design from mss  /home/ran/Documents/uni/s10/asip_lab/vitis_ws/milestone2/ps7_cortexa9_0/standalone_domain/bsp/system.mss
TRACE::2026-07-22.14:15:32::SCWMssOS::Adding the swdes entry /home/ran/Documents/uni/s10/asip_lab/vitis_ws/milestone2/ps7_cortexa9_0/standalone_domain/bsp/system.mss with des name system_0
TRACE::2026-07-22.14:15:32::SCWMssOS::updating the scw layer about changes
TRACE::2026-07-22.14:15:32::SCWMssOS::Opened the sw design.  /home/ran/Documents/uni/s10/asip_lab/vitis_ws/milestone2/ps7_cortexa9_0/standalone_domain/bsp/system.mss
TRACE::2026-07-22.14:15:32::SCWMssOS::Saving the mss changes /home/ran/Documents/uni/s10/asip_lab/vitis_ws/milestone2/ps7_cortexa9_0/standalone_domain/bsp/system.mss
TRACE::2026-07-22.14:15:32::SCWMssOS::Found a swdesign opened with the mssfile.
TRACE::2026-07-22.14:15:32::SCWMssOS::Completed writemss as part of save.
TRACE::2026-07-22.14:15:32::SCWMssOS::Commit changes completed.
TRACE::2026-07-22.14:15:32::SCWReader::Adding prebuilt librarypaths as   
TRACE::2026-07-22.14:15:32::SCWReader::Adding prebuilt incpaths  as   
TRACE::2026-07-22.14:15:32::SCWPlatform::Trying to open the hw design at /home/ran/Documents/uni/s10/asip_lab/vitis_ws/milestone2/hw/design_1_wrapper.xsa
TRACE::2026-07-22.14:15:32::SCWPlatform::DSA given /home/ran/Documents/uni/s10/asip_lab/vitis_ws/milestone2/hw/design_1_wrapper.xsa
TRACE::2026-07-22.14:15:32::SCWPlatform::DSA absoulate path /home/ran/Documents/uni/s10/asip_lab/vitis_ws/milestone2/hw/design_1_wrapper.xsa
TRACE::2026-07-22.14:15:32::SCWPlatform::DSA directory /home/ran/Documents/uni/s10/asip_lab/vitis_ws/milestone2/hw
TRACE::2026-07-22.14:15:32::SCWPlatform:: Platform Path /home/ran/Documents/uni/s10/asip_lab/vitis_ws/milestone2/hw/design_1_wrapper.xsa
TRACE::2026-07-22.14:15:32::SCWPlatform:: Unique name xilinx:::0.0
TRACE::2026-07-22.14:15:32::SCWPlatform::Trying to set the existing hwdb with name design_1_wrapper_1
TRACE::2026-07-22.14:15:32::SCWPlatform::Opened existing hwdb design_1_wrapper_1
TRACE::2026-07-22.14:15:32::SCWPlatform::Found the Hw Db part of the input DSA
TRACE::2026-07-22.14:15:32::SCWMssOS::Checking the sw design at  /home/ran/Documents/uni/s10/asip_lab/vitis_ws/milestone2/ps7_cortexa9_0/standalone_domain/bsp/system.mss
TRACE::2026-07-22.14:15:32::SCWMssOS::DEBUG:  swdes dump  /home/ran/Documents/uni/s10/asip_lab/vitis_ws/milestone2/ps7_cortexa9_0/standalone_domain/bsp/system.mss|system_0||
/home/ran/Documents/uni/s10/asip_lab/vitis_ws/milestone2/zynq_fsbl/zynq_fsbl_bsp/system.mss|system||

TRACE::2026-07-22.14:15:32::SCWMssOS::Sw design exists and opened at  /home/ran/Documents/uni/s10/asip_lab/vitis_ws/milestone2/ps7_cortexa9_0/standalone_domain/bsp/system.mss
TRACE::2026-07-22.14:15:32::SCWReader::No isolation master present  
TRACE::2026-07-22.14:16:17::SCWPlatform::Trying to open the hw design at /home/ran/Documents/uni/s10/asip_lab/vitis_ws/milestone2/hw/design_1_wrapper.xsa
TRACE::2026-07-22.14:16:17::SCWPlatform::DSA given /home/ran/Documents/uni/s10/asip_lab/vitis_ws/milestone2/hw/design_1_wrapper.xsa
TRACE::2026-07-22.14:16:17::SCWPlatform::DSA absoulate path /home/ran/Documents/uni/s10/asip_lab/vitis_ws/milestone2/hw/design_1_wrapper.xsa
TRACE::2026-07-22.14:16:17::SCWPlatform::DSA directory /home/ran/Documents/uni/s10/asip_lab/vitis_ws/milestone2/hw
TRACE::2026-07-22.14:16:17::SCWPlatform:: Platform Path /home/ran/Documents/uni/s10/asip_lab/vitis_ws/milestone2/hw/design_1_wrapper.xsa
TRACE::2026-07-22.14:16:17::SCWPlatform:: Unique name xilinx:::0.0
TRACE::2026-07-22.14:16:17::SCWPlatform::Trying to set the existing hwdb with name design_1_wrapper_1
TRACE::2026-07-22.14:16:17::SCWPlatform::Opened existing hwdb design_1_wrapper_1
TRACE::2026-07-22.14:16:17::SCWPlatform::Found the Hw Db part of the input DSA
TRACE::2026-07-22.14:16:17::SCWMssOS::Checking the sw design at  /home/ran/Documents/uni/s10/asip_lab/vitis_ws/milestone2/zynq_fsbl/zynq_fsbl_bsp/system.mss
TRACE::2026-07-22.14:16:17::SCWMssOS::DEBUG:  swdes dump  /home/ran/Documents/uni/s10/asip_lab/vitis_ws/milestone2/ps7_cortexa9_0/standalone_domain/bsp/system.mss|system_0||
/home/ran/Documents/uni/s10/asip_lab/vitis_ws/milestone2/zynq_fsbl/zynq_fsbl_bsp/system.mss|system||

TRACE::2026-07-22.14:16:17::SCWMssOS::Sw design exists and opened at  /home/ran/Documents/uni/s10/asip_lab/vitis_ws/milestone2/zynq_fsbl/zynq_fsbl_bsp/system.mss
TRACE::2026-07-22.14:16:17::SCWMssOS::In reload Mss file.
TRACE::2026-07-22.14:16:17::SCWPlatform::Trying to open the hw design at /home/ran/Documents/uni/s10/asip_lab/vitis_ws/milestone2/hw/design_1_wrapper.xsa
TRACE::2026-07-22.14:16:17::SCWPlatform::DSA given /home/ran/Documents/uni/s10/asip_lab/vitis_ws/milestone2/hw/design_1_wrapper.xsa
TRACE::2026-07-22.14:16:17::SCWPlatform::DSA absoulate path /home/ran/Documents/uni/s10/asip_lab/vitis_ws/milestone2/hw/design_1_wrapper.xsa
TRACE::2026-07-22.14:16:17::SCWPlatform::DSA directory /home/ran/Documents/uni/s10/asip_lab/vitis_ws/milestone2/hw
TRACE::2026-07-22.14:16:17::SCWPlatform:: Platform Path /home/ran/Documents/uni/s10/asip_lab/vitis_ws/milestone2/hw/design_1_wrapper.xsa
TRACE::2026-07-22.14:16:17::SCWPlatform:: Unique name xilinx:::0.0
TRACE::2026-07-22.14:16:17::SCWPlatform::Trying to set the existing hwdb with name design_1_wrapper_1
TRACE::2026-07-22.14:16:17::SCWPlatform::Opened existing hwdb design_1_wrapper_1
TRACE::2026-07-22.14:16:17::SCWPlatform::Found the Hw Db part of the input DSA
TRACE::2026-07-22.14:16:17::SCWMssOS::Checking the sw design at  /home/ran/Documents/uni/s10/asip_lab/vitis_ws/milestone2/zynq_fsbl/zynq_fsbl_bsp/system.mss
TRACE::2026-07-22.14:16:17::SCWMssOS::DEBUG:  swdes dump  /home/ran/Documents/uni/s10/asip_lab/vitis_ws/milestone2/ps7_cortexa9_0/standalone_domain/bsp/system.mss|system_0||

TRACE::2026-07-22.14:16:17::SCWMssOS::No sw design opened at  /home/ran/Documents/uni/s10/asip_lab/vitis_ws/milestone2/zynq_fsbl/zynq_fsbl_bsp/system.mss
TRACE::2026-07-22.14:16:17::SCWMssOS::mss exists loading the mss file  /home/ran/Documents/uni/s10/asip_lab/vitis_ws/milestone2/zynq_fsbl/zynq_fsbl_bsp/system.mss
TRACE::2026-07-22.14:16:17::SCWMssOS::Opened the sw design from mss  /home/ran/Documents/uni/s10/asip_lab/vitis_ws/milestone2/zynq_fsbl/zynq_fsbl_bsp/system.mss
TRACE::2026-07-22.14:16:17::SCWMssOS::Adding the swdes entry /home/ran/Documents/uni/s10/asip_lab/vitis_ws/milestone2/zynq_fsbl/zynq_fsbl_bsp/system.mss with des name system
TRACE::2026-07-22.14:16:17::SCWMssOS::updating the scw layer about changes
TRACE::2026-07-22.14:16:17::SCWMssOS::Opened the sw design.  /home/ran/Documents/uni/s10/asip_lab/vitis_ws/milestone2/zynq_fsbl/zynq_fsbl_bsp/system.mss
TRACE::2026-07-22.14:16:17::SCWPlatform::Trying to open the hw design at /home/ran/Documents/uni/s10/asip_lab/vitis_ws/milestone2/hw/design_1_wrapper.xsa
TRACE::2026-07-22.14:16:17::SCWPlatform::DSA given /home/ran/Documents/uni/s10/asip_lab/vitis_ws/milestone2/hw/design_1_wrapper.xsa
TRACE::2026-07-22.14:16:17::SCWPlatform::DSA absoulate path /home/ran/Documents/uni/s10/asip_lab/vitis_ws/milestone2/hw/design_1_wrapper.xsa
TRACE::2026-07-22.14:16:17::SCWPlatform::DSA directory /home/ran/Documents/uni/s10/asip_lab/vitis_ws/milestone2/hw
TRACE::2026-07-22.14:16:17::SCWPlatform:: Platform Path /home/ran/Documents/uni/s10/asip_lab/vitis_ws/milestone2/hw/design_1_wrapper.xsa
TRACE::2026-07-22.14:16:17::SCWPlatform:: Unique name xilinx:::0.0
TRACE::2026-07-22.14:16:17::SCWPlatform::Trying to set the existing hwdb with name design_1_wrapper_1
TRACE::2026-07-22.14:16:17::SCWPlatform::Opened existing hwdb design_1_wrapper_1
TRACE::2026-07-22.14:16:17::SCWPlatform::Found the Hw Db part of the input DSA
TRACE::2026-07-22.14:16:17::SCWMssOS::Checking the sw design at  /home/ran/Documents/uni/s10/asip_lab/vitis_ws/milestone2/zynq_fsbl/zynq_fsbl_bsp/system.mss
TRACE::2026-07-22.14:16:17::SCWMssOS::DEBUG:  swdes dump  /home/ran/Documents/uni/s10/asip_lab/vitis_ws/milestone2/ps7_cortexa9_0/standalone_domain/bsp/system.mss|system_0||
/home/ran/Documents/uni/s10/asip_lab/vitis_ws/milestone2/zynq_fsbl/zynq_fsbl_bsp/system.mss|system||

TRACE::2026-07-22.14:16:17::SCWMssOS::Sw design exists and opened at  /home/ran/Documents/uni/s10/asip_lab/vitis_ws/milestone2/zynq_fsbl/zynq_fsbl_bsp/system.mss
TRACE::2026-07-22.14:16:17::SCWMssOS:: library already available in sw design:  xilffs:4.8
TRACE::2026-07-22.14:16:17::SCWPlatform::Trying to open the hw design at /home/ran/Documents/uni/s10/asip_lab/vitis_ws/milestone2/hw/design_1_wrapper.xsa
TRACE::2026-07-22.14:16:17::SCWPlatform::DSA given /home/ran/Documents/uni/s10/asip_lab/vitis_ws/milestone2/hw/design_1_wrapper.xsa
TRACE::2026-07-22.14:16:17::SCWPlatform::DSA absoulate path /home/ran/Documents/uni/s10/asip_lab/vitis_ws/milestone2/hw/design_1_wrapper.xsa
TRACE::2026-07-22.14:16:17::SCWPlatform::DSA directory /home/ran/Documents/uni/s10/asip_lab/vitis_ws/milestone2/hw
TRACE::2026-07-22.14:16:17::SCWPlatform:: Platform Path /home/ran/Documents/uni/s10/asip_lab/vitis_ws/milestone2/hw/design_1_wrapper.xsa
TRACE::2026-07-22.14:16:17::SCWPlatform:: Unique name xilinx:::0.0
TRACE::2026-07-22.14:16:17::SCWPlatform::Trying to set the existing hwdb with name design_1_wrapper_1
TRACE::2026-07-22.14:16:17::SCWPlatform::Opened existing hwdb design_1_wrapper_1
TRACE::2026-07-22.14:16:17::SCWPlatform::Found the Hw Db part of the input DSA
TRACE::2026-07-22.14:16:17::SCWMssOS::Checking the sw design at  /home/ran/Documents/uni/s10/asip_lab/vitis_ws/milestone2/zynq_fsbl/zynq_fsbl_bsp/system.mss
TRACE::2026-07-22.14:16:17::SCWMssOS::DEBUG:  swdes dump  /home/ran/Documents/uni/s10/asip_lab/vitis_ws/milestone2/ps7_cortexa9_0/standalone_domain/bsp/system.mss|system_0||
/home/ran/Documents/uni/s10/asip_lab/vitis_ws/milestone2/zynq_fsbl/zynq_fsbl_bsp/system.mss|system||

TRACE::2026-07-22.14:16:17::SCWMssOS::Sw design exists and opened at  /home/ran/Documents/uni/s10/asip_lab/vitis_ws/milestone2/zynq_fsbl/zynq_fsbl_bsp/system.mss
TRACE::2026-07-22.14:16:17::SCWMssOS:: library already available in sw design:  xilrsa:1.6
TRACE::2026-07-22.14:16:17::SCWMssOS::Saving the mss changes /home/ran/Documents/uni/s10/asip_lab/vitis_ws/milestone2/zynq_fsbl/zynq_fsbl_bsp/system.mss
TRACE::2026-07-22.14:16:17::SCWMssOS::Found a swdesign opened with the mssfile.
TRACE::2026-07-22.14:16:17::SCWMssOS::Completed writemss as part of save.
TRACE::2026-07-22.14:16:17::SCWMssOS::Commit changes completed.
TRACE::2026-07-22.14:16:17::SCWPlatform::Trying to open the hw design at /home/ran/Documents/uni/s10/asip_lab/vitis_ws/milestone2/hw/design_1_wrapper.xsa
TRACE::2026-07-22.14:16:17::SCWPlatform::DSA given /home/ran/Documents/uni/s10/asip_lab/vitis_ws/milestone2/hw/design_1_wrapper.xsa
TRACE::2026-07-22.14:16:17::SCWPlatform::DSA absoulate path /home/ran/Documents/uni/s10/asip_lab/vitis_ws/milestone2/hw/design_1_wrapper.xsa
TRACE::2026-07-22.14:16:17::SCWPlatform::DSA directory /home/ran/Documents/uni/s10/asip_lab/vitis_ws/milestone2/hw
TRACE::2026-07-22.14:16:17::SCWPlatform:: Platform Path /home/ran/Documents/uni/s10/asip_lab/vitis_ws/milestone2/hw/design_1_wrapper.xsa
TRACE::2026-07-22.14:16:17::SCWPlatform:: Unique name xilinx:::0.0
TRACE::2026-07-22.14:16:17::SCWPlatform::Trying to set the existing hwdb with name design_1_wrapper_1
TRACE::2026-07-22.14:16:17::SCWPlatform::Opened existing hwdb design_1_wrapper_1
TRACE::2026-07-22.14:16:17::SCWPlatform::Found the Hw Db part of the input DSA
TRACE::2026-07-22.14:16:17::SCWMssOS::Checking the sw design at  /home/ran/Documents/uni/s10/asip_lab/vitis_ws/milestone2/zynq_fsbl/zynq_fsbl_bsp/system.mss
TRACE::2026-07-22.14:16:17::SCWMssOS::DEBUG:  swdes dump  /home/ran/Documents/uni/s10/asip_lab/vitis_ws/milestone2/ps7_cortexa9_0/standalone_domain/bsp/system.mss|system_0||
/home/ran/Documents/uni/s10/asip_lab/vitis_ws/milestone2/zynq_fsbl/zynq_fsbl_bsp/system.mss|system||

TRACE::2026-07-22.14:16:17::SCWMssOS::Sw design exists and opened at  /home/ran/Documents/uni/s10/asip_lab/vitis_ws/milestone2/zynq_fsbl/zynq_fsbl_bsp/system.mss
TRACE::2026-07-22.14:16:17::SCWMssOS::Removing the swdes entry for  /home/ran/Documents/uni/s10/asip_lab/vitis_ws/milestone2/zynq_fsbl/zynq_fsbl_bsp/system.mss
LOG::2026-07-22.14:16:30::SCWPlatform::Started generating the artifacts platform milestone2
TRACE::2026-07-22.14:16:30::SCWPlatform::Sanity checking of platform is completed
LOG::2026-07-22.14:16:30::SCWPlatform::Started generating the artifacts for system configuration milestone2
LOG::2026-07-22.14:16:30::SCWSystem::Checking the domain zynq_fsbl
LOG::2026-07-22.14:16:30::SCWSystem::Doing application build for :  zynq_fsbl
TRACE::2026-07-22.14:16:30::SCWBDomain::Not a forced makefile updation, No changes are present. 
TRACE::2026-07-22.14:16:30::SCWDomain::Building the domain as part of full build :  zynq_fsbl
TRACE::2026-07-22.14:16:30::SCWPlatform::Trying to open the hw design at /home/ran/Documents/uni/s10/asip_lab/vitis_ws/milestone2/hw/design_1_wrapper.xsa
TRACE::2026-07-22.14:16:30::SCWPlatform::DSA given /home/ran/Documents/uni/s10/asip_lab/vitis_ws/milestone2/hw/design_1_wrapper.xsa
TRACE::2026-07-22.14:16:30::SCWPlatform::DSA absoulate path /home/ran/Documents/uni/s10/asip_lab/vitis_ws/milestone2/hw/design_1_wrapper.xsa
TRACE::2026-07-22.14:16:30::SCWPlatform::DSA directory /home/ran/Documents/uni/s10/asip_lab/vitis_ws/milestone2/hw
TRACE::2026-07-22.14:16:30::SCWPlatform:: Platform Path /home/ran/Documents/uni/s10/asip_lab/vitis_ws/milestone2/hw/design_1_wrapper.xsa
TRACE::2026-07-22.14:16:30::SCWPlatform:: Unique name xilinx:::0.0
TRACE::2026-07-22.14:16:30::SCWPlatform::Trying to set the existing hwdb with name design_1_wrapper_1
TRACE::2026-07-22.14:16:30::SCWPlatform::Opened existing hwdb design_1_wrapper_1
TRACE::2026-07-22.14:16:30::SCWPlatform::Found the Hw Db part of the input DSA
TRACE::2026-07-22.14:16:30::SCWMssOS::Checking the sw design at  /home/ran/Documents/uni/s10/asip_lab/vitis_ws/milestone2/zynq_fsbl/zynq_fsbl_bsp/system.mss
TRACE::2026-07-22.14:16:30::SCWMssOS::DEBUG:  swdes dump  /home/ran/Documents/uni/s10/asip_lab/vitis_ws/milestone2/ps7_cortexa9_0/standalone_domain/bsp/system.mss|system_0||

TRACE::2026-07-22.14:16:30::SCWMssOS::No sw design opened at  /home/ran/Documents/uni/s10/asip_lab/vitis_ws/milestone2/zynq_fsbl/zynq_fsbl_bsp/system.mss
TRACE::2026-07-22.14:16:30::SCWMssOS::mss exists loading the mss file  /home/ran/Documents/uni/s10/asip_lab/vitis_ws/milestone2/zynq_fsbl/zynq_fsbl_bsp/system.mss
TRACE::2026-07-22.14:16:30::SCWMssOS::Opened the sw design from mss  /home/ran/Documents/uni/s10/asip_lab/vitis_ws/milestone2/zynq_fsbl/zynq_fsbl_bsp/system.mss
TRACE::2026-07-22.14:16:30::SCWMssOS::Adding the swdes entry /home/ran/Documents/uni/s10/asip_lab/vitis_ws/milestone2/zynq_fsbl/zynq_fsbl_bsp/system.mss with des name system
TRACE::2026-07-22.14:16:30::SCWMssOS::updating the scw layer about changes
TRACE::2026-07-22.14:16:30::SCWMssOS::Opened the sw design.  /home/ran/Documents/uni/s10/asip_lab/vitis_ws/milestone2/zynq_fsbl/zynq_fsbl_bsp/system.mss
TRACE::2026-07-22.14:16:30::SCWBDomain::Completed writing the mss file at /home/ran/Documents/uni/s10/asip_lab/vitis_ws/milestone2/zynq_fsbl/zynq_fsbl_bsp
TRACE::2026-07-22.14:16:30::SCWBDomain::bsp generated is upto date with the mss file. Skipping bsp generation.
TRACE::2026-07-22.14:16:30::SCWBDomain::Not a forced makefile updation, No changes are present. 
TRACE::2026-07-22.14:16:30::SCWBDomain::System Command Ran  cd  /home/ran/Documents/uni/s10/asip_lab/vitis_ws/milestone2/zynq_fsbl ; bash -c " make -C zynq_fsbl_bsp ; make  " 
TRACE::2026-07-22.14:16:30::SCWBDomain::make: Entering directory '/home/ran/Documents/uni/s10/asip_lab/vitis_ws/milestone2/zynq_fsbl/zynq_fsbl_bsp'

TRACE::2026-07-22.14:16:30::SCWBDomain::make --no-print-directory seq_libs

TRACE::2026-07-22.14:16:30::SCWBDomain::Running Make include in ps7_cortexa9_0/libsrc/bram_v4_8/src

TRACE::2026-07-22.14:16:30::SCWBDomain::make -C ps7_cortexa9_0/libsrc/bram_v4_8/src -s include  "SHELL=/bin/sh" "COMPILER=arm-none-eabi-gcc" "ASSEMBLER=arm-none-eabi-a
TRACE::2026-07-22.14:16:30::SCWBDomain::s" "ARCHIVER=arm-none-eabi-ar" "COMPILER_FLAGS=  -O2 -c" "EXTRA_COMPILER_FLAGS=-mcpu=cortex-a9 -mfpu=vfpv3 -mfloat-abi=hard -no
TRACE::2026-07-22.14:16:30::SCWBDomain::startfiles -g -Wall -Wextra -fno-tree-loop-distribute-patterns"

TRACE::2026-07-22.14:16:30::SCWBDomain::Running Make include in ps7_cortexa9_0/libsrc/coresightps_dcc_v1_8/src

TRACE::2026-07-22.14:16:30::SCWBDomain::make -C ps7_cortexa9_0/libsrc/coresightps_dcc_v1_8/src -s include  "SHELL=/bin/sh" "COMPILER=arm-none-eabi-gcc" "ASSEMBLER=arm-
TRACE::2026-07-22.14:16:30::SCWBDomain::none-eabi-as" "ARCHIVER=arm-none-eabi-ar" "COMPILER_FLAGS=  -O2 -c" "EXTRA_COMPILER_FLAGS=-mcpu=cortex-a9 -mfpu=vfpv3 -mfloat-a
TRACE::2026-07-22.14:16:30::SCWBDomain::bi=hard -nostartfiles -g -Wall -Wextra -fno-tree-loop-distribute-patterns"

TRACE::2026-07-22.14:16:30::SCWBDomain::Running Make include in ps7_cortexa9_0/libsrc/cpu_cortexa9_v2_11/src

TRACE::2026-07-22.14:16:30::SCWBDomain::make -C ps7_cortexa9_0/libsrc/cpu_cortexa9_v2_11/src -s include  "SHELL=/bin/sh" "COMPILER=arm-none-eabi-gcc" "ASSEMBLER=arm-no
TRACE::2026-07-22.14:16:30::SCWBDomain::ne-eabi-as" "ARCHIVER=arm-none-eabi-ar" "COMPILER_FLAGS=  -O2 -c" "EXTRA_COMPILER_FLAGS=-mcpu=cortex-a9 -mfpu=vfpv3 -mfloat-abi
TRACE::2026-07-22.14:16:30::SCWBDomain::=hard -nostartfiles -g -Wall -Wextra -fno-tree-loop-distribute-patterns"

TRACE::2026-07-22.14:16:30::SCWBDomain::Running Make include in ps7_cortexa9_0/libsrc/ddrps_v1_2/src

TRACE::2026-07-22.14:16:30::SCWBDomain::make -C ps7_cortexa9_0/libsrc/ddrps_v1_2/src -s include  "SHELL=/bin/sh" "COMPILER=arm-none-eabi-gcc" "ASSEMBLER=arm-none-eabi-
TRACE::2026-07-22.14:16:30::SCWBDomain::as" "ARCHIVER=arm-none-eabi-ar" "COMPILER_FLAGS=  -O2 -c" "EXTRA_COMPILER_FLAGS=-mcpu=cortex-a9 -mfpu=vfpv3 -mfloat-abi=hard -n
TRACE::2026-07-22.14:16:30::SCWBDomain::ostartfiles -g -Wall -Wextra -fno-tree-loop-distribute-patterns"

TRACE::2026-07-22.14:16:30::SCWBDomain::Running Make include in ps7_cortexa9_0/libsrc/devcfg_v3_7/src

TRACE::2026-07-22.14:16:30::SCWBDomain::make -C ps7_cortexa9_0/libsrc/devcfg_v3_7/src -s include  "SHELL=/bin/sh" "COMPILER=arm-none-eabi-gcc" "ASSEMBLER=arm-none-eabi
TRACE::2026-07-22.14:16:30::SCWBDomain::-as" "ARCHIVER=arm-none-eabi-ar" "COMPILER_FLAGS=  -O2 -c" "EXTRA_COMPILER_FLAGS=-mcpu=cortex-a9 -mfpu=vfpv3 -mfloat-abi=hard -
TRACE::2026-07-22.14:16:30::SCWBDomain::nostartfiles -g -Wall -Wextra -fno-tree-loop-distribute-patterns"

TRACE::2026-07-22.14:16:30::SCWBDomain::Running Make include in ps7_cortexa9_0/libsrc/dmaps_v2_8/src

TRACE::2026-07-22.14:16:30::SCWBDomain::make -C ps7_cortexa9_0/libsrc/dmaps_v2_8/src -s include  "SHELL=/bin/sh" "COMPILER=arm-none-eabi-gcc" "ASSEMBLER=arm-none-eabi-
TRACE::2026-07-22.14:16:30::SCWBDomain::as" "ARCHIVER=arm-none-eabi-ar" "COMPILER_FLAGS=  -O2 -c" "EXTRA_COMPILER_FLAGS=-mcpu=cortex-a9 -mfpu=vfpv3 -mfloat-abi=hard -n
TRACE::2026-07-22.14:16:30::SCWBDomain::ostartfiles -g -Wall -Wextra -fno-tree-loop-distribute-patterns"

TRACE::2026-07-22.14:16:30::SCWBDomain::Running Make include in ps7_cortexa9_0/libsrc/scugic_v5_0/src

TRACE::2026-07-22.14:16:30::SCWBDomain::make -C ps7_cortexa9_0/libsrc/scugic_v5_0/src -s include  "SHELL=/bin/sh" "COMPILER=arm-none-eabi-gcc" "ASSEMBLER=arm-none-eabi
TRACE::2026-07-22.14:16:30::SCWBDomain::-as" "ARCHIVER=arm-none-eabi-ar" "COMPILER_FLAGS=  -O2 -c" "EXTRA_COMPILER_FLAGS=-mcpu=cortex-a9 -mfpu=vfpv3 -mfloat-abi=hard -
TRACE::2026-07-22.14:16:30::SCWBDomain::nostartfiles -g -Wall -Wextra -fno-tree-loop-distribute-patterns"

TRACE::2026-07-22.14:16:31::SCWBDomain::Running Make include in ps7_cortexa9_0/libsrc/scutimer_v2_4/src

TRACE::2026-07-22.14:16:31::SCWBDomain::make -C ps7_cortexa9_0/libsrc/scutimer_v2_4/src -s include  "SHELL=/bin/sh" "COMPILER=arm-none-eabi-gcc" "ASSEMBLER=arm-none-ea
TRACE::2026-07-22.14:16:31::SCWBDomain::bi-as" "ARCHIVER=arm-none-eabi-ar" "COMPILER_FLAGS=  -O2 -c" "EXTRA_COMPILER_FLAGS=-mcpu=cortex-a9 -mfpu=vfpv3 -mfloat-abi=hard
TRACE::2026-07-22.14:16:31::SCWBDomain:: -nostartfiles -g -Wall -Wextra -fno-tree-loop-distribute-patterns"

TRACE::2026-07-22.14:16:31::SCWBDomain::Running Make include in ps7_cortexa9_0/libsrc/scuwdt_v2_4/src

TRACE::2026-07-22.14:16:31::SCWBDomain::make -C ps7_cortexa9_0/libsrc/scuwdt_v2_4/src -s include  "SHELL=/bin/sh" "COMPILER=arm-none-eabi-gcc" "ASSEMBLER=arm-none-eabi
TRACE::2026-07-22.14:16:31::SCWBDomain::-as" "ARCHIVER=arm-none-eabi-ar" "COMPILER_FLAGS=  -O2 -c" "EXTRA_COMPILER_FLAGS=-mcpu=cortex-a9 -mfpu=vfpv3 -mfloat-abi=hard -
TRACE::2026-07-22.14:16:31::SCWBDomain::nostartfiles -g -Wall -Wextra -fno-tree-loop-distribute-patterns"

TRACE::2026-07-22.14:16:31::SCWBDomain::Running Make include in ps7_cortexa9_0/libsrc/standalone_v8_0/src

TRACE::2026-07-22.14:16:31::SCWBDomain::make -C ps7_cortexa9_0/libsrc/standalone_v8_0/src -s include  "SHELL=/bin/sh" "COMPILER=arm-none-eabi-gcc" "ASSEMBLER=arm-none-
TRACE::2026-07-22.14:16:31::SCWBDomain::eabi-as" "ARCHIVER=arm-none-eabi-ar" "COMPILER_FLAGS=  -O2 -c" "EXTRA_COMPILER_FLAGS=-mcpu=cortex-a9 -mfpu=vfpv3 -mfloat-abi=ha
TRACE::2026-07-22.14:16:31::SCWBDomain::rd -nostartfiles -g -Wall -Wextra -fno-tree-loop-distribute-patterns"

TRACE::2026-07-22.14:16:31::SCWBDomain::Running Make include in ps7_cortexa9_0/libsrc/xadcps_v2_6/src

TRACE::2026-07-22.14:16:31::SCWBDomain::make -C ps7_cortexa9_0/libsrc/xadcps_v2_6/src -s include  "SHELL=/bin/sh" "COMPILER=arm-none-eabi-gcc" "ASSEMBLER=arm-none-eabi
TRACE::2026-07-22.14:16:31::SCWBDomain::-as" "ARCHIVER=arm-none-eabi-ar" "COMPILER_FLAGS=  -O2 -c" "EXTRA_COMPILER_FLAGS=-mcpu=cortex-a9 -mfpu=vfpv3 -mfloat-abi=hard -
TRACE::2026-07-22.14:16:31::SCWBDomain::nostartfiles -g -Wall -Wextra -fno-tree-loop-distribute-patterns"

TRACE::2026-07-22.14:16:31::SCWBDomain::Running Make include in ps7_cortexa9_0/libsrc/xilffs_v4_8/src

TRACE::2026-07-22.14:16:31::SCWBDomain::make -C ps7_cortexa9_0/libsrc/xilffs_v4_8/src -s include  "SHELL=/bin/sh" "COMPILER=arm-none-eabi-gcc" "ASSEMBLER=arm-none-eabi
TRACE::2026-07-22.14:16:31::SCWBDomain::-as" "ARCHIVER=arm-none-eabi-ar" "COMPILER_FLAGS=  -O2 -c" "EXTRA_COMPILER_FLAGS=-mcpu=cortex-a9 -mfpu=vfpv3 -mfloat-abi=hard -
TRACE::2026-07-22.14:16:31::SCWBDomain::nostartfiles -g -Wall -Wextra -fno-tree-loop-distribute-patterns"

TRACE::2026-07-22.14:16:31::SCWBDomain::Running Make include in ps7_cortexa9_0/libsrc/xilrsa_v1_6/src

TRACE::2026-07-22.14:16:31::SCWBDomain::make -C ps7_cortexa9_0/libsrc/xilrsa_v1_6/src -s include  "SHELL=/bin/sh" "COMPILER=arm-none-eabi-gcc" "ASSEMBLER=arm-none-eabi
TRACE::2026-07-22.14:16:31::SCWBDomain::-as" "ARCHIVER=arm-none-eabi-ar" "COMPILER_FLAGS=  -O2 -c" "EXTRA_COMPILER_FLAGS=-mcpu=cortex-a9 -mfpu=vfpv3 -mfloat-abi=hard -
TRACE::2026-07-22.14:16:31::SCWBDomain::nostartfiles -g -Wall -Wextra -fno-tree-loop-distribute-patterns"

TRACE::2026-07-22.14:16:31::SCWBDomain::Running Make libs in ps7_cortexa9_0/libsrc/xilrsa_v1_6/src

TRACE::2026-07-22.14:16:31::SCWBDomain::make -C ps7_cortexa9_0/libsrc/xilrsa_v1_6/src -s libs  "SHELL=/bin/sh" "COMPILER=arm-none-eabi-gcc" "ASSEMBLER=arm-none-eabi-as
TRACE::2026-07-22.14:16:31::SCWBDomain::" "ARCHIVER=arm-none-eabi-ar" "COMPILER_FLAGS=  -O2 -c" "EXTRA_COMPILER_FLAGS=-mcpu=cortex-a9 -mfpu=vfpv3 -mfloat-abi=hard -nos
TRACE::2026-07-22.14:16:31::SCWBDomain::tartfiles -g -Wall -Wextra -fno-tree-loop-distribute-patterns"

TRACE::2026-07-22.14:16:31::SCWBDomain::Finished building libraries sequentially.

TRACE::2026-07-22.14:16:31::SCWBDomain::make -j 10 --no-print-directory par_libs

TRACE::2026-07-22.14:16:31::SCWBDomain::Running Make include in ps7_cortexa9_0/libsrc/bram_v4_8/src

TRACE::2026-07-22.14:16:31::SCWBDomain::make -C ps7_cortexa9_0/libsrc/bram_v4_8/src -s include  "SHELL=/bin/sh" "COMPILER=arm-none-eabi-gcc" "ASSEMBLER=arm-none-eabi-a
TRACE::2026-07-22.14:16:31::SCWBDomain::s" "ARCHIVER=arm-none-eabi-ar" "COMPILER_FLAGS=  -O2 -c" "EXTRA_COMPILER_FLAGS=-mcpu=cortex-a9 -mfpu=vfpv3 -mfloat-abi=hard -no
TRACE::2026-07-22.14:16:31::SCWBDomain::startfiles -g -Wall -Wextra -fno-tree-loop-distribute-patterns"

TRACE::2026-07-22.14:16:31::SCWBDomain::Running Make include in ps7_cortexa9_0/libsrc/coresightps_dcc_v1_8/src

TRACE::2026-07-22.14:16:31::SCWBDomain::Running Make include in ps7_cortexa9_0/libsrc/cpu_cortexa9_v2_11/src

TRACE::2026-07-22.14:16:31::SCWBDomain::make -C ps7_cortexa9_0/libsrc/coresightps_dcc_v1_8/src -s include  "SHELL=/bin/sh" "COMPILER=arm-none-eabi-gcc" "ASSEMBLER=arm-
TRACE::2026-07-22.14:16:31::SCWBDomain::none-eabi-as" "ARCHIVER=arm-none-eabi-ar" "COMPILER_FLAGS=  -O2 -c" "EXTRA_COMPILER_FLAGS=-mcpu=cortex-a9 -mfpu=vfpv3 -mfloat-a
TRACE::2026-07-22.14:16:31::SCWBDomain::bi=hard -nostartfiles -g -Wall -Wextra -fno-tree-loop-distribute-patterns"

TRACE::2026-07-22.14:16:31::SCWBDomain::Running Make include in ps7_cortexa9_0/libsrc/ddrps_v1_2/src

TRACE::2026-07-22.14:16:31::SCWBDomain::make -C ps7_cortexa9_0/libsrc/cpu_cortexa9_v2_11/src -s include  "SHELL=/bin/sh" "COMPILER=arm-none-eabi-gcc" "ASSEMBLER=arm-no
TRACE::2026-07-22.14:16:31::SCWBDomain::ne-eabi-as" "ARCHIVER=arm-none-eabi-ar" "COMPILER_FLAGS=  -O2 -c" "EXTRA_COMPILER_FLAGS=-mcpu=cortex-a9 -mfpu=vfpv3 -mfloat-abi
TRACE::2026-07-22.14:16:31::SCWBDomain::=hard -nostartfiles -g -Wall -Wextra -fno-tree-loop-distribute-patterns"

TRACE::2026-07-22.14:16:31::SCWBDomain::Running Make include in ps7_cortexa9_0/libsrc/devcfg_v3_7/src

TRACE::2026-07-22.14:16:31::SCWBDomain::make -C ps7_cortexa9_0/libsrc/ddrps_v1_2/src -s include  "SHELL=/bin/sh" "COMPILER=arm-none-eabi-gcc" "ASSEMBLER=arm-none-eabi-
TRACE::2026-07-22.14:16:31::SCWBDomain::as" "ARCHIVER=arm-none-eabi-ar" "COMPILER_FLAGS=  -O2 -c" "EXTRA_COMPILER_FLAGS=-mcpu=cortex-a9 -mfpu=vfpv3 -mfloat-abi=hard -n
TRACE::2026-07-22.14:16:31::SCWBDomain::ostartfiles -g -Wall -Wextra -fno-tree-loop-distribute-patterns"

TRACE::2026-07-22.14:16:31::SCWBDomain::make -C ps7_cortexa9_0/libsrc/devcfg_v3_7/src -s include  "SHELL=/bin/sh" "COMPILER=arm-none-eabi-gcc" "ASSEMBLER=arm-none-eabi
TRACE::2026-07-22.14:16:31::SCWBDomain::-as" "ARCHIVER=arm-none-eabi-ar" "COMPILER_FLAGS=  -O2 -c" "EXTRA_COMPILER_FLAGS=-mcpu=cortex-a9 -mfpu=vfpv3 -mfloat-abi=hard -
TRACE::2026-07-22.14:16:31::SCWBDomain::nostartfiles -g -Wall -Wextra -fno-tree-loop-distribute-patterns"

TRACE::2026-07-22.14:16:31::SCWBDomain::Running Make include in ps7_cortexa9_0/libsrc/scugic_v5_0/src

TRACE::2026-07-22.14:16:31::SCWBDomain::Running Make include in ps7_cortexa9_0/libsrc/dmaps_v2_8/src

TRACE::2026-07-22.14:16:31::SCWBDomain::make -C ps7_cortexa9_0/libsrc/scugic_v5_0/src -s include  "SHELL=/bin/sh" "COMPILER=arm-none-eabi-gcc" "ASSEMBLER=arm-none-eabi
TRACE::2026-07-22.14:16:31::SCWBDomain::-as" "ARCHIVER=arm-none-eabi-ar" "COMPILER_FLAGS=  -O2 -c" "EXTRA_COMPILER_FLAGS=-mcpu=cortex-a9 -mfpu=vfpv3 -mfloat-abi=hard -
TRACE::2026-07-22.14:16:31::SCWBDomain::nostartfiles -g -Wall -Wextra -fno-tree-loop-distribute-patterns"

TRACE::2026-07-22.14:16:31::SCWBDomain::Running Make include in ps7_cortexa9_0/libsrc/scutimer_v2_4/src

TRACE::2026-07-22.14:16:31::SCWBDomain::make -C ps7_cortexa9_0/libsrc/dmaps_v2_8/src -s include  "SHELL=/bin/sh" "COMPILER=arm-none-eabi-gcc" "ASSEMBLER=arm-none-eabi-
TRACE::2026-07-22.14:16:31::SCWBDomain::as" "ARCHIVER=arm-none-eabi-ar" "COMPILER_FLAGS=  -O2 -c" "EXTRA_COMPILER_FLAGS=-mcpu=cortex-a9 -mfpu=vfpv3 -mfloat-abi=hard -n
TRACE::2026-07-22.14:16:31::SCWBDomain::ostartfiles -g -Wall -Wextra -fno-tree-loop-distribute-patterns"

TRACE::2026-07-22.14:16:31::SCWBDomain::make -C ps7_cortexa9_0/libsrc/scutimer_v2_4/src -s include  "SHELL=/bin/sh" "COMPILER=arm-none-eabi-gcc" "ASSEMBLER=arm-none-ea
TRACE::2026-07-22.14:16:31::SCWBDomain::bi-as" "ARCHIVER=arm-none-eabi-ar" "COMPILER_FLAGS=  -O2 -c" "EXTRA_COMPILER_FLAGS=-mcpu=cortex-a9 -mfpu=vfpv3 -mfloat-abi=hard
TRACE::2026-07-22.14:16:31::SCWBDomain:: -nostartfiles -g -Wall -Wextra -fno-tree-loop-distribute-patterns"

TRACE::2026-07-22.14:16:31::SCWBDomain::Running Make include in ps7_cortexa9_0/libsrc/scuwdt_v2_4/src

TRACE::2026-07-22.14:16:31::SCWBDomain::Running Make include in ps7_cortexa9_0/libsrc/standalone_v8_0/src

TRACE::2026-07-22.14:16:31::SCWBDomain::make -C ps7_cortexa9_0/libsrc/scuwdt_v2_4/src -s include  "SHELL=/bin/sh" "COMPILER=arm-none-eabi-gcc" "ASSEMBLER=arm-none-eabi
TRACE::2026-07-22.14:16:31::SCWBDomain::-as" "ARCHIVER=arm-none-eabi-ar" "COMPILER_FLAGS=  -O2 -c" "EXTRA_COMPILER_FLAGS=-mcpu=cortex-a9 -mfpu=vfpv3 -mfloat-abi=hard -
TRACE::2026-07-22.14:16:31::SCWBDomain::nostartfiles -g -Wall -Wextra -fno-tree-loop-distribute-patterns"

TRACE::2026-07-22.14:16:31::SCWBDomain::make -C ps7_cortexa9_0/libsrc/standalone_v8_0/src -s include  "SHELL=/bin/sh" "COMPILER=arm-none-eabi-gcc" "ASSEMBLER=arm-none-
TRACE::2026-07-22.14:16:31::SCWBDomain::eabi-as" "ARCHIVER=arm-none-eabi-ar" "COMPILER_FLAGS=  -O2 -c" "EXTRA_COMPILER_FLAGS=-mcpu=cortex-a9 -mfpu=vfpv3 -mfloat-abi=ha
TRACE::2026-07-22.14:16:31::SCWBDomain::rd -nostartfiles -g -Wall -Wextra -fno-tree-loop-distribute-patterns"

TRACE::2026-07-22.14:16:31::SCWBDomain::Running Make include in ps7_cortexa9_0/libsrc/xadcps_v2_6/src

TRACE::2026-07-22.14:16:31::SCWBDomain::make -C ps7_cortexa9_0/libsrc/xadcps_v2_6/src -s include  "SHELL=/bin/sh" "COMPILER=arm-none-eabi-gcc" "ASSEMBLER=arm-none-eabi
TRACE::2026-07-22.14:16:31::SCWBDomain::-as" "ARCHIVER=arm-none-eabi-ar" "COMPILER_FLAGS=  -O2 -c" "EXTRA_COMPILER_FLAGS=-mcpu=cortex-a9 -mfpu=vfpv3 -mfloat-abi=hard -
TRACE::2026-07-22.14:16:31::SCWBDomain::nostartfiles -g -Wall -Wextra -fno-tree-loop-distribute-patterns"

TRACE::2026-07-22.14:16:31::SCWBDomain::Running Make include in ps7_cortexa9_0/libsrc/xilffs_v4_8/src

TRACE::2026-07-22.14:16:31::SCWBDomain::Running Make include in ps7_cortexa9_0/libsrc/xilrsa_v1_6/src

TRACE::2026-07-22.14:16:31::SCWBDomain::make -C ps7_cortexa9_0/libsrc/xilffs_v4_8/src -s include  "SHELL=/bin/sh" "COMPILER=arm-none-eabi-gcc" "ASSEMBLER=arm-none-eabi
TRACE::2026-07-22.14:16:31::SCWBDomain::-as" "ARCHIVER=arm-none-eabi-ar" "COMPILER_FLAGS=  -O2 -c" "EXTRA_COMPILER_FLAGS=-mcpu=cortex-a9 -mfpu=vfpv3 -mfloat-abi=hard -
TRACE::2026-07-22.14:16:31::SCWBDomain::nostartfiles -g -Wall -Wextra -fno-tree-loop-distribute-patterns"

TRACE::2026-07-22.14:16:31::SCWBDomain::make -C ps7_cortexa9_0/libsrc/xilrsa_v1_6/src -s include  "SHELL=/bin/sh" "COMPILER=arm-none-eabi-gcc" "ASSEMBLER=arm-none-eabi
TRACE::2026-07-22.14:16:31::SCWBDomain::-as" "ARCHIVER=arm-none-eabi-ar" "COMPILER_FLAGS=  -O2 -c" "EXTRA_COMPILER_FLAGS=-mcpu=cortex-a9 -mfpu=vfpv3 -mfloat-abi=hard -
TRACE::2026-07-22.14:16:31::SCWBDomain::nostartfiles -g -Wall -Wextra -fno-tree-loop-distribute-patterns"

TRACE::2026-07-22.14:16:31::SCWBDomain::Running Make libs in ps7_cortexa9_0/libsrc/bram_v4_8/src

TRACE::2026-07-22.14:16:31::SCWBDomain::make -C ps7_cortexa9_0/libsrc/bram_v4_8/src -s libs  "SHELL=/bin/sh" "COMPILER=arm-none-eabi-gcc" "ASSEMBLER=arm-none-eabi-as" 
TRACE::2026-07-22.14:16:31::SCWBDomain::"ARCHIVER=arm-none-eabi-ar" "COMPILER_FLAGS=  -O2 -c" "EXTRA_COMPILER_FLAGS=-mcpu=cortex-a9 -mfpu=vfpv3 -mfloat-abi=hard -nosta
TRACE::2026-07-22.14:16:31::SCWBDomain::rtfiles -g -Wall -Wextra -fno-tree-loop-distribute-patterns"

TRACE::2026-07-22.14:16:31::SCWBDomain::Running Make libs in ps7_cortexa9_0/libsrc/coresightps_dcc_v1_8/src

TRACE::2026-07-22.14:16:31::SCWBDomain::Running Make libs in ps7_cortexa9_0/libsrc/cpu_cortexa9_v2_11/src

TRACE::2026-07-22.14:16:31::SCWBDomain::make -C ps7_cortexa9_0/libsrc/coresightps_dcc_v1_8/src -s libs  "SHELL=/bin/sh" "COMPILER=arm-none-eabi-gcc" "ASSEMBLER=arm-non
TRACE::2026-07-22.14:16:31::SCWBDomain::e-eabi-as" "ARCHIVER=arm-none-eabi-ar" "COMPILER_FLAGS=  -O2 -c" "EXTRA_COMPILER_FLAGS=-mcpu=cortex-a9 -mfpu=vfpv3 -mfloat-abi=
TRACE::2026-07-22.14:16:31::SCWBDomain::hard -nostartfiles -g -Wall -Wextra -fno-tree-loop-distribute-patterns"

TRACE::2026-07-22.14:16:31::SCWBDomain::make -C ps7_cortexa9_0/libsrc/cpu_cortexa9_v2_11/src -s libs  "SHELL=/bin/sh" "COMPILER=arm-none-eabi-gcc" "ASSEMBLER=arm-none-
TRACE::2026-07-22.14:16:31::SCWBDomain::eabi-as" "ARCHIVER=arm-none-eabi-ar" "COMPILER_FLAGS=  -O2 -c" "EXTRA_COMPILER_FLAGS=-mcpu=cortex-a9 -mfpu=vfpv3 -mfloat-abi=ha
TRACE::2026-07-22.14:16:31::SCWBDomain::rd -nostartfiles -g -Wall -Wextra -fno-tree-loop-distribute-patterns"

TRACE::2026-07-22.14:16:31::SCWBDomain::Running Make libs in ps7_cortexa9_0/libsrc/ddrps_v1_2/src

TRACE::2026-07-22.14:16:31::SCWBDomain::Running Make libs in ps7_cortexa9_0/libsrc/devcfg_v3_7/src

TRACE::2026-07-22.14:16:31::SCWBDomain::make -C ps7_cortexa9_0/libsrc/devcfg_v3_7/src -s libs  "SHELL=/bin/sh" "COMPILER=arm-none-eabi-gcc" "ASSEMBLER=arm-none-eabi-as
TRACE::2026-07-22.14:16:31::SCWBDomain::" "ARCHIVER=arm-none-eabi-ar" "COMPILER_FLAGS=  -O2 -c" "EXTRA_COMPILER_FLAGS=-mcpu=cortex-a9 -mfpu=vfpv3 -mfloat-abi=hard -nos
TRACE::2026-07-22.14:16:31::SCWBDomain::tartfiles -g -Wall -Wextra -fno-tree-loop-distribute-patterns"

TRACE::2026-07-22.14:16:31::SCWBDomain::Running Make libs in ps7_cortexa9_0/libsrc/dmaps_v2_8/src

TRACE::2026-07-22.14:16:31::SCWBDomain::Running Make libs in ps7_cortexa9_0/libsrc/scugic_v5_0/src

TRACE::2026-07-22.14:16:31::SCWBDomain::make -C ps7_cortexa9_0/libsrc/ddrps_v1_2/src -s libs  "SHELL=/bin/sh" "COMPILER=arm-none-eabi-gcc" "ASSEMBLER=arm-none-eabi-as"
TRACE::2026-07-22.14:16:31::SCWBDomain:: "ARCHIVER=arm-none-eabi-ar" "COMPILER_FLAGS=  -O2 -c" "EXTRA_COMPILER_FLAGS=-mcpu=cortex-a9 -mfpu=vfpv3 -mfloat-abi=hard -nost
TRACE::2026-07-22.14:16:31::SCWBDomain::artfiles -g -Wall -Wextra -fno-tree-loop-distribute-patterns"

TRACE::2026-07-22.14:16:31::SCWBDomain::make -C ps7_cortexa9_0/libsrc/dmaps_v2_8/src -s libs  "SHELL=/bin/sh" "COMPILER=arm-none-eabi-gcc" "ASSEMBLER=arm-none-eabi-as"
TRACE::2026-07-22.14:16:31::SCWBDomain:: "ARCHIVER=arm-none-eabi-ar" "COMPILER_FLAGS=  -O2 -c" "EXTRA_COMPILER_FLAGS=-mcpu=cortex-a9 -mfpu=vfpv3 -mfloat-abi=hard -nost
TRACE::2026-07-22.14:16:31::SCWBDomain::artfiles -g -Wall -Wextra -fno-tree-loop-distribute-patterns"

TRACE::2026-07-22.14:16:31::SCWBDomain::Running Make libs in ps7_cortexa9_0/libsrc/scutimer_v2_4/src

TRACE::2026-07-22.14:16:31::SCWBDomain::make -C ps7_cortexa9_0/libsrc/scugic_v5_0/src -s libs  "SHELL=/bin/sh" "COMPILER=arm-none-eabi-gcc" "ASSEMBLER=arm-none-eabi-as
TRACE::2026-07-22.14:16:31::SCWBDomain::" "ARCHIVER=arm-none-eabi-ar" "COMPILER_FLAGS=  -O2 -c" "EXTRA_COMPILER_FLAGS=-mcpu=cortex-a9 -mfpu=vfpv3 -mfloat-abi=hard -nos
TRACE::2026-07-22.14:16:31::SCWBDomain::tartfiles -g -Wall -Wextra -fno-tree-loop-distribute-patterns"

TRACE::2026-07-22.14:16:31::SCWBDomain::Running Make libs in ps7_cortexa9_0/libsrc/scuwdt_v2_4/src

TRACE::2026-07-22.14:16:31::SCWBDomain::make -C ps7_cortexa9_0/libsrc/scutimer_v2_4/src -s libs  "SHELL=/bin/sh" "COMPILER=arm-none-eabi-gcc" "ASSEMBLER=arm-none-eabi-
TRACE::2026-07-22.14:16:31::SCWBDomain::as" "ARCHIVER=arm-none-eabi-ar" "COMPILER_FLAGS=  -O2 -c" "EXTRA_COMPILER_FLAGS=-mcpu=cortex-a9 -mfpu=vfpv3 -mfloat-abi=hard -n
TRACE::2026-07-22.14:16:31::SCWBDomain::ostartfiles -g -Wall -Wextra -fno-tree-loop-distribute-patterns"

TRACE::2026-07-22.14:16:31::SCWBDomain::make -C ps7_cortexa9_0/libsrc/scuwdt_v2_4/src -s libs  "SHELL=/bin/sh" "COMPILER=arm-none-eabi-gcc" "ASSEMBLER=arm-none-eabi-as
TRACE::2026-07-22.14:16:31::SCWBDomain::" "ARCHIVER=arm-none-eabi-ar" "COMPILER_FLAGS=  -O2 -c" "EXTRA_COMPILER_FLAGS=-mcpu=cortex-a9 -mfpu=vfpv3 -mfloat-abi=hard -nos
TRACE::2026-07-22.14:16:31::SCWBDomain::tartfiles -g -Wall -Wextra -fno-tree-loop-distribute-patterns"

TRACE::2026-07-22.14:16:31::SCWBDomain::Running Make libs in ps7_cortexa9_0/libsrc/standalone_v8_0/src

TRACE::2026-07-22.14:16:31::SCWBDomain::make -C ps7_cortexa9_0/libsrc/standalone_v8_0/src -s libs  "SHELL=/bin/sh" "COMPILER=arm-none-eabi-gcc" "ASSEMBLER=arm-none-eab
TRACE::2026-07-22.14:16:31::SCWBDomain::i-as" "ARCHIVER=arm-none-eabi-ar" "COMPILER_FLAGS=  -O2 -c" "EXTRA_COMPILER_FLAGS=-mcpu=cortex-a9 -mfpu=vfpv3 -mfloat-abi=hard 
TRACE::2026-07-22.14:16:31::SCWBDomain::-nostartfiles -g -Wall -Wextra -fno-tree-loop-distribute-patterns"

TRACE::2026-07-22.14:16:31::SCWBDomain::Running Make libs in ps7_cortexa9_0/libsrc/xadcps_v2_6/src

TRACE::2026-07-22.14:16:31::SCWBDomain::make -C ps7_cortexa9_0/libsrc/xadcps_v2_6/src -s libs  "SHELL=/bin/sh" "COMPILER=arm-none-eabi-gcc" "ASSEMBLER=arm-none-eabi-as
TRACE::2026-07-22.14:16:31::SCWBDomain::" "ARCHIVER=arm-none-eabi-ar" "COMPILER_FLAGS=  -O2 -c" "EXTRA_COMPILER_FLAGS=-mcpu=cortex-a9 -mfpu=vfpv3 -mfloat-abi=hard -nos
TRACE::2026-07-22.14:16:31::SCWBDomain::tartfiles -g -Wall -Wextra -fno-tree-loop-distribute-patterns"

TRACE::2026-07-22.14:16:31::SCWBDomain::Running Make libs in ps7_cortexa9_0/libsrc/xilffs_v4_8/src

TRACE::2026-07-22.14:16:31::SCWBDomain::make -C ps7_cortexa9_0/libsrc/xilffs_v4_8/src -s libs  "SHELL=/bin/sh" "COMPILER=arm-none-eabi-gcc" "ASSEMBLER=arm-none-eabi-as
TRACE::2026-07-22.14:16:31::SCWBDomain::" "ARCHIVER=arm-none-eabi-ar" "COMPILER_FLAGS=  -O2 -c" "EXTRA_COMPILER_FLAGS=-mcpu=cortex-a9 -mfpu=vfpv3 -mfloat-abi=hard -nos
TRACE::2026-07-22.14:16:31::SCWBDomain::tartfiles -g -Wall -Wextra -fno-tree-loop-distribute-patterns"

TRACE::2026-07-22.14:16:32::SCWBDomain::Finished building libraries parallelly.

TRACE::2026-07-22.14:16:32::SCWBDomain::make --no-print-directory archive

TRACE::2026-07-22.14:16:32::SCWBDomain::arm-none-eabi-ar -r  ps7_cortexa9_0/lib/libxil.a ps7_cortexa9_0/lib/_exit.o ps7_cortexa9_0/lib/_open.o ps7_cortexa9_0/lib/_sbrk
TRACE::2026-07-22.14:16:32::SCWBDomain::.o ps7_cortexa9_0/lib/abort.o ps7_cortexa9_0/lib/asm_vectors.o ps7_cortexa9_0/lib/boot.o ps7_cortexa9_0/lib/close.o ps7_cortexa
TRACE::2026-07-22.14:16:32::SCWBDomain::9_0/lib/cpputest_time.o ps7_cortexa9_0/lib/cpu_init.o ps7_cortexa9_0/lib/errno.o ps7_cortexa9_0/lib/fcntl.o ps7_cortexa9_0/lib/
TRACE::2026-07-22.14:16:32::SCWBDomain::fstat.o ps7_cortexa9_0/lib/getpid.o ps7_cortexa9_0/lib/inbyte.o ps7_cortexa9_0/lib/isatty.o ps7_cortexa9_0/lib/kill.o ps7_corte
TRACE::2026-07-22.14:16:32::SCWBDomain::xa9_0/lib/lseek.o ps7_cortexa9_0/lib/open.o ps7_cortexa9_0/lib/outbyte.o ps7_cortexa9_0/lib/print.o ps7_cortexa9_0/lib/putnum.o
TRACE::2026-07-22.14:16:32::SCWBDomain:: ps7_cortexa9_0/lib/read.o ps7_cortexa9_0/lib/sbrk.o ps7_cortexa9_0/lib/sleep.o ps7_cortexa9_0/lib/time.o ps7_cortexa9_0/lib/tr
TRACE::2026-07-22.14:16:32::SCWBDomain::anslation_table.o ps7_cortexa9_0/lib/unlink.o ps7_cortexa9_0/lib/usleep.o ps7_cortexa9_0/lib/vectors.o ps7_cortexa9_0/lib/write
TRACE::2026-07-22.14:16:32::SCWBDomain::.o ps7_cortexa9_0/lib/xadcps.o ps7_cortexa9_0/lib/xadcps_g.o ps7_cortexa9_0/lib/xadcps_intr.o ps7_cortexa9_0/lib/xadcps_selftes
TRACE::2026-07-22.14:16:32::SCWBDomain::t.o ps7_cortexa9_0/lib/xadcps_sinit.o ps7_cortexa9_0/lib/xbram.o ps7_cortexa9_0/lib/xbram_g.o ps7_cortexa9_0/lib/xbram_intr.o p
TRACE::2026-07-22.14:16:32::SCWBDomain::s7_cortexa9_0/lib/xbram_selftest.o ps7_cortexa9_0/lib/xbram_sinit.o ps7_cortexa9_0/lib/xcoresightpsdcc.o ps7_cortexa9_0/lib/xde
TRACE::2026-07-22.14:16:32::SCWBDomain::vcfg.o ps7_cortexa9_0/lib/xdevcfg_g.o ps7_cortexa9_0/lib/xdevcfg_hw.o ps7_cortexa9_0/lib/xdevcfg_intr.o ps7_cortexa9_0/lib/xdev
TRACE::2026-07-22.14:16:32::SCWBDomain::cfg_selftest.o ps7_cortexa9_0/lib/xdevcfg_sinit.o ps7_cortexa9_0/lib/xdmaps.o ps7_cortexa9_0/lib/xdmaps_g.o ps7_cortexa9_0/lib/
TRACE::2026-07-22.14:16:32::SCWBDomain::xdmaps_hw.o ps7_cortexa9_0/lib/xdmaps_selftest.o ps7_cortexa9_0/lib/xdmaps_sinit.o ps7_cortexa9_0/lib/xil-crt0.o ps7_cortexa9_0
TRACE::2026-07-22.14:16:32::SCWBDomain::/lib/xil_assert.o ps7_cortexa9_0/lib/xil_cache.o ps7_cortexa9_0/lib/xil_clocking.o ps7_cortexa9_0/lib/xil_exception.o ps7_corte
TRACE::2026-07-22.14:16:32::SCWBDomain::xa9_0/lib/xil_mem.o ps7_cortexa9_0/lib/xil_misc_psreset_api.o ps7_cortexa9_0/lib/xil_mmu.o ps7_cortexa9_0/lib/xil_printf.o ps7_
TRACE::2026-07-22.14:16:32::SCWBDomain::cortexa9_0/lib/xil_sleepcommon.o ps7_cortexa9_0/lib/xil_sleeptimer.o ps7_cortexa9_0/lib/xil_spinlock.o ps7_cortexa9_0/lib/xil_t
TRACE::2026-07-22.14:16:32::SCWBDomain::estcache.o ps7_cortexa9_0/lib/xil_testio.o ps7_cortexa9_0/lib/xil_testmem.o ps7_cortexa9_0/lib/xil_util.o ps7_cortexa9_0/lib/xi
TRACE::2026-07-22.14:16:32::SCWBDomain::nterrupt_wrap.o ps7_cortexa9_0/lib/xl2cc_counter.o ps7_cortexa9_0/lib/xplatform_info.o ps7_cortexa9_0/lib/xpm_counter.o ps7_cor
TRACE::2026-07-22.14:16:32::SCWBDomain::texa9_0/lib/xscugic.o ps7_cortexa9_0/lib/xscugic_g.o ps7_cortexa9_0/lib/xscugic_hw.o ps7_cortexa9_0/lib/xscugic_intr.o ps7_cort
TRACE::2026-07-22.14:16:32::SCWBDomain::exa9_0/lib/xscugic_selftest.o ps7_cortexa9_0/lib/xscugic_sinit.o ps7_cortexa9_0/lib/xscutimer.o ps7_cortexa9_0/lib/xscutimer_g.
TRACE::2026-07-22.14:16:32::SCWBDomain::o ps7_cortexa9_0/lib/xscutimer_selftest.o ps7_cortexa9_0/lib/xscutimer_sinit.o ps7_cortexa9_0/lib/xscuwdt.o ps7_cortexa9_0/lib/
TRACE::2026-07-22.14:16:32::SCWBDomain::xscuwdt_g.o ps7_cortexa9_0/lib/xscuwdt_selftest.o ps7_cortexa9_0/lib/xscuwdt_sinit.o ps7_cortexa9_0/lib/xtime_l.o

TRACE::2026-07-22.14:16:32::SCWBDomain::Finished building libraries

TRACE::2026-07-22.14:16:32::SCWBDomain::make: Leaving directory '/home/ran/Documents/uni/s10/asip_lab/vitis_ws/milestone2/zynq_fsbl/zynq_fsbl_bsp'

TRACE::2026-07-22.14:16:32::SCWBDomain::arm-none-eabi-gcc  -O2 -c -MMD -MP       -mcpu=cortex-a9 -mfpu=vfpv3 -mfloat-abi=hard  -c fsbl_hooks.c -o fsbl_hooks.o -Izynq_f
TRACE::2026-07-22.14:16:32::SCWBDomain::sbl_bsp/ps7_cortexa9_0/include -I.

TRACE::2026-07-22.14:16:32::SCWBDomain::arm-none-eabi-gcc  -O2 -c -MMD -MP       -mcpu=cortex-a9 -mfpu=vfpv3 -mfloat-abi=hard  -c image_mover.c -o image_mover.o -Izynq
TRACE::2026-07-22.14:16:32::SCWBDomain::_fsbl_bsp/ps7_cortexa9_0/include -I.

TRACE::2026-07-22.14:16:32::SCWBDomain::arm-none-eabi-gcc  -O2 -c -MMD -MP       -mcpu=cortex-a9 -mfpu=vfpv3 -mfloat-abi=hard  -c main.c -o main.o -Izynq_fsbl_bsp/ps7_
TRACE::2026-07-22.14:16:32::SCWBDomain::cortexa9_0/include -I.

TRACE::2026-07-22.14:16:32::SCWBDomain::arm-none-eabi-gcc  -O2 -c -MMD -MP       -mcpu=cortex-a9 -mfpu=vfpv3 -mfloat-abi=hard  -c md5.c -o md5.o -Izynq_fsbl_bsp/ps7_co
TRACE::2026-07-22.14:16:32::SCWBDomain::rtexa9_0/include -I.

TRACE::2026-07-22.14:16:32::SCWBDomain::arm-none-eabi-gcc  -O2 -c -MMD -MP       -mcpu=cortex-a9 -mfpu=vfpv3 -mfloat-abi=hard  -c nand.c -o nand.o -Izynq_fsbl_bsp/ps7_
TRACE::2026-07-22.14:16:32::SCWBDomain::cortexa9_0/include -I.

TRACE::2026-07-22.14:16:33::SCWBDomain::arm-none-eabi-gcc  -O2 -c -MMD -MP       -mcpu=cortex-a9 -mfpu=vfpv3 -mfloat-abi=hard  -c nor.c -o nor.o -Izynq_fsbl_bsp/ps7_co
TRACE::2026-07-22.14:16:33::SCWBDomain::rtexa9_0/include -I.

TRACE::2026-07-22.14:16:33::SCWBDomain::arm-none-eabi-gcc  -O2 -c -MMD -MP       -mcpu=cortex-a9 -mfpu=vfpv3 -mfloat-abi=hard  -c pcap.c -o pcap.o -Izynq_fsbl_bsp/ps7_
TRACE::2026-07-22.14:16:33::SCWBDomain::cortexa9_0/include -I.

TRACE::2026-07-22.14:16:33::SCWBDomain::arm-none-eabi-gcc  -O2 -c -MMD -MP       -mcpu=cortex-a9 -mfpu=vfpv3 -mfloat-abi=hard  -c ps7_init.c -o ps7_init.o -Izynq_fsbl_
TRACE::2026-07-22.14:16:33::SCWBDomain::bsp/ps7_cortexa9_0/include -I.

TRACE::2026-07-22.14:16:33::SCWBDomain::arm-none-eabi-gcc  -O2 -c -MMD -MP       -mcpu=cortex-a9 -mfpu=vfpv3 -mfloat-abi=hard  -c qspi.c -o qspi.o -Izynq_fsbl_bsp/ps7_
TRACE::2026-07-22.14:16:33::SCWBDomain::cortexa9_0/include -I.

TRACE::2026-07-22.14:16:33::SCWBDomain::arm-none-eabi-gcc  -O2 -c -MMD -MP       -mcpu=cortex-a9 -mfpu=vfpv3 -mfloat-abi=hard  -c rsa.c -o rsa.o -Izynq_fsbl_bsp/ps7_co
TRACE::2026-07-22.14:16:33::SCWBDomain::rtexa9_0/include -I.

TRACE::2026-07-22.14:16:33::SCWBDomain::arm-none-eabi-gcc  -O2 -c -MMD -MP       -mcpu=cortex-a9 -mfpu=vfpv3 -mfloat-abi=hard  -c sd.c -o sd.o -Izynq_fsbl_bsp/ps7_cort
TRACE::2026-07-22.14:16:33::SCWBDomain::exa9_0/include -I.

TRACE::2026-07-22.14:16:33::SCWBDomain::arm-none-eabi-gcc  -O2 -c -MMD -MP       -mcpu=cortex-a9 -mfpu=vfpv3 -mfloat-abi=hard  -c fsbl_handoff.S -o fsbl_handoff.o -Izy
TRACE::2026-07-22.14:16:33::SCWBDomain::nq_fsbl_bsp/ps7_cortexa9_0/include -I.

TRACE::2026-07-22.14:16:33::SCWBDomain::arm-none-eabi-gcc -o fsbl.elf fsbl_handoff.o fsbl_hooks.o image_mover.o main.o md5.o nand.o nor.o pcap.o ps7_init.o qspi.o rsa.
TRACE::2026-07-22.14:16:33::SCWBDomain::o sd.o -MMD -MP       -mcpu=cortex-a9 -mfpu=vfpv3 -mfloat-abi=hard   -mcpu=cortex-a9 -mfpu=vfpv3 -mfloat-abi=hard -Wl,-build-id
TRACE::2026-07-22.14:16:33::SCWBDomain::=none -specs=Xilinx.spec  -lrsa -Wl,--start-group,-lxil,-lgcc,-lc,--end-group -Wl,--start-group,-lxilffs,-lxil,-lgcc,-lc,--end-
TRACE::2026-07-22.14:16:33::SCWBDomain::group -Wl,--start-group,-lrsa,-lxil,-lgcc,-lc,--end-group                               -Wl,--gc-sections -Lzynq_fsbl_bsp/ps7_c
TRACE::2026-07-22.14:16:33::SCWBDomain::ortexa9_0/lib -L./ -Tlscript.ld

LOG::2026-07-22.14:16:33::SCWSystem::Checking the domain standalone_domain
LOG::2026-07-22.14:16:33::SCWSystem::Not a boot domain 
LOG::2026-07-22.14:16:33::SCWSystem::Started Processing the domain standalone_domain
TRACE::2026-07-22.14:16:33::SCWDomain::Generating domain artifcats
TRACE::2026-07-22.14:16:33::SCWMssOS::Generating standalone artifcats
TRACE::2026-07-22.14:16:33::SCWMssOS::Copying the qemu file from  /home/ran/Documents/uni/s10/asip_lab/vitis_ws/milestone2/resources/milestone2/standalone_domain/qemu_args.txt To /home/ran/Documents/uni/s10/asip_lab/vitis_ws/milestone2/export/milestone2/sw/milestone2/qemu/
TRACE::2026-07-22.14:16:33::SCWMssOS::Copying the qemu file from  /home/ran/Documents/uni/s10/asip_lab/vitis_ws/milestone2/resources/milestone2/standalone_domain/qemu_args.txt To /home/ran/Documents/uni/s10/asip_lab/vitis_ws/milestone2/export/milestone2/sw/milestone2/standalone_domain/qemu/
TRACE::2026-07-22.14:16:33::SCWMssOS:: Copying the user libraries. 
TRACE::2026-07-22.14:16:33::SCWPlatform::Trying to open the hw design at /home/ran/Documents/uni/s10/asip_lab/vitis_ws/milestone2/hw/design_1_wrapper.xsa
TRACE::2026-07-22.14:16:33::SCWPlatform::DSA given /home/ran/Documents/uni/s10/asip_lab/vitis_ws/milestone2/hw/design_1_wrapper.xsa
TRACE::2026-07-22.14:16:33::SCWPlatform::DSA absoulate path /home/ran/Documents/uni/s10/asip_lab/vitis_ws/milestone2/hw/design_1_wrapper.xsa
TRACE::2026-07-22.14:16:33::SCWPlatform::DSA directory /home/ran/Documents/uni/s10/asip_lab/vitis_ws/milestone2/hw
TRACE::2026-07-22.14:16:33::SCWPlatform:: Platform Path /home/ran/Documents/uni/s10/asip_lab/vitis_ws/milestone2/hw/design_1_wrapper.xsa
TRACE::2026-07-22.14:16:33::SCWPlatform:: Unique name xilinx:::0.0
TRACE::2026-07-22.14:16:33::SCWPlatform::Trying to set the existing hwdb with name design_1_wrapper_1
TRACE::2026-07-22.14:16:33::SCWPlatform::Opened existing hwdb design_1_wrapper_1
TRACE::2026-07-22.14:16:33::SCWPlatform::Found the Hw Db part of the input DSA
TRACE::2026-07-22.14:16:33::SCWMssOS::Checking the sw design at  /home/ran/Documents/uni/s10/asip_lab/vitis_ws/milestone2/ps7_cortexa9_0/standalone_domain/bsp/system.mss
TRACE::2026-07-22.14:16:33::SCWMssOS::DEBUG:  swdes dump  /home/ran/Documents/uni/s10/asip_lab/vitis_ws/milestone2/ps7_cortexa9_0/standalone_domain/bsp/system.mss|system_0||
/home/ran/Documents/uni/s10/asip_lab/vitis_ws/milestone2/zynq_fsbl/zynq_fsbl_bsp/system.mss|system||

TRACE::2026-07-22.14:16:33::SCWMssOS::Sw design exists and opened at  /home/ran/Documents/uni/s10/asip_lab/vitis_ws/milestone2/ps7_cortexa9_0/standalone_domain/bsp/system.mss
TRACE::2026-07-22.14:16:33::SCWMssOS::Completed writing the mss file at /home/ran/Documents/uni/s10/asip_lab/vitis_ws/milestone2/ps7_cortexa9_0/standalone_domain/bsp
TRACE::2026-07-22.14:16:33::SCWMssOS::Mss edits present, copying mssfile into export location /home/ran/Documents/uni/s10/asip_lab/vitis_ws/milestone2/ps7_cortexa9_0/standalone_domain/bsp/system.mss
TRACE::2026-07-22.14:16:33::SCWMssOS::bsp generated is upto date with the mss file. Skipping bsp generation.
TRACE::2026-07-22.14:16:33::SCWMssOS::BSP is already built. skipping the bsp build ... 
TRACE::2026-07-22.14:16:33::SCWDomain::Building the domain as part of full build :  standalone_domain
TRACE::2026-07-22.14:16:33::SCWMssOS::doing bsp build ... 
TRACE::2026-07-22.14:16:33::SCWMssOS::System Command Ran  cd  /home/ran/Documents/uni/s10/asip_lab/vitis_ws/milestone2/ps7_cortexa9_0/standalone_domain/bsp ; bash -c "make  " 
TRACE::2026-07-22.14:16:33::SCWMssOS::make --no-print-directory seq_libs

TRACE::2026-07-22.14:16:33::SCWMssOS::Finished building libraries sequentially.

TRACE::2026-07-22.14:16:33::SCWMssOS::make -j 10 --no-print-directory par_libs

TRACE::2026-07-22.14:16:33::SCWMssOS::Running Make include in ps7_cortexa9_0/libsrc/bram_v4_8/src

TRACE::2026-07-22.14:16:33::SCWMssOS::Running Make include in ps7_cortexa9_0/libsrc/coresightps_dcc_v1_8/src

TRACE::2026-07-22.14:16:33::SCWMssOS::Running Make include in ps7_cortexa9_0/libsrc/cpu_cortexa9_v2_11/src

TRACE::2026-07-22.14:16:33::SCWMssOS::make -C ps7_cortexa9_0/libsrc/bram_v4_8/src -s include  "SHELL=/bin/sh" "COMPILER=arm-none-eabi-gcc" "ASSEMBLER=arm-none-eabi-a
TRACE::2026-07-22.14:16:33::SCWMssOS::s" "ARCHIVER=arm-none-eabi-ar" "COMPILER_FLAGS=  -O2 -c" "EXTRA_COMPILER_FLAGS=-mcpu=cortex-a9 -mfpu=vfpv3 -mfloat-abi=hard -no
TRACE::2026-07-22.14:16:33::SCWMssOS::startfiles -g -Wall -Wextra -fno-tree-loop-distribute-patterns"

TRACE::2026-07-22.14:16:33::SCWMssOS::make -C ps7_cortexa9_0/libsrc/coresightps_dcc_v1_8/src -s include  "SHELL=/bin/sh" "COMPILER=arm-none-eabi-gcc" "ASSEMBLER=arm-
TRACE::2026-07-22.14:16:33::SCWMssOS::none-eabi-as" "ARCHIVER=arm-none-eabi-ar" "COMPILER_FLAGS=  -O2 -c" "EXTRA_COMPILER_FLAGS=-mcpu=cortex-a9 -mfpu=vfpv3 -mfloat-a
TRACE::2026-07-22.14:16:33::SCWMssOS::bi=hard -nostartfiles -g -Wall -Wextra -fno-tree-loop-distribute-patterns"

TRACE::2026-07-22.14:16:33::SCWMssOS::make -C ps7_cortexa9_0/libsrc/cpu_cortexa9_v2_11/src -s include  "SHELL=/bin/sh" "COMPILER=arm-none-eabi-gcc" "ASSEMBLER=arm-no
TRACE::2026-07-22.14:16:33::SCWMssOS::ne-eabi-as" "ARCHIVER=arm-none-eabi-ar" "COMPILER_FLAGS=  -O2 -c" "EXTRA_COMPILER_FLAGS=-mcpu=cortex-a9 -mfpu=vfpv3 -mfloat-abi
TRACE::2026-07-22.14:16:33::SCWMssOS::=hard -nostartfiles -g -Wall -Wextra -fno-tree-loop-distribute-patterns"

TRACE::2026-07-22.14:16:33::SCWMssOS::Running Make include in ps7_cortexa9_0/libsrc/ddrps_v1_2/src

TRACE::2026-07-22.14:16:33::SCWMssOS::Running Make include in ps7_cortexa9_0/libsrc/devcfg_v3_7/src

TRACE::2026-07-22.14:16:33::SCWMssOS::make -C ps7_cortexa9_0/libsrc/ddrps_v1_2/src -s include  "SHELL=/bin/sh" "COMPILER=arm-none-eabi-gcc" "ASSEMBLER=arm-none-eabi-
TRACE::2026-07-22.14:16:33::SCWMssOS::as" "ARCHIVER=arm-none-eabi-ar" "COMPILER_FLAGS=  -O2 -c" "EXTRA_COMPILER_FLAGS=-mcpu=cortex-a9 -mfpu=vfpv3 -mfloat-abi=hard -n
TRACE::2026-07-22.14:16:33::SCWMssOS::ostartfiles -g -Wall -Wextra -fno-tree-loop-distribute-patterns"

TRACE::2026-07-22.14:16:33::SCWMssOS::make -C ps7_cortexa9_0/libsrc/devcfg_v3_7/src -s include  "SHELL=/bin/sh" "COMPILER=arm-none-eabi-gcc" "ASSEMBLER=arm-none-eabi
TRACE::2026-07-22.14:16:33::SCWMssOS::-as" "ARCHIVER=arm-none-eabi-ar" "COMPILER_FLAGS=  -O2 -c" "EXTRA_COMPILER_FLAGS=-mcpu=cortex-a9 -mfpu=vfpv3 -mfloat-abi=hard -
TRACE::2026-07-22.14:16:33::SCWMssOS::nostartfiles -g -Wall -Wextra -fno-tree-loop-distribute-patterns"

TRACE::2026-07-22.14:16:33::SCWMssOS::Running Make include in ps7_cortexa9_0/libsrc/dmaps_v2_8/src

TRACE::2026-07-22.14:16:33::SCWMssOS::Running Make include in ps7_cortexa9_0/libsrc/scugic_v5_0/src

TRACE::2026-07-22.14:16:33::SCWMssOS::make -C ps7_cortexa9_0/libsrc/dmaps_v2_8/src -s include  "SHELL=/bin/sh" "COMPILER=arm-none-eabi-gcc" "ASSEMBLER=arm-none-eabi-
TRACE::2026-07-22.14:16:33::SCWMssOS::as" "ARCHIVER=arm-none-eabi-ar" "COMPILER_FLAGS=  -O2 -c" "EXTRA_COMPILER_FLAGS=-mcpu=cortex-a9 -mfpu=vfpv3 -mfloat-abi=hard -n
TRACE::2026-07-22.14:16:33::SCWMssOS::ostartfiles -g -Wall -Wextra -fno-tree-loop-distribute-patterns"

TRACE::2026-07-22.14:16:33::SCWMssOS::Running Make include in ps7_cortexa9_0/libsrc/scutimer_v2_4/src

TRACE::2026-07-22.14:16:33::SCWMssOS::make -C ps7_cortexa9_0/libsrc/scugic_v5_0/src -s include  "SHELL=/bin/sh" "COMPILER=arm-none-eabi-gcc" "ASSEMBLER=arm-none-eabi
TRACE::2026-07-22.14:16:33::SCWMssOS::-as" "ARCHIVER=arm-none-eabi-ar" "COMPILER_FLAGS=  -O2 -c" "EXTRA_COMPILER_FLAGS=-mcpu=cortex-a9 -mfpu=vfpv3 -mfloat-abi=hard -
TRACE::2026-07-22.14:16:33::SCWMssOS::nostartfiles -g -Wall -Wextra -fno-tree-loop-distribute-patterns"

TRACE::2026-07-22.14:16:33::SCWMssOS::make -C ps7_cortexa9_0/libsrc/scutimer_v2_4/src -s include  "SHELL=/bin/sh" "COMPILER=arm-none-eabi-gcc" "ASSEMBLER=arm-none-ea
TRACE::2026-07-22.14:16:33::SCWMssOS::bi-as" "ARCHIVER=arm-none-eabi-ar" "COMPILER_FLAGS=  -O2 -c" "EXTRA_COMPILER_FLAGS=-mcpu=cortex-a9 -mfpu=vfpv3 -mfloat-abi=hard
TRACE::2026-07-22.14:16:33::SCWMssOS:: -nostartfiles -g -Wall -Wextra -fno-tree-loop-distribute-patterns"

TRACE::2026-07-22.14:16:33::SCWMssOS::Running Make include in ps7_cortexa9_0/libsrc/scuwdt_v2_4/src

TRACE::2026-07-22.14:16:33::SCWMssOS::make -C ps7_cortexa9_0/libsrc/scuwdt_v2_4/src -s include  "SHELL=/bin/sh" "COMPILER=arm-none-eabi-gcc" "ASSEMBLER=arm-none-eabi
TRACE::2026-07-22.14:16:33::SCWMssOS::-as" "ARCHIVER=arm-none-eabi-ar" "COMPILER_FLAGS=  -O2 -c" "EXTRA_COMPILER_FLAGS=-mcpu=cortex-a9 -mfpu=vfpv3 -mfloat-abi=hard -
TRACE::2026-07-22.14:16:33::SCWMssOS::nostartfiles -g -Wall -Wextra -fno-tree-loop-distribute-patterns"

TRACE::2026-07-22.14:16:33::SCWMssOS::Running Make include in ps7_cortexa9_0/libsrc/standalone_v8_0/src

TRACE::2026-07-22.14:16:33::SCWMssOS::make -C ps7_cortexa9_0/libsrc/standalone_v8_0/src -s include  "SHELL=/bin/sh" "COMPILER=arm-none-eabi-gcc" "ASSEMBLER=arm-none-
TRACE::2026-07-22.14:16:33::SCWMssOS::eabi-as" "ARCHIVER=arm-none-eabi-ar" "COMPILER_FLAGS=  -O2 -c" "EXTRA_COMPILER_FLAGS=-mcpu=cortex-a9 -mfpu=vfpv3 -mfloat-abi=ha
TRACE::2026-07-22.14:16:33::SCWMssOS::rd -nostartfiles -g -Wall -Wextra -fno-tree-loop-distribute-patterns"

TRACE::2026-07-22.14:16:33::SCWMssOS::Running Make include in ps7_cortexa9_0/libsrc/xadcps_v2_6/src

TRACE::2026-07-22.14:16:33::SCWMssOS::make -C ps7_cortexa9_0/libsrc/xadcps_v2_6/src -s include  "SHELL=/bin/sh" "COMPILER=arm-none-eabi-gcc" "ASSEMBLER=arm-none-eabi
TRACE::2026-07-22.14:16:33::SCWMssOS::-as" "ARCHIVER=arm-none-eabi-ar" "COMPILER_FLAGS=  -O2 -c" "EXTRA_COMPILER_FLAGS=-mcpu=cortex-a9 -mfpu=vfpv3 -mfloat-abi=hard -
TRACE::2026-07-22.14:16:33::SCWMssOS::nostartfiles -g -Wall -Wextra -fno-tree-loop-distribute-patterns"

TRACE::2026-07-22.14:16:33::SCWMssOS::Running Make libs in ps7_cortexa9_0/libsrc/bram_v4_8/src

TRACE::2026-07-22.14:16:33::SCWMssOS::Running Make libs in ps7_cortexa9_0/libsrc/coresightps_dcc_v1_8/src

TRACE::2026-07-22.14:16:33::SCWMssOS::make -C ps7_cortexa9_0/libsrc/bram_v4_8/src -s libs  "SHELL=/bin/sh" "COMPILER=arm-none-eabi-gcc" "ASSEMBLER=arm-none-eabi-as" 
TRACE::2026-07-22.14:16:33::SCWMssOS::"ARCHIVER=arm-none-eabi-ar" "COMPILER_FLAGS=  -O2 -c" "EXTRA_COMPILER_FLAGS=-mcpu=cortex-a9 -mfpu=vfpv3 -mfloat-abi=hard -nosta
TRACE::2026-07-22.14:16:33::SCWMssOS::rtfiles -g -Wall -Wextra -fno-tree-loop-distribute-patterns"

TRACE::2026-07-22.14:16:33::SCWMssOS::Running Make libs in ps7_cortexa9_0/libsrc/cpu_cortexa9_v2_11/src

TRACE::2026-07-22.14:16:33::SCWMssOS::make -C ps7_cortexa9_0/libsrc/coresightps_dcc_v1_8/src -s libs  "SHELL=/bin/sh" "COMPILER=arm-none-eabi-gcc" "ASSEMBLER=arm-non
TRACE::2026-07-22.14:16:33::SCWMssOS::e-eabi-as" "ARCHIVER=arm-none-eabi-ar" "COMPILER_FLAGS=  -O2 -c" "EXTRA_COMPILER_FLAGS=-mcpu=cortex-a9 -mfpu=vfpv3 -mfloat-abi=
TRACE::2026-07-22.14:16:33::SCWMssOS::hard -nostartfiles -g -Wall -Wextra -fno-tree-loop-distribute-patterns"

TRACE::2026-07-22.14:16:33::SCWMssOS::Running Make libs in ps7_cortexa9_0/libsrc/ddrps_v1_2/src

TRACE::2026-07-22.14:16:33::SCWMssOS::make -C ps7_cortexa9_0/libsrc/cpu_cortexa9_v2_11/src -s libs  "SHELL=/bin/sh" "COMPILER=arm-none-eabi-gcc" "ASSEMBLER=arm-none-
TRACE::2026-07-22.14:16:33::SCWMssOS::eabi-as" "ARCHIVER=arm-none-eabi-ar" "COMPILER_FLAGS=  -O2 -c" "EXTRA_COMPILER_FLAGS=-mcpu=cortex-a9 -mfpu=vfpv3 -mfloat-abi=ha
TRACE::2026-07-22.14:16:33::SCWMssOS::rd -nostartfiles -g -Wall -Wextra -fno-tree-loop-distribute-patterns"

TRACE::2026-07-22.14:16:33::SCWMssOS::make -C ps7_cortexa9_0/libsrc/ddrps_v1_2/src -s libs  "SHELL=/bin/sh" "COMPILER=arm-none-eabi-gcc" "ASSEMBLER=arm-none-eabi-as"
TRACE::2026-07-22.14:16:33::SCWMssOS:: "ARCHIVER=arm-none-eabi-ar" "COMPILER_FLAGS=  -O2 -c" "EXTRA_COMPILER_FLAGS=-mcpu=cortex-a9 -mfpu=vfpv3 -mfloat-abi=hard -nost
TRACE::2026-07-22.14:16:33::SCWMssOS::artfiles -g -Wall -Wextra -fno-tree-loop-distribute-patterns"

TRACE::2026-07-22.14:16:33::SCWMssOS::Running Make libs in ps7_cortexa9_0/libsrc/devcfg_v3_7/src

TRACE::2026-07-22.14:16:33::SCWMssOS::Running Make libs in ps7_cortexa9_0/libsrc/dmaps_v2_8/src

TRACE::2026-07-22.14:16:33::SCWMssOS::make -C ps7_cortexa9_0/libsrc/devcfg_v3_7/src -s libs  "SHELL=/bin/sh" "COMPILER=arm-none-eabi-gcc" "ASSEMBLER=arm-none-eabi-as
TRACE::2026-07-22.14:16:33::SCWMssOS::" "ARCHIVER=arm-none-eabi-ar" "COMPILER_FLAGS=  -O2 -c" "EXTRA_COMPILER_FLAGS=-mcpu=cortex-a9 -mfpu=vfpv3 -mfloat-abi=hard -nos
TRACE::2026-07-22.14:16:33::SCWMssOS::tartfiles -g -Wall -Wextra -fno-tree-loop-distribute-patterns"

TRACE::2026-07-22.14:16:33::SCWMssOS::Running Make libs in ps7_cortexa9_0/libsrc/scugic_v5_0/src

TRACE::2026-07-22.14:16:33::SCWMssOS::make -C ps7_cortexa9_0/libsrc/dmaps_v2_8/src -s libs  "SHELL=/bin/sh" "COMPILER=arm-none-eabi-gcc" "ASSEMBLER=arm-none-eabi-as"
TRACE::2026-07-22.14:16:33::SCWMssOS:: "ARCHIVER=arm-none-eabi-ar" "COMPILER_FLAGS=  -O2 -c" "EXTRA_COMPILER_FLAGS=-mcpu=cortex-a9 -mfpu=vfpv3 -mfloat-abi=hard -nost
TRACE::2026-07-22.14:16:33::SCWMssOS::artfiles -g -Wall -Wextra -fno-tree-loop-distribute-patterns"

TRACE::2026-07-22.14:16:33::SCWMssOS::Running Make libs in ps7_cortexa9_0/libsrc/scutimer_v2_4/src

TRACE::2026-07-22.14:16:33::SCWMssOS::make -C ps7_cortexa9_0/libsrc/scugic_v5_0/src -s libs  "SHELL=/bin/sh" "COMPILER=arm-none-eabi-gcc" "ASSEMBLER=arm-none-eabi-as
TRACE::2026-07-22.14:16:33::SCWMssOS::" "ARCHIVER=arm-none-eabi-ar" "COMPILER_FLAGS=  -O2 -c" "EXTRA_COMPILER_FLAGS=-mcpu=cortex-a9 -mfpu=vfpv3 -mfloat-abi=hard -nos
TRACE::2026-07-22.14:16:33::SCWMssOS::tartfiles -g -Wall -Wextra -fno-tree-loop-distribute-patterns"

TRACE::2026-07-22.14:16:33::SCWMssOS::make -C ps7_cortexa9_0/libsrc/scutimer_v2_4/src -s libs  "SHELL=/bin/sh" "COMPILER=arm-none-eabi-gcc" "ASSEMBLER=arm-none-eabi-
TRACE::2026-07-22.14:16:33::SCWMssOS::as" "ARCHIVER=arm-none-eabi-ar" "COMPILER_FLAGS=  -O2 -c" "EXTRA_COMPILER_FLAGS=-mcpu=cortex-a9 -mfpu=vfpv3 -mfloat-abi=hard -n
TRACE::2026-07-22.14:16:33::SCWMssOS::ostartfiles -g -Wall -Wextra -fno-tree-loop-distribute-patterns"

TRACE::2026-07-22.14:16:33::SCWMssOS::Running Make libs in ps7_cortexa9_0/libsrc/scuwdt_v2_4/src

TRACE::2026-07-22.14:16:33::SCWMssOS::make -C ps7_cortexa9_0/libsrc/scuwdt_v2_4/src -s libs  "SHELL=/bin/sh" "COMPILER=arm-none-eabi-gcc" "ASSEMBLER=arm-none-eabi-as
TRACE::2026-07-22.14:16:33::SCWMssOS::" "ARCHIVER=arm-none-eabi-ar" "COMPILER_FLAGS=  -O2 -c" "EXTRA_COMPILER_FLAGS=-mcpu=cortex-a9 -mfpu=vfpv3 -mfloat-abi=hard -nos
TRACE::2026-07-22.14:16:33::SCWMssOS::tartfiles -g -Wall -Wextra -fno-tree-loop-distribute-patterns"

TRACE::2026-07-22.14:16:33::SCWMssOS::Running Make libs in ps7_cortexa9_0/libsrc/standalone_v8_0/src

TRACE::2026-07-22.14:16:33::SCWMssOS::make -C ps7_cortexa9_0/libsrc/standalone_v8_0/src -s libs  "SHELL=/bin/sh" "COMPILER=arm-none-eabi-gcc" "ASSEMBLER=arm-none-eab
TRACE::2026-07-22.14:16:33::SCWMssOS::i-as" "ARCHIVER=arm-none-eabi-ar" "COMPILER_FLAGS=  -O2 -c" "EXTRA_COMPILER_FLAGS=-mcpu=cortex-a9 -mfpu=vfpv3 -mfloat-abi=hard 
TRACE::2026-07-22.14:16:33::SCWMssOS::-nostartfiles -g -Wall -Wextra -fno-tree-loop-distribute-patterns"

TRACE::2026-07-22.14:16:33::SCWMssOS::Running Make libs in ps7_cortexa9_0/libsrc/xadcps_v2_6/src

TRACE::2026-07-22.14:16:33::SCWMssOS::make -C ps7_cortexa9_0/libsrc/xadcps_v2_6/src -s libs  "SHELL=/bin/sh" "COMPILER=arm-none-eabi-gcc" "ASSEMBLER=arm-none-eabi-as
TRACE::2026-07-22.14:16:33::SCWMssOS::" "ARCHIVER=arm-none-eabi-ar" "COMPILER_FLAGS=  -O2 -c" "EXTRA_COMPILER_FLAGS=-mcpu=cortex-a9 -mfpu=vfpv3 -mfloat-abi=hard -nos
TRACE::2026-07-22.14:16:33::SCWMssOS::tartfiles -g -Wall -Wextra -fno-tree-loop-distribute-patterns"

TRACE::2026-07-22.14:16:35::SCWMssOS::Finished building libraries parallelly.

TRACE::2026-07-22.14:16:35::SCWMssOS::make --no-print-directory archive

TRACE::2026-07-22.14:16:35::SCWMssOS::arm-none-eabi-ar -r  ps7_cortexa9_0/lib/libxil.a ps7_cortexa9_0/lib/_exit.o ps7_cortexa9_0/lib/_open.o ps7_cortexa9_0/lib/_sbrk
TRACE::2026-07-22.14:16:35::SCWMssOS::.o ps7_cortexa9_0/lib/abort.o ps7_cortexa9_0/lib/asm_vectors.o ps7_cortexa9_0/lib/boot.o ps7_cortexa9_0/lib/close.o ps7_cortexa
TRACE::2026-07-22.14:16:35::SCWMssOS::9_0/lib/cpputest_time.o ps7_cortexa9_0/lib/cpu_init.o ps7_cortexa9_0/lib/errno.o ps7_cortexa9_0/lib/fcntl.o ps7_cortexa9_0/lib/
TRACE::2026-07-22.14:16:35::SCWMssOS::fstat.o ps7_cortexa9_0/lib/getpid.o ps7_cortexa9_0/lib/inbyte.o ps7_cortexa9_0/lib/isatty.o ps7_cortexa9_0/lib/kill.o ps7_corte
TRACE::2026-07-22.14:16:35::SCWMssOS::xa9_0/lib/lseek.o ps7_cortexa9_0/lib/open.o ps7_cortexa9_0/lib/outbyte.o ps7_cortexa9_0/lib/print.o ps7_cortexa9_0/lib/putnum.o
TRACE::2026-07-22.14:16:35::SCWMssOS:: ps7_cortexa9_0/lib/read.o ps7_cortexa9_0/lib/sbrk.o ps7_cortexa9_0/lib/sleep.o ps7_cortexa9_0/lib/time.o ps7_cortexa9_0/lib/tr
TRACE::2026-07-22.14:16:35::SCWMssOS::anslation_table.o ps7_cortexa9_0/lib/unlink.o ps7_cortexa9_0/lib/usleep.o ps7_cortexa9_0/lib/vectors.o ps7_cortexa9_0/lib/write
TRACE::2026-07-22.14:16:35::SCWMssOS::.o ps7_cortexa9_0/lib/xadcps.o ps7_cortexa9_0/lib/xadcps_g.o ps7_cortexa9_0/lib/xadcps_intr.o ps7_cortexa9_0/lib/xadcps_selftes
TRACE::2026-07-22.14:16:35::SCWMssOS::t.o ps7_cortexa9_0/lib/xadcps_sinit.o ps7_cortexa9_0/lib/xbram.o ps7_cortexa9_0/lib/xbram_g.o ps7_cortexa9_0/lib/xbram_intr.o p
TRACE::2026-07-22.14:16:35::SCWMssOS::s7_cortexa9_0/lib/xbram_selftest.o ps7_cortexa9_0/lib/xbram_sinit.o ps7_cortexa9_0/lib/xcoresightpsdcc.o ps7_cortexa9_0/lib/xde
TRACE::2026-07-22.14:16:35::SCWMssOS::vcfg.o ps7_cortexa9_0/lib/xdevcfg_g.o ps7_cortexa9_0/lib/xdevcfg_hw.o ps7_cortexa9_0/lib/xdevcfg_intr.o ps7_cortexa9_0/lib/xdev
TRACE::2026-07-22.14:16:35::SCWMssOS::cfg_selftest.o ps7_cortexa9_0/lib/xdevcfg_sinit.o ps7_cortexa9_0/lib/xdmaps.o ps7_cortexa9_0/lib/xdmaps_g.o ps7_cortexa9_0/lib/
TRACE::2026-07-22.14:16:35::SCWMssOS::xdmaps_hw.o ps7_cortexa9_0/lib/xdmaps_selftest.o ps7_cortexa9_0/lib/xdmaps_sinit.o ps7_cortexa9_0/lib/xil-crt0.o ps7_cortexa9_0
TRACE::2026-07-22.14:16:35::SCWMssOS::/lib/xil_assert.o ps7_cortexa9_0/lib/xil_cache.o ps7_cortexa9_0/lib/xil_clocking.o ps7_cortexa9_0/lib/xil_exception.o ps7_corte
TRACE::2026-07-22.14:16:35::SCWMssOS::xa9_0/lib/xil_mem.o ps7_cortexa9_0/lib/xil_misc_psreset_api.o ps7_cortexa9_0/lib/xil_mmu.o ps7_cortexa9_0/lib/xil_printf.o ps7_
TRACE::2026-07-22.14:16:35::SCWMssOS::cortexa9_0/lib/xil_sleepcommon.o ps7_cortexa9_0/lib/xil_sleeptimer.o ps7_cortexa9_0/lib/xil_spinlock.o ps7_cortexa9_0/lib/xil_t
TRACE::2026-07-22.14:16:35::SCWMssOS::estcache.o ps7_cortexa9_0/lib/xil_testio.o ps7_cortexa9_0/lib/xil_testmem.o ps7_cortexa9_0/lib/xil_util.o ps7_cortexa9_0/lib/xi
TRACE::2026-07-22.14:16:35::SCWMssOS::nterrupt_wrap.o ps7_cortexa9_0/lib/xl2cc_counter.o ps7_cortexa9_0/lib/xplatform_info.o ps7_cortexa9_0/lib/xpm_counter.o ps7_cor
TRACE::2026-07-22.14:16:35::SCWMssOS::texa9_0/lib/xscugic.o ps7_cortexa9_0/lib/xscugic_g.o ps7_cortexa9_0/lib/xscugic_hw.o ps7_cortexa9_0/lib/xscugic_intr.o ps7_cort
TRACE::2026-07-22.14:16:35::SCWMssOS::exa9_0/lib/xscugic_selftest.o ps7_cortexa9_0/lib/xscugic_sinit.o ps7_cortexa9_0/lib/xscutimer.o ps7_cortexa9_0/lib/xscutimer_g.
TRACE::2026-07-22.14:16:35::SCWMssOS::o ps7_cortexa9_0/lib/xscutimer_selftest.o ps7_cortexa9_0/lib/xscutimer_sinit.o ps7_cortexa9_0/lib/xscuwdt.o ps7_cortexa9_0/lib/
TRACE::2026-07-22.14:16:35::SCWMssOS::xscuwdt_g.o ps7_cortexa9_0/lib/xscuwdt_selftest.o ps7_cortexa9_0/lib/xscuwdt_sinit.o ps7_cortexa9_0/lib/xtime_l.o

TRACE::2026-07-22.14:16:35::SCWMssOS::Finished building libraries

TRACE::2026-07-22.14:16:35::SCWMssOS::Copying to export directory.
TRACE::2026-07-22.14:16:35::SCWMssOS:: Checking if to create the Supporting Applications
TRACE::2026-07-22.14:16:35::SCWMssOS:: No Linux domain exists, trying to generate FSBL 
LOG::2026-07-22.14:16:35::SCWSystem::Completed Processing the domain standalone_domain
LOG::2026-07-22.14:16:35::SCWSystem::Completed Processing the sysconfig milestone2
LOG::2026-07-22.14:16:35::SCWPlatform::Completed generating the artifacts for system configuration milestone2
TRACE::2026-07-22.14:16:35::SCWPlatform::Started preparing the platform 
TRACE::2026-07-22.14:16:35::SCWSystem::Writing the bif file for system config milestone2
TRACE::2026-07-22.14:16:35::SCWSystem::dir created 
TRACE::2026-07-22.14:16:35::SCWSystem::Writing the bif 
TRACE::2026-07-22.14:16:35::SCWPlatform::Started writing the spfm file 
TRACE::2026-07-22.14:16:35::SCWPlatform::Started writing the xpfm file 
TRACE::2026-07-22.14:16:35::SCWPlatform::Completed generating the platform
TRACE::2026-07-22.14:16:35::SCWMssOS::Saving the mss changes /home/ran/Documents/uni/s10/asip_lab/vitis_ws/milestone2/zynq_fsbl/zynq_fsbl_bsp/system.mss
TRACE::2026-07-22.14:16:35::SCWMssOS::Found a swdesign opened with the mssfile.
TRACE::2026-07-22.14:16:35::SCWMssOS::Completed writemss as part of save.
TRACE::2026-07-22.14:16:35::SCWMssOS::Commit changes completed.
TRACE::2026-07-22.14:16:35::SCWMssOS::Saving the mss changes /home/ran/Documents/uni/s10/asip_lab/vitis_ws/milestone2/ps7_cortexa9_0/standalone_domain/bsp/system.mss
TRACE::2026-07-22.14:16:35::SCWMssOS::Found a swdesign opened with the mssfile.
TRACE::2026-07-22.14:16:35::SCWMssOS::Completed writemss as part of save.
TRACE::2026-07-22.14:16:35::SCWMssOS::Commit changes completed.
TRACE::2026-07-22.14:16:35::SCWPlatform::Trying to open the hw design at /home/ran/Documents/uni/s10/asip_lab/vitis_ws/milestone2/hw/design_1_wrapper.xsa
TRACE::2026-07-22.14:16:35::SCWPlatform::DSA given /home/ran/Documents/uni/s10/asip_lab/vitis_ws/milestone2/hw/design_1_wrapper.xsa
TRACE::2026-07-22.14:16:35::SCWPlatform::DSA absoulate path /home/ran/Documents/uni/s10/asip_lab/vitis_ws/milestone2/hw/design_1_wrapper.xsa
TRACE::2026-07-22.14:16:35::SCWPlatform::DSA directory /home/ran/Documents/uni/s10/asip_lab/vitis_ws/milestone2/hw
TRACE::2026-07-22.14:16:35::SCWPlatform:: Platform Path /home/ran/Documents/uni/s10/asip_lab/vitis_ws/milestone2/hw/design_1_wrapper.xsa
TRACE::2026-07-22.14:16:35::SCWPlatform:: Unique name xilinx:::0.0
TRACE::2026-07-22.14:16:35::SCWPlatform::Trying to set the existing hwdb with name design_1_wrapper_1
TRACE::2026-07-22.14:16:35::SCWPlatform::Opened existing hwdb design_1_wrapper_1
TRACE::2026-07-22.14:16:35::SCWPlatform::Found the Hw Db part of the input DSA
TRACE::2026-07-22.14:16:35::SCWMssOS::Checking the sw design at  /home/ran/Documents/uni/s10/asip_lab/vitis_ws/milestone2/zynq_fsbl/zynq_fsbl_bsp/system.mss
TRACE::2026-07-22.14:16:35::SCWMssOS::DEBUG:  swdes dump  /home/ran/Documents/uni/s10/asip_lab/vitis_ws/milestone2/ps7_cortexa9_0/standalone_domain/bsp/system.mss|system_0||
/home/ran/Documents/uni/s10/asip_lab/vitis_ws/milestone2/zynq_fsbl/zynq_fsbl_bsp/system.mss|system||

TRACE::2026-07-22.14:16:35::SCWMssOS::Sw design exists and opened at  /home/ran/Documents/uni/s10/asip_lab/vitis_ws/milestone2/zynq_fsbl/zynq_fsbl_bsp/system.mss
TRACE::2026-07-22.14:16:35::SCWPlatform::Trying to open the hw design at /home/ran/Documents/uni/s10/asip_lab/vitis_ws/milestone2/hw/design_1_wrapper.xsa
TRACE::2026-07-22.14:16:35::SCWPlatform::DSA given /home/ran/Documents/uni/s10/asip_lab/vitis_ws/milestone2/hw/design_1_wrapper.xsa
TRACE::2026-07-22.14:16:35::SCWPlatform::DSA absoulate path /home/ran/Documents/uni/s10/asip_lab/vitis_ws/milestone2/hw/design_1_wrapper.xsa
TRACE::2026-07-22.14:16:35::SCWPlatform::DSA directory /home/ran/Documents/uni/s10/asip_lab/vitis_ws/milestone2/hw
TRACE::2026-07-22.14:16:35::SCWPlatform:: Platform Path /home/ran/Documents/uni/s10/asip_lab/vitis_ws/milestone2/hw/design_1_wrapper.xsa
TRACE::2026-07-22.14:16:35::SCWPlatform:: Unique name xilinx:::0.0
TRACE::2026-07-22.14:16:35::SCWPlatform::Trying to set the existing hwdb with name design_1_wrapper_1
TRACE::2026-07-22.14:16:35::SCWPlatform::Opened existing hwdb design_1_wrapper_1
TRACE::2026-07-22.14:16:35::SCWPlatform::Found the Hw Db part of the input DSA
TRACE::2026-07-22.14:16:35::SCWMssOS::Checking the sw design at  /home/ran/Documents/uni/s10/asip_lab/vitis_ws/milestone2/ps7_cortexa9_0/standalone_domain/bsp/system.mss
TRACE::2026-07-22.14:16:35::SCWMssOS::DEBUG:  swdes dump  /home/ran/Documents/uni/s10/asip_lab/vitis_ws/milestone2/ps7_cortexa9_0/standalone_domain/bsp/system.mss|system_0||
/home/ran/Documents/uni/s10/asip_lab/vitis_ws/milestone2/zynq_fsbl/zynq_fsbl_bsp/system.mss|system||

TRACE::2026-07-22.14:16:35::SCWMssOS::Sw design exists and opened at  /home/ran/Documents/uni/s10/asip_lab/vitis_ws/milestone2/ps7_cortexa9_0/standalone_domain/bsp/system.mss
TRACE::2026-07-22.14:16:35::SCWWriter::formatted JSON is {
	"platformName":	"milestone2",
	"sprVersion":	"2.0",
	"mode":	"gui",
	"dsaType":	"Fixed",
	"platformDesc":	"milestone2",
	"platHandOff":	"/home/ran/Documents/uni/s10/asip_lab/final_project/design_1_wrapper.xsa",
	"platIntHandOff":	"<platformDir>/hw/design_1_wrapper.xsa",
	"deviceType":	"zynq",
	"platIsPrebuiltAutogen":	"false",
	"platIsNoBootBsp":	"false",
	"hasFsblMakeHasChanges":	"false",
	"hasPmufwMakeHasChanges":	"false",
	"fsblExtraCompilerFlags":	"-MMD -MP       -mcpu=cortex-a9 -mfpu=vfpv3 -mfloat-abi=hard ",
	"platPreBuiltFlag":	false,
	"platformSamplesDir":	"",
	"platActiveSys":	"milestone2",
	"systems":	[{
			"systemName":	"milestone2",
			"systemDesc":	"milestone2",
			"sysIsBootAutoGen":	"true",
			"systemDispName":	"milestone2",
			"sysActiveDom":	"zynq_fsbl",
			"sysDefaultDom":	"standalone_domain",
			"domains":	[{
					"domainName":	"zynq_fsbl",
					"domainDispName":	"zynq_fsbl",
					"domainDesc":	"FSBL Application BSP - Auto Generated.",
					"processors":	"ps7_cortexa9_0",
					"os":	"standalone",
					"sdxOs":	"standalone",
					"debugEnable":	"",
					"domRuntimes":	["cpp"],
					"swRepo":	"",
					"mssOsVer":	"8.0",
					"mssFile":	"",
					"md5Digest":	"9529648be68af926e730746d2a8236a7",
					"compatibleApp":	"zynq_fsbl",
					"domType":	"bootDomain",
					"arch":	"32-bit",
					"appSettings":	{
						"appCompilerFlags":	"",
						"appLinkerFlags":	""
					},
					"addedLibs":	["xilffs:4.8", "xilrsa:1.6"],
					"libOptions":	{
						"libsContainingOptions":	[]
					},
					"prebuiltLibs":	{
						"prebuiltIncPath":	[],
						"prebuiltLibPath":	[]
					},
					"isolation":	{
					}
				}, {
					"domainName":	"standalone_domain",
					"domainDispName":	"standalone on ps7_cortexa9_0",
					"domainDesc":	"standalone_domain",
					"processors":	"ps7_cortexa9_0",
					"os":	"standalone",
					"sdxOs":	"standalone",
					"qemuArgs":	"<platformDir>/resources/milestone2/standalone_domain/qemu_args.txt",
					"qemuData":	"<platformDir>/resources/milestone2/standalone_domain/qemu",
					"debugEnable":	"False",
					"domRuntimes":	["cpp"],
					"swRepo":	"",
					"mssOsVer":	"8.0",
					"mssFile":	"",
					"md5Digest":	"ddd5550a82d88e2be420b475a704e9c9",
					"compatibleApp":	"",
					"domType":	"mssDomain",
					"appSettings":	{
						"appCompilerFlags":	"",
						"appLinkerFlags":	""
					},
					"addedLibs":	[],
					"libOptions":	{
						"libsContainingOptions":	[]
					},
					"prebuiltLibs":	{
						"prebuiltIncPath":	[],
						"prebuiltLibPath":	[]
					},
					"isolation":	{
					}
				}]
		}]
}
KEYINFO::2026-07-22.14:16:35::SCWPlatform::updated the xpfm file.
TRACE::2026-07-22.14:16:35::SCWPlatform::Trying to open the hw design at /home/ran/Documents/uni/s10/asip_lab/vitis_ws/milestone2/hw/design_1_wrapper.xsa
TRACE::2026-07-22.14:16:35::SCWPlatform::DSA given /home/ran/Documents/uni/s10/asip_lab/vitis_ws/milestone2/hw/design_1_wrapper.xsa
TRACE::2026-07-22.14:16:35::SCWPlatform::DSA absoulate path /home/ran/Documents/uni/s10/asip_lab/vitis_ws/milestone2/hw/design_1_wrapper.xsa
TRACE::2026-07-22.14:16:35::SCWPlatform::DSA directory /home/ran/Documents/uni/s10/asip_lab/vitis_ws/milestone2/hw
TRACE::2026-07-22.14:16:35::SCWPlatform:: Platform Path /home/ran/Documents/uni/s10/asip_lab/vitis_ws/milestone2/hw/design_1_wrapper.xsa
TRACE::2026-07-22.14:16:35::SCWPlatform:: Unique name xilinx:::0.0
TRACE::2026-07-22.14:16:35::SCWPlatform::Trying to set the existing hwdb with name design_1_wrapper_1
TRACE::2026-07-22.14:16:35::SCWPlatform::Opened existing hwdb design_1_wrapper_1
TRACE::2026-07-22.14:16:35::SCWPlatform::Found the Hw Db part of the input DSA
TRACE::2026-07-22.14:16:35::SCWMssOS::Checking the sw design at  /home/ran/Documents/uni/s10/asip_lab/vitis_ws/milestone2/ps7_cortexa9_0/standalone_domain/bsp/system.mss
TRACE::2026-07-22.14:16:35::SCWMssOS::DEBUG:  swdes dump  /home/ran/Documents/uni/s10/asip_lab/vitis_ws/milestone2/ps7_cortexa9_0/standalone_domain/bsp/system.mss|system_0||
/home/ran/Documents/uni/s10/asip_lab/vitis_ws/milestone2/zynq_fsbl/zynq_fsbl_bsp/system.mss|system||

TRACE::2026-07-22.14:16:35::SCWMssOS::Sw design exists and opened at  /home/ran/Documents/uni/s10/asip_lab/vitis_ws/milestone2/ps7_cortexa9_0/standalone_domain/bsp/system.mss
TRACE::2026-07-22.14:29:38::SCWPlatform::Trying to open the hw design at /home/ran/Documents/uni/s10/asip_lab/vitis_ws/milestone2/hw/design_1_wrapper.xsa
TRACE::2026-07-22.14:29:38::SCWPlatform::DSA given /home/ran/Documents/uni/s10/asip_lab/vitis_ws/milestone2/hw/design_1_wrapper.xsa
TRACE::2026-07-22.14:29:38::SCWPlatform::DSA absoulate path /home/ran/Documents/uni/s10/asip_lab/vitis_ws/milestone2/hw/design_1_wrapper.xsa
TRACE::2026-07-22.14:29:38::SCWPlatform::DSA directory /home/ran/Documents/uni/s10/asip_lab/vitis_ws/milestone2/hw
TRACE::2026-07-22.14:29:38::SCWPlatform:: Platform Path /home/ran/Documents/uni/s10/asip_lab/vitis_ws/milestone2/hw/design_1_wrapper.xsa
TRACE::2026-07-22.14:29:38::SCWPlatform:: Unique name xilinx:::0.0
TRACE::2026-07-22.14:29:38::SCWPlatform::Do not have an existing db opened. 
TRACE::2026-07-22.14:29:39::SCWPlatform::Opened new HwDB with name design_1_wrapper
TRACE::2026-07-22.14:29:39::SCWReader::Active system found as  milestone2
TRACE::2026-07-22.14:29:39::SCWReader::Handling sysconfig milestone2
TRACE::2026-07-22.14:29:39::SCWDomain::checking for install qemu data   : 
TRACE::2026-07-22.14:29:39::SCWDomain:: Using the QEMU Data from install at  : /home/ran/bin/Xilinx/Vitis/2022.2/data/emulation/platforms/zynq/sw/a9_standalone/qemu/
TRACE::2026-07-22.14:29:39::SCWDomain:: Using the QEMU args  from install at  : /home/ran/bin/Xilinx/Vitis/2022.2/data/emulation/platforms/zynq/sw/a9_standalone/qemu/qemu_args.txt
TRACE::2026-07-22.14:29:39::SCWPlatform::Trying to open the hw design at /home/ran/Documents/uni/s10/asip_lab/vitis_ws/milestone2/hw/design_1_wrapper.xsa
TRACE::2026-07-22.14:29:39::SCWPlatform::DSA given /home/ran/Documents/uni/s10/asip_lab/vitis_ws/milestone2/hw/design_1_wrapper.xsa
TRACE::2026-07-22.14:29:39::SCWPlatform::DSA absoulate path /home/ran/Documents/uni/s10/asip_lab/vitis_ws/milestone2/hw/design_1_wrapper.xsa
TRACE::2026-07-22.14:29:39::SCWPlatform::DSA directory /home/ran/Documents/uni/s10/asip_lab/vitis_ws/milestone2/hw
TRACE::2026-07-22.14:29:39::SCWPlatform:: Platform Path /home/ran/Documents/uni/s10/asip_lab/vitis_ws/milestone2/hw/design_1_wrapper.xsa
TRACE::2026-07-22.14:29:39::SCWPlatform:: Unique name xilinx:::0.0
TRACE::2026-07-22.14:29:39::SCWPlatform::Trying to set the existing hwdb with name design_1_wrapper
TRACE::2026-07-22.14:29:39::SCWPlatform::Opened existing hwdb design_1_wrapper
TRACE::2026-07-22.14:29:39::SCWPlatform::Found the Hw Db part of the input DSA
TRACE::2026-07-22.14:29:39::SCWPlatform::Trying to open the hw design at /home/ran/Documents/uni/s10/asip_lab/vitis_ws/milestone2/hw/design_1_wrapper.xsa
TRACE::2026-07-22.14:29:39::SCWPlatform::DSA given /home/ran/Documents/uni/s10/asip_lab/vitis_ws/milestone2/hw/design_1_wrapper.xsa
TRACE::2026-07-22.14:29:39::SCWPlatform::DSA absoulate path /home/ran/Documents/uni/s10/asip_lab/vitis_ws/milestone2/hw/design_1_wrapper.xsa
TRACE::2026-07-22.14:29:39::SCWPlatform::DSA directory /home/ran/Documents/uni/s10/asip_lab/vitis_ws/milestone2/hw
TRACE::2026-07-22.14:29:39::SCWPlatform:: Platform Path /home/ran/Documents/uni/s10/asip_lab/vitis_ws/milestone2/hw/design_1_wrapper.xsa
TRACE::2026-07-22.14:29:39::SCWPlatform:: Unique name xilinx:::0.0
TRACE::2026-07-22.14:29:39::SCWPlatform::Trying to set the existing hwdb with name design_1_wrapper
TRACE::2026-07-22.14:29:39::SCWPlatform::Opened existing hwdb design_1_wrapper
TRACE::2026-07-22.14:29:39::SCWPlatform::Found the Hw Db part of the input DSA
TRACE::2026-07-22.14:29:39::SCWPlatform::Trying to open the hw design at /home/ran/Documents/uni/s10/asip_lab/vitis_ws/milestone2/hw/design_1_wrapper.xsa
TRACE::2026-07-22.14:29:39::SCWPlatform::DSA given /home/ran/Documents/uni/s10/asip_lab/vitis_ws/milestone2/hw/design_1_wrapper.xsa
TRACE::2026-07-22.14:29:39::SCWPlatform::DSA absoulate path /home/ran/Documents/uni/s10/asip_lab/vitis_ws/milestone2/hw/design_1_wrapper.xsa
TRACE::2026-07-22.14:29:39::SCWPlatform::DSA directory /home/ran/Documents/uni/s10/asip_lab/vitis_ws/milestone2/hw
TRACE::2026-07-22.14:29:39::SCWPlatform:: Platform Path /home/ran/Documents/uni/s10/asip_lab/vitis_ws/milestone2/hw/design_1_wrapper.xsa
TRACE::2026-07-22.14:29:39::SCWPlatform:: Unique name xilinx:::0.0
TRACE::2026-07-22.14:29:39::SCWPlatform::Trying to set the existing hwdb with name design_1_wrapper
TRACE::2026-07-22.14:29:39::SCWPlatform::Opened existing hwdb design_1_wrapper
TRACE::2026-07-22.14:29:39::SCWPlatform::Found the Hw Db part of the input DSA
TRACE::2026-07-22.14:29:39::SCWReader::Boot application domain added for zynq_fsbl
TRACE::2026-07-22.14:29:39::SCWPlatform::Trying to open the hw design at /home/ran/Documents/uni/s10/asip_lab/vitis_ws/milestone2/hw/design_1_wrapper.xsa
TRACE::2026-07-22.14:29:39::SCWPlatform::DSA given /home/ran/Documents/uni/s10/asip_lab/vitis_ws/milestone2/hw/design_1_wrapper.xsa
TRACE::2026-07-22.14:29:39::SCWPlatform::DSA absoulate path /home/ran/Documents/uni/s10/asip_lab/vitis_ws/milestone2/hw/design_1_wrapper.xsa
TRACE::2026-07-22.14:29:39::SCWPlatform::DSA directory /home/ran/Documents/uni/s10/asip_lab/vitis_ws/milestone2/hw
TRACE::2026-07-22.14:29:39::SCWPlatform:: Platform Path /home/ran/Documents/uni/s10/asip_lab/vitis_ws/milestone2/hw/design_1_wrapper.xsa
TRACE::2026-07-22.14:29:39::SCWPlatform:: Unique name xilinx:::0.0
TRACE::2026-07-22.14:29:39::SCWPlatform::Trying to set the existing hwdb with name design_1_wrapper
TRACE::2026-07-22.14:29:39::SCWPlatform::Opened existing hwdb design_1_wrapper
TRACE::2026-07-22.14:29:39::SCWPlatform::Found the Hw Db part of the input DSA
TRACE::2026-07-22.14:29:39::SCWMssOS::Checking the sw design at  /home/ran/Documents/uni/s10/asip_lab/vitis_ws/milestone2/zynq_fsbl/zynq_fsbl_bsp/system.mss
TRACE::2026-07-22.14:29:39::SCWMssOS::DEBUG:  swdes dump  
TRACE::2026-07-22.14:29:39::SCWMssOS::No sw design opened at  /home/ran/Documents/uni/s10/asip_lab/vitis_ws/milestone2/zynq_fsbl/zynq_fsbl_bsp/system.mss
TRACE::2026-07-22.14:29:39::SCWMssOS::mss exists loading the mss file  /home/ran/Documents/uni/s10/asip_lab/vitis_ws/milestone2/zynq_fsbl/zynq_fsbl_bsp/system.mss
TRACE::2026-07-22.14:29:39::SCWMssOS::Opened the sw design from mss  /home/ran/Documents/uni/s10/asip_lab/vitis_ws/milestone2/zynq_fsbl/zynq_fsbl_bsp/system.mss
TRACE::2026-07-22.14:29:39::SCWMssOS::Adding the swdes entry /home/ran/Documents/uni/s10/asip_lab/vitis_ws/milestone2/zynq_fsbl/zynq_fsbl_bsp/system.mss with des name system
TRACE::2026-07-22.14:29:39::SCWMssOS::updating the scw layer about changes
TRACE::2026-07-22.14:29:39::SCWMssOS::Opened the sw design.  /home/ran/Documents/uni/s10/asip_lab/vitis_ws/milestone2/zynq_fsbl/zynq_fsbl_bsp/system.mss
TRACE::2026-07-22.14:29:39::SCWPlatform::Trying to open the hw design at /home/ran/Documents/uni/s10/asip_lab/vitis_ws/milestone2/hw/design_1_wrapper.xsa
TRACE::2026-07-22.14:29:39::SCWPlatform::DSA given /home/ran/Documents/uni/s10/asip_lab/vitis_ws/milestone2/hw/design_1_wrapper.xsa
TRACE::2026-07-22.14:29:39::SCWPlatform::DSA absoulate path /home/ran/Documents/uni/s10/asip_lab/vitis_ws/milestone2/hw/design_1_wrapper.xsa
TRACE::2026-07-22.14:29:39::SCWPlatform::DSA directory /home/ran/Documents/uni/s10/asip_lab/vitis_ws/milestone2/hw
TRACE::2026-07-22.14:29:39::SCWPlatform:: Platform Path /home/ran/Documents/uni/s10/asip_lab/vitis_ws/milestone2/hw/design_1_wrapper.xsa
TRACE::2026-07-22.14:29:39::SCWPlatform:: Unique name xilinx:::0.0
TRACE::2026-07-22.14:29:39::SCWPlatform::Trying to set the existing hwdb with name design_1_wrapper
TRACE::2026-07-22.14:29:39::SCWPlatform::Opened existing hwdb design_1_wrapper
TRACE::2026-07-22.14:29:39::SCWPlatform::Found the Hw Db part of the input DSA
TRACE::2026-07-22.14:29:39::SCWMssOS::Checking the sw design at  /home/ran/Documents/uni/s10/asip_lab/vitis_ws/milestone2/zynq_fsbl/zynq_fsbl_bsp/system.mss
TRACE::2026-07-22.14:29:39::SCWMssOS::DEBUG:  swdes dump  /home/ran/Documents/uni/s10/asip_lab/vitis_ws/milestone2/zynq_fsbl/zynq_fsbl_bsp/system.mss|system||

TRACE::2026-07-22.14:29:39::SCWMssOS::Sw design exists and opened at  /home/ran/Documents/uni/s10/asip_lab/vitis_ws/milestone2/zynq_fsbl/zynq_fsbl_bsp/system.mss
TRACE::2026-07-22.14:29:39::SCWMssOS:: library already available in sw design:  xilffs:4.8
TRACE::2026-07-22.14:29:39::SCWPlatform::Trying to open the hw design at /home/ran/Documents/uni/s10/asip_lab/vitis_ws/milestone2/hw/design_1_wrapper.xsa
TRACE::2026-07-22.14:29:39::SCWPlatform::DSA given /home/ran/Documents/uni/s10/asip_lab/vitis_ws/milestone2/hw/design_1_wrapper.xsa
TRACE::2026-07-22.14:29:39::SCWPlatform::DSA absoulate path /home/ran/Documents/uni/s10/asip_lab/vitis_ws/milestone2/hw/design_1_wrapper.xsa
TRACE::2026-07-22.14:29:39::SCWPlatform::DSA directory /home/ran/Documents/uni/s10/asip_lab/vitis_ws/milestone2/hw
TRACE::2026-07-22.14:29:39::SCWPlatform:: Platform Path /home/ran/Documents/uni/s10/asip_lab/vitis_ws/milestone2/hw/design_1_wrapper.xsa
TRACE::2026-07-22.14:29:39::SCWPlatform:: Unique name xilinx:::0.0
TRACE::2026-07-22.14:29:39::SCWPlatform::Trying to set the existing hwdb with name design_1_wrapper
TRACE::2026-07-22.14:29:39::SCWPlatform::Opened existing hwdb design_1_wrapper
TRACE::2026-07-22.14:29:39::SCWPlatform::Found the Hw Db part of the input DSA
TRACE::2026-07-22.14:29:39::SCWMssOS::Checking the sw design at  /home/ran/Documents/uni/s10/asip_lab/vitis_ws/milestone2/zynq_fsbl/zynq_fsbl_bsp/system.mss
TRACE::2026-07-22.14:29:39::SCWMssOS::DEBUG:  swdes dump  /home/ran/Documents/uni/s10/asip_lab/vitis_ws/milestone2/zynq_fsbl/zynq_fsbl_bsp/system.mss|system||

TRACE::2026-07-22.14:29:39::SCWMssOS::Sw design exists and opened at  /home/ran/Documents/uni/s10/asip_lab/vitis_ws/milestone2/zynq_fsbl/zynq_fsbl_bsp/system.mss
TRACE::2026-07-22.14:29:39::SCWMssOS:: library already available in sw design:  xilrsa:1.6
TRACE::2026-07-22.14:29:39::SCWMssOS::Saving the mss changes /home/ran/Documents/uni/s10/asip_lab/vitis_ws/milestone2/zynq_fsbl/zynq_fsbl_bsp/system.mss
TRACE::2026-07-22.14:29:39::SCWMssOS::Found a swdesign opened with the mssfile.
TRACE::2026-07-22.14:29:39::SCWMssOS::Completed writemss as part of save.
TRACE::2026-07-22.14:29:39::SCWMssOS::Commit changes completed.
TRACE::2026-07-22.14:29:39::SCWReader::Adding prebuilt librarypaths as   
TRACE::2026-07-22.14:29:39::SCWReader::Adding prebuilt incpaths  as   
TRACE::2026-07-22.14:29:39::SCWPlatform::Trying to open the hw design at /home/ran/Documents/uni/s10/asip_lab/vitis_ws/milestone2/hw/design_1_wrapper.xsa
TRACE::2026-07-22.14:29:39::SCWPlatform::DSA given /home/ran/Documents/uni/s10/asip_lab/vitis_ws/milestone2/hw/design_1_wrapper.xsa
TRACE::2026-07-22.14:29:39::SCWPlatform::DSA absoulate path /home/ran/Documents/uni/s10/asip_lab/vitis_ws/milestone2/hw/design_1_wrapper.xsa
TRACE::2026-07-22.14:29:39::SCWPlatform::DSA directory /home/ran/Documents/uni/s10/asip_lab/vitis_ws/milestone2/hw
TRACE::2026-07-22.14:29:39::SCWPlatform:: Platform Path /home/ran/Documents/uni/s10/asip_lab/vitis_ws/milestone2/hw/design_1_wrapper.xsa
TRACE::2026-07-22.14:29:39::SCWPlatform:: Unique name xilinx:::0.0
TRACE::2026-07-22.14:29:39::SCWPlatform::Trying to set the existing hwdb with name design_1_wrapper
TRACE::2026-07-22.14:29:39::SCWPlatform::Opened existing hwdb design_1_wrapper
TRACE::2026-07-22.14:29:39::SCWPlatform::Found the Hw Db part of the input DSA
TRACE::2026-07-22.14:29:39::SCWMssOS::Checking the sw design at  /home/ran/Documents/uni/s10/asip_lab/vitis_ws/milestone2/zynq_fsbl/zynq_fsbl_bsp/system.mss
TRACE::2026-07-22.14:29:39::SCWMssOS::DEBUG:  swdes dump  /home/ran/Documents/uni/s10/asip_lab/vitis_ws/milestone2/zynq_fsbl/zynq_fsbl_bsp/system.mss|system||

TRACE::2026-07-22.14:29:39::SCWMssOS::Sw design exists and opened at  /home/ran/Documents/uni/s10/asip_lab/vitis_ws/milestone2/zynq_fsbl/zynq_fsbl_bsp/system.mss
TRACE::2026-07-22.14:29:39::SCWReader::No isolation master present  
TRACE::2026-07-22.14:29:39::SCWDomain::checking for install qemu data   : 
TRACE::2026-07-22.14:29:39::SCWDomain:: Using the QEMU Data from install at  : /home/ran/bin/Xilinx/Vitis/2022.2/data/emulation/platforms/zynq/sw/a9_standalone/qemu/
TRACE::2026-07-22.14:29:39::SCWDomain:: Using the QEMU args  from install at  : /home/ran/bin/Xilinx/Vitis/2022.2/data/emulation/platforms/zynq/sw/a9_standalone/qemu/qemu_args.txt
TRACE::2026-07-22.14:29:39::SCWPlatform::Trying to open the hw design at /home/ran/Documents/uni/s10/asip_lab/vitis_ws/milestone2/hw/design_1_wrapper.xsa
TRACE::2026-07-22.14:29:39::SCWPlatform::DSA given /home/ran/Documents/uni/s10/asip_lab/vitis_ws/milestone2/hw/design_1_wrapper.xsa
TRACE::2026-07-22.14:29:39::SCWPlatform::DSA absoulate path /home/ran/Documents/uni/s10/asip_lab/vitis_ws/milestone2/hw/design_1_wrapper.xsa
TRACE::2026-07-22.14:29:39::SCWPlatform::DSA directory /home/ran/Documents/uni/s10/asip_lab/vitis_ws/milestone2/hw
TRACE::2026-07-22.14:29:39::SCWPlatform:: Platform Path /home/ran/Documents/uni/s10/asip_lab/vitis_ws/milestone2/hw/design_1_wrapper.xsa
TRACE::2026-07-22.14:29:39::SCWPlatform:: Unique name xilinx:::0.0
TRACE::2026-07-22.14:29:39::SCWPlatform::Trying to set the existing hwdb with name design_1_wrapper
TRACE::2026-07-22.14:29:39::SCWPlatform::Opened existing hwdb design_1_wrapper
TRACE::2026-07-22.14:29:39::SCWPlatform::Found the Hw Db part of the input DSA
TRACE::2026-07-22.14:29:39::SCWPlatform::Trying to open the hw design at /home/ran/Documents/uni/s10/asip_lab/vitis_ws/milestone2/hw/design_1_wrapper.xsa
TRACE::2026-07-22.14:29:39::SCWPlatform::DSA given /home/ran/Documents/uni/s10/asip_lab/vitis_ws/milestone2/hw/design_1_wrapper.xsa
TRACE::2026-07-22.14:29:39::SCWPlatform::DSA absoulate path /home/ran/Documents/uni/s10/asip_lab/vitis_ws/milestone2/hw/design_1_wrapper.xsa
TRACE::2026-07-22.14:29:39::SCWPlatform::DSA directory /home/ran/Documents/uni/s10/asip_lab/vitis_ws/milestone2/hw
TRACE::2026-07-22.14:29:39::SCWPlatform:: Platform Path /home/ran/Documents/uni/s10/asip_lab/vitis_ws/milestone2/hw/design_1_wrapper.xsa
TRACE::2026-07-22.14:29:39::SCWPlatform:: Unique name xilinx:::0.0
TRACE::2026-07-22.14:29:39::SCWPlatform::Trying to set the existing hwdb with name design_1_wrapper
TRACE::2026-07-22.14:29:39::SCWPlatform::Opened existing hwdb design_1_wrapper
TRACE::2026-07-22.14:29:39::SCWPlatform::Found the Hw Db part of the input DSA
TRACE::2026-07-22.14:29:39::SCWPlatform::Trying to open the hw design at /home/ran/Documents/uni/s10/asip_lab/vitis_ws/milestone2/hw/design_1_wrapper.xsa
TRACE::2026-07-22.14:29:39::SCWPlatform::DSA given /home/ran/Documents/uni/s10/asip_lab/vitis_ws/milestone2/hw/design_1_wrapper.xsa
TRACE::2026-07-22.14:29:39::SCWPlatform::DSA absoulate path /home/ran/Documents/uni/s10/asip_lab/vitis_ws/milestone2/hw/design_1_wrapper.xsa
TRACE::2026-07-22.14:29:39::SCWPlatform::DSA directory /home/ran/Documents/uni/s10/asip_lab/vitis_ws/milestone2/hw
TRACE::2026-07-22.14:29:39::SCWPlatform:: Platform Path /home/ran/Documents/uni/s10/asip_lab/vitis_ws/milestone2/hw/design_1_wrapper.xsa
TRACE::2026-07-22.14:29:39::SCWPlatform:: Unique name xilinx:::0.0
TRACE::2026-07-22.14:29:39::SCWPlatform::Trying to set the existing hwdb with name design_1_wrapper
TRACE::2026-07-22.14:29:39::SCWPlatform::Opened existing hwdb design_1_wrapper
TRACE::2026-07-22.14:29:39::SCWPlatform::Found the Hw Db part of the input DSA
TRACE::2026-07-22.14:29:39::SCWMssOS::Checking the sw design at  /home/ran/Documents/uni/s10/asip_lab/vitis_ws/milestone2/ps7_cortexa9_0/standalone_domain/bsp/system.mss
TRACE::2026-07-22.14:29:39::SCWMssOS::DEBUG:  swdes dump  /home/ran/Documents/uni/s10/asip_lab/vitis_ws/milestone2/zynq_fsbl/zynq_fsbl_bsp/system.mss|system||

TRACE::2026-07-22.14:29:39::SCWMssOS::No sw design opened at  /home/ran/Documents/uni/s10/asip_lab/vitis_ws/milestone2/ps7_cortexa9_0/standalone_domain/bsp/system.mss
TRACE::2026-07-22.14:29:39::SCWMssOS::mss exists loading the mss file  /home/ran/Documents/uni/s10/asip_lab/vitis_ws/milestone2/ps7_cortexa9_0/standalone_domain/bsp/system.mss
TRACE::2026-07-22.14:29:39::SCWMssOS::Opened the sw design from mss  /home/ran/Documents/uni/s10/asip_lab/vitis_ws/milestone2/ps7_cortexa9_0/standalone_domain/bsp/system.mss
TRACE::2026-07-22.14:29:39::SCWMssOS::Adding the swdes entry /home/ran/Documents/uni/s10/asip_lab/vitis_ws/milestone2/ps7_cortexa9_0/standalone_domain/bsp/system.mss with des name system_0
TRACE::2026-07-22.14:29:39::SCWMssOS::updating the scw layer about changes
TRACE::2026-07-22.14:29:39::SCWMssOS::Opened the sw design.  /home/ran/Documents/uni/s10/asip_lab/vitis_ws/milestone2/ps7_cortexa9_0/standalone_domain/bsp/system.mss
TRACE::2026-07-22.14:29:39::SCWMssOS::Saving the mss changes /home/ran/Documents/uni/s10/asip_lab/vitis_ws/milestone2/ps7_cortexa9_0/standalone_domain/bsp/system.mss
TRACE::2026-07-22.14:29:39::SCWMssOS::Found a swdesign opened with the mssfile.
TRACE::2026-07-22.14:29:39::SCWMssOS::Completed writemss as part of save.
TRACE::2026-07-22.14:29:39::SCWMssOS::Commit changes completed.
TRACE::2026-07-22.14:29:39::SCWReader::Adding prebuilt librarypaths as   
TRACE::2026-07-22.14:29:39::SCWReader::Adding prebuilt incpaths  as   
TRACE::2026-07-22.14:29:39::SCWPlatform::Trying to open the hw design at /home/ran/Documents/uni/s10/asip_lab/vitis_ws/milestone2/hw/design_1_wrapper.xsa
TRACE::2026-07-22.14:29:39::SCWPlatform::DSA given /home/ran/Documents/uni/s10/asip_lab/vitis_ws/milestone2/hw/design_1_wrapper.xsa
TRACE::2026-07-22.14:29:39::SCWPlatform::DSA absoulate path /home/ran/Documents/uni/s10/asip_lab/vitis_ws/milestone2/hw/design_1_wrapper.xsa
TRACE::2026-07-22.14:29:39::SCWPlatform::DSA directory /home/ran/Documents/uni/s10/asip_lab/vitis_ws/milestone2/hw
TRACE::2026-07-22.14:29:39::SCWPlatform:: Platform Path /home/ran/Documents/uni/s10/asip_lab/vitis_ws/milestone2/hw/design_1_wrapper.xsa
TRACE::2026-07-22.14:29:39::SCWPlatform:: Unique name xilinx:::0.0
TRACE::2026-07-22.14:29:39::SCWPlatform::Trying to set the existing hwdb with name design_1_wrapper
TRACE::2026-07-22.14:29:39::SCWPlatform::Opened existing hwdb design_1_wrapper
TRACE::2026-07-22.14:29:39::SCWPlatform::Found the Hw Db part of the input DSA
TRACE::2026-07-22.14:29:39::SCWMssOS::Checking the sw design at  /home/ran/Documents/uni/s10/asip_lab/vitis_ws/milestone2/ps7_cortexa9_0/standalone_domain/bsp/system.mss
TRACE::2026-07-22.14:29:39::SCWMssOS::DEBUG:  swdes dump  /home/ran/Documents/uni/s10/asip_lab/vitis_ws/milestone2/ps7_cortexa9_0/standalone_domain/bsp/system.mss|system_0||
/home/ran/Documents/uni/s10/asip_lab/vitis_ws/milestone2/zynq_fsbl/zynq_fsbl_bsp/system.mss|system||

TRACE::2026-07-22.14:29:39::SCWMssOS::Sw design exists and opened at  /home/ran/Documents/uni/s10/asip_lab/vitis_ws/milestone2/ps7_cortexa9_0/standalone_domain/bsp/system.mss
TRACE::2026-07-22.14:29:39::SCWReader::No isolation master present  
TRACE::2026-07-22.14:29:49::SCWPlatform::DSA given /home/ran/Documents/uni/s10/asip_lab/vitis_ws/milestone2/tempdsa/design_1_wrapper.xsa
TRACE::2026-07-22.14:29:49::SCWPlatform::DSA absoulate path /home/ran/Documents/uni/s10/asip_lab/vitis_ws/milestone2/tempdsa/design_1_wrapper.xsa
TRACE::2026-07-22.14:29:49::SCWPlatform:: Platform location is /home/ran/Documents/uni/s10/asip_lab/vitis_ws/milestone2/tempdsa
TRACE::2026-07-22.14:29:49::SCWPlatform:: Platform Path /home/ran/Documents/uni/s10/asip_lab/vitis_ws/milestone2/tempdsa/design_1_wrapper.xsa
TRACE::2026-07-22.14:29:49::SCWPlatform:: Unique name xilinx:::0.0
TRACE::2026-07-22.14:29:50::SCWPlatform::Found the Hw Db part of the input DSA
TRACE::2026-07-22.14:29:50::SCWMssOS::Doing hw sync for the mss in domain: zynq_fsbl
TRACE::2026-07-22.14:29:50::SCWPlatform::Trying to open the hw design at /home/ran/Documents/uni/s10/asip_lab/vitis_ws/milestone2/hw/design_1_wrapper.xsa
TRACE::2026-07-22.14:29:50::SCWPlatform::DSA given /home/ran/Documents/uni/s10/asip_lab/vitis_ws/milestone2/hw/design_1_wrapper.xsa
TRACE::2026-07-22.14:29:50::SCWPlatform::DSA absoulate path /home/ran/Documents/uni/s10/asip_lab/vitis_ws/milestone2/hw/design_1_wrapper.xsa
TRACE::2026-07-22.14:29:50::SCWPlatform::DSA directory /home/ran/Documents/uni/s10/asip_lab/vitis_ws/milestone2/hw
TRACE::2026-07-22.14:29:50::SCWPlatform:: Platform Path /home/ran/Documents/uni/s10/asip_lab/vitis_ws/milestone2/hw/design_1_wrapper.xsa
TRACE::2026-07-22.14:29:50::SCWPlatform:: Unique name xilinx:::0.0
TRACE::2026-07-22.14:29:50::SCWPlatform::Trying to set the existing hwdb with name design_1_wrapper
TRACE::2026-07-22.14:29:50::SCWPlatform::Opened existing hwdb design_1_wrapper
TRACE::2026-07-22.14:29:50::SCWPlatform::Found the Hw Db part of the input DSA
TRACE::2026-07-22.14:29:50::SCWPlatform::Trying to open the hw design at /home/ran/Documents/uni/s10/asip_lab/vitis_ws/milestone2/hw/design_1_wrapper.xsa
TRACE::2026-07-22.14:29:50::SCWPlatform::DSA given /home/ran/Documents/uni/s10/asip_lab/vitis_ws/milestone2/hw/design_1_wrapper.xsa
TRACE::2026-07-22.14:29:50::SCWPlatform::DSA absoulate path /home/ran/Documents/uni/s10/asip_lab/vitis_ws/milestone2/hw/design_1_wrapper.xsa
TRACE::2026-07-22.14:29:50::SCWPlatform::DSA directory /home/ran/Documents/uni/s10/asip_lab/vitis_ws/milestone2/hw
TRACE::2026-07-22.14:29:50::SCWPlatform:: Platform Path /home/ran/Documents/uni/s10/asip_lab/vitis_ws/milestone2/hw/design_1_wrapper.xsa
TRACE::2026-07-22.14:29:50::SCWPlatform:: Unique name xilinx:::0.0
TRACE::2026-07-22.14:29:50::SCWPlatform::Trying to set the existing hwdb with name design_1_wrapper
TRACE::2026-07-22.14:29:50::SCWPlatform::Opened existing hwdb design_1_wrapper
TRACE::2026-07-22.14:29:50::SCWPlatform::Found the Hw Db part of the input DSA
TRACE::2026-07-22.14:29:50::SCWMssOS::Checking the sw design at  /home/ran/Documents/uni/s10/asip_lab/vitis_ws/milestone2/zynq_fsbl/zynq_fsbl_bsp/system.mss
TRACE::2026-07-22.14:29:50::SCWMssOS::DEBUG:  swdes dump  /home/ran/Documents/uni/s10/asip_lab/vitis_ws/milestone2/ps7_cortexa9_0/standalone_domain/bsp/system.mss|system_0||
/home/ran/Documents/uni/s10/asip_lab/vitis_ws/milestone2/zynq_fsbl/zynq_fsbl_bsp/system.mss|system||

TRACE::2026-07-22.14:29:50::SCWMssOS::Sw design exists and opened at  /home/ran/Documents/uni/s10/asip_lab/vitis_ws/milestone2/zynq_fsbl/zynq_fsbl_bsp/system.mss
TRACE::2026-07-22.14:29:50::SCWPlatform::Trying to open the hw design at /home/ran/Documents/uni/s10/asip_lab/vitis_ws/milestone2/tempdsa/design_1_wrapper.xsa
TRACE::2026-07-22.14:29:50::SCWPlatform::DSA given /home/ran/Documents/uni/s10/asip_lab/vitis_ws/milestone2/tempdsa/design_1_wrapper.xsa
TRACE::2026-07-22.14:29:50::SCWPlatform::DSA absoulate path /home/ran/Documents/uni/s10/asip_lab/vitis_ws/milestone2/tempdsa/design_1_wrapper.xsa
TRACE::2026-07-22.14:29:50::SCWPlatform::DSA directory /home/ran/Documents/uni/s10/asip_lab/vitis_ws/milestone2/tempdsa
TRACE::2026-07-22.14:29:50::SCWPlatform:: Platform Path /home/ran/Documents/uni/s10/asip_lab/vitis_ws/milestone2/tempdsa/design_1_wrapper.xsa
TRACE::2026-07-22.14:29:50::SCWPlatform:: Unique name xilinx:::0.0
TRACE::2026-07-22.14:29:50::SCWPlatform::update - Opened existing hwdb design_1_wrapper_0
TRACE::2026-07-22.14:29:50::SCWPlatform::Found the Hw Db part of the input DSA
TRACE::2026-07-22.14:29:50::SCWMssOS::Doing hw sync for the mss in domain: standalone_domain
TRACE::2026-07-22.14:29:50::SCWPlatform::Trying to open the hw design at /home/ran/Documents/uni/s10/asip_lab/vitis_ws/milestone2/hw/design_1_wrapper.xsa
TRACE::2026-07-22.14:29:50::SCWPlatform::DSA given /home/ran/Documents/uni/s10/asip_lab/vitis_ws/milestone2/hw/design_1_wrapper.xsa
TRACE::2026-07-22.14:29:50::SCWPlatform::DSA absoulate path /home/ran/Documents/uni/s10/asip_lab/vitis_ws/milestone2/hw/design_1_wrapper.xsa
TRACE::2026-07-22.14:29:50::SCWPlatform::DSA directory /home/ran/Documents/uni/s10/asip_lab/vitis_ws/milestone2/hw
TRACE::2026-07-22.14:29:50::SCWPlatform:: Platform Path /home/ran/Documents/uni/s10/asip_lab/vitis_ws/milestone2/hw/design_1_wrapper.xsa
TRACE::2026-07-22.14:29:50::SCWPlatform:: Unique name xilinx:::0.0
TRACE::2026-07-22.14:29:50::SCWPlatform::Trying to set the existing hwdb with name design_1_wrapper
TRACE::2026-07-22.14:29:50::SCWPlatform::Opened existing hwdb design_1_wrapper
TRACE::2026-07-22.14:29:50::SCWPlatform::Found the Hw Db part of the input DSA
TRACE::2026-07-22.14:29:50::SCWPlatform::Trying to open the hw design at /home/ran/Documents/uni/s10/asip_lab/vitis_ws/milestone2/hw/design_1_wrapper.xsa
TRACE::2026-07-22.14:29:50::SCWPlatform::DSA given /home/ran/Documents/uni/s10/asip_lab/vitis_ws/milestone2/hw/design_1_wrapper.xsa
TRACE::2026-07-22.14:29:50::SCWPlatform::DSA absoulate path /home/ran/Documents/uni/s10/asip_lab/vitis_ws/milestone2/hw/design_1_wrapper.xsa
TRACE::2026-07-22.14:29:50::SCWPlatform::DSA directory /home/ran/Documents/uni/s10/asip_lab/vitis_ws/milestone2/hw
TRACE::2026-07-22.14:29:50::SCWPlatform:: Platform Path /home/ran/Documents/uni/s10/asip_lab/vitis_ws/milestone2/hw/design_1_wrapper.xsa
TRACE::2026-07-22.14:29:50::SCWPlatform:: Unique name xilinx:::0.0
TRACE::2026-07-22.14:29:50::SCWPlatform::Trying to set the existing hwdb with name design_1_wrapper
TRACE::2026-07-22.14:29:50::SCWPlatform::Opened existing hwdb design_1_wrapper
TRACE::2026-07-22.14:29:50::SCWPlatform::Found the Hw Db part of the input DSA
TRACE::2026-07-22.14:29:50::SCWMssOS::Checking the sw design at  /home/ran/Documents/uni/s10/asip_lab/vitis_ws/milestone2/ps7_cortexa9_0/standalone_domain/bsp/system.mss
TRACE::2026-07-22.14:29:50::SCWMssOS::DEBUG:  swdes dump  /home/ran/Documents/uni/s10/asip_lab/vitis_ws/milestone2/ps7_cortexa9_0/standalone_domain/bsp/system.mss|system_0||
/home/ran/Documents/uni/s10/asip_lab/vitis_ws/milestone2/zynq_fsbl/zynq_fsbl_bsp/system.mss|system||

TRACE::2026-07-22.14:29:50::SCWMssOS::Sw design exists and opened at  /home/ran/Documents/uni/s10/asip_lab/vitis_ws/milestone2/ps7_cortexa9_0/standalone_domain/bsp/system.mss
TRACE::2026-07-22.14:29:50::SCWPlatform::Trying to open the hw design at /home/ran/Documents/uni/s10/asip_lab/vitis_ws/milestone2/tempdsa/design_1_wrapper.xsa
TRACE::2026-07-22.14:29:50::SCWPlatform::DSA given /home/ran/Documents/uni/s10/asip_lab/vitis_ws/milestone2/tempdsa/design_1_wrapper.xsa
TRACE::2026-07-22.14:29:50::SCWPlatform::DSA absoulate path /home/ran/Documents/uni/s10/asip_lab/vitis_ws/milestone2/tempdsa/design_1_wrapper.xsa
TRACE::2026-07-22.14:29:50::SCWPlatform::DSA directory /home/ran/Documents/uni/s10/asip_lab/vitis_ws/milestone2/tempdsa
TRACE::2026-07-22.14:29:50::SCWPlatform:: Platform Path /home/ran/Documents/uni/s10/asip_lab/vitis_ws/milestone2/tempdsa/design_1_wrapper.xsa
TRACE::2026-07-22.14:29:50::SCWPlatform:: Unique name xilinx:::0.0
TRACE::2026-07-22.14:29:50::SCWPlatform::update - Opened existing hwdb design_1_wrapper_0
TRACE::2026-07-22.14:29:50::SCWPlatform::Found the Hw Db part of the input DSA
TRACE::2026-07-22.14:29:50::SCWMssOS::Saving the mss changes /home/ran/Documents/uni/s10/asip_lab/vitis_ws/milestone2/zynq_fsbl/zynq_fsbl_bsp/system.mss
TRACE::2026-07-22.14:29:50::SCWMssOS::Found a swdesign opened with the mssfile.
TRACE::2026-07-22.14:29:50::SCWMssOS::Completed writemss as part of save.
TRACE::2026-07-22.14:29:50::SCWMssOS::Commit changes completed.
TRACE::2026-07-22.14:29:50::SCWMssOS::Completed hw sync for the mss in domain: zynq_fsbl
TRACE::2026-07-22.14:29:50::SCWMssOS::Removing the swdes entry for  /home/ran/Documents/uni/s10/asip_lab/vitis_ws/milestone2/zynq_fsbl/zynq_fsbl_bsp/system.mss
TRACE::2026-07-22.14:29:50::SCWMssOS::Saving the mss changes /home/ran/Documents/uni/s10/asip_lab/vitis_ws/milestone2/ps7_cortexa9_0/standalone_domain/bsp/system.mss
TRACE::2026-07-22.14:29:50::SCWMssOS::Found a swdesign opened with the mssfile.
TRACE::2026-07-22.14:29:50::SCWMssOS::Completed writemss as part of save.
TRACE::2026-07-22.14:29:50::SCWMssOS::Commit changes completed.
TRACE::2026-07-22.14:29:50::SCWMssOS::Completed hw sync for the mss in domain: standalone_domain
TRACE::2026-07-22.14:29:50::SCWMssOS::Removing the swdes entry for  /home/ran/Documents/uni/s10/asip_lab/vitis_ws/milestone2/ps7_cortexa9_0/standalone_domain/bsp/system.mss
TRACE::2026-07-22.14:29:50::SCWPlatform::Trying to open the hw design at /home/ran/Documents/uni/s10/asip_lab/vitis_ws/milestone2/hw/design_1_wrapper.xsa
TRACE::2026-07-22.14:29:50::SCWPlatform::DSA given /home/ran/Documents/uni/s10/asip_lab/vitis_ws/milestone2/hw/design_1_wrapper.xsa
TRACE::2026-07-22.14:29:50::SCWPlatform::DSA absoulate path /home/ran/Documents/uni/s10/asip_lab/vitis_ws/milestone2/hw/design_1_wrapper.xsa
TRACE::2026-07-22.14:29:50::SCWPlatform::DSA directory /home/ran/Documents/uni/s10/asip_lab/vitis_ws/milestone2/hw
TRACE::2026-07-22.14:29:50::SCWPlatform:: Platform Path /home/ran/Documents/uni/s10/asip_lab/vitis_ws/milestone2/hw/design_1_wrapper.xsa
TRACE::2026-07-22.14:29:50::SCWPlatform:: Unique name xilinx:::0.0
TRACE::2026-07-22.14:29:50::SCWPlatform::Do not have an existing db opened. 
TRACE::2026-07-22.14:29:51::SCWPlatform::Opened new HwDB with name design_1_wrapper_1
TRACE::2026-07-22.14:29:51::SCWMssOS::Saving the mss changes /home/ran/Documents/uni/s10/asip_lab/vitis_ws/milestone2/zynq_fsbl/zynq_fsbl_bsp/system.mss
TRACE::2026-07-22.14:29:51::SCWMssOS::Adding the swdes entry, mss present, able to open swdb /home/ran/Documents/uni/s10/asip_lab/vitis_ws/milestone2/zynq_fsbl/zynq_fsbl_bsp/system.mss with des name system
TRACE::2026-07-22.14:29:51::SCWMssOS::Writing the mss file completed /home/ran/Documents/uni/s10/asip_lab/vitis_ws/milestone2/zynq_fsbl/zynq_fsbl_bsp/system.mss
TRACE::2026-07-22.14:29:51::SCWMssOS::Commit changes completed.
TRACE::2026-07-22.14:29:51::SCWMssOS::Saving the mss changes /home/ran/Documents/uni/s10/asip_lab/vitis_ws/milestone2/ps7_cortexa9_0/standalone_domain/bsp/system.mss
TRACE::2026-07-22.14:29:51::SCWMssOS::Adding the swdes entry, mss present, able to open swdb /home/ran/Documents/uni/s10/asip_lab/vitis_ws/milestone2/ps7_cortexa9_0/standalone_domain/bsp/system.mss with des name system_0
TRACE::2026-07-22.14:29:51::SCWMssOS::Writing the mss file completed /home/ran/Documents/uni/s10/asip_lab/vitis_ws/milestone2/ps7_cortexa9_0/standalone_domain/bsp/system.mss
TRACE::2026-07-22.14:29:51::SCWMssOS::Commit changes completed.
TRACE::2026-07-22.14:29:51::SCWPlatform::Trying to open the hw design at /home/ran/Documents/uni/s10/asip_lab/vitis_ws/milestone2/hw/design_1_wrapper.xsa
TRACE::2026-07-22.14:29:51::SCWPlatform::DSA given /home/ran/Documents/uni/s10/asip_lab/vitis_ws/milestone2/hw/design_1_wrapper.xsa
TRACE::2026-07-22.14:29:51::SCWPlatform::DSA absoulate path /home/ran/Documents/uni/s10/asip_lab/vitis_ws/milestone2/hw/design_1_wrapper.xsa
TRACE::2026-07-22.14:29:51::SCWPlatform::DSA directory /home/ran/Documents/uni/s10/asip_lab/vitis_ws/milestone2/hw
TRACE::2026-07-22.14:29:51::SCWPlatform:: Platform Path /home/ran/Documents/uni/s10/asip_lab/vitis_ws/milestone2/hw/design_1_wrapper.xsa
TRACE::2026-07-22.14:29:51::SCWPlatform:: Unique name xilinx:::0.0
TRACE::2026-07-22.14:29:51::SCWPlatform::Trying to set the existing hwdb with name design_1_wrapper_1
TRACE::2026-07-22.14:29:51::SCWPlatform::Opened existing hwdb design_1_wrapper_1
TRACE::2026-07-22.14:29:51::SCWPlatform::Found the Hw Db part of the input DSA
TRACE::2026-07-22.14:29:51::SCWMssOS::Checking the sw design at  /home/ran/Documents/uni/s10/asip_lab/vitis_ws/milestone2/zynq_fsbl/zynq_fsbl_bsp/system.mss
TRACE::2026-07-22.14:29:51::SCWMssOS::DEBUG:  swdes dump  /home/ran/Documents/uni/s10/asip_lab/vitis_ws/milestone2/ps7_cortexa9_0/standalone_domain/bsp/system.mss|system_0||
/home/ran/Documents/uni/s10/asip_lab/vitis_ws/milestone2/zynq_fsbl/zynq_fsbl_bsp/system.mss|system||

TRACE::2026-07-22.14:29:51::SCWMssOS::Sw design exists and opened at  /home/ran/Documents/uni/s10/asip_lab/vitis_ws/milestone2/zynq_fsbl/zynq_fsbl_bsp/system.mss
TRACE::2026-07-22.14:29:51::SCWPlatform::Trying to open the hw design at /home/ran/Documents/uni/s10/asip_lab/vitis_ws/milestone2/hw/design_1_wrapper.xsa
TRACE::2026-07-22.14:29:51::SCWPlatform::DSA given /home/ran/Documents/uni/s10/asip_lab/vitis_ws/milestone2/hw/design_1_wrapper.xsa
TRACE::2026-07-22.14:29:51::SCWPlatform::DSA absoulate path /home/ran/Documents/uni/s10/asip_lab/vitis_ws/milestone2/hw/design_1_wrapper.xsa
TRACE::2026-07-22.14:29:51::SCWPlatform::DSA directory /home/ran/Documents/uni/s10/asip_lab/vitis_ws/milestone2/hw
TRACE::2026-07-22.14:29:51::SCWPlatform:: Platform Path /home/ran/Documents/uni/s10/asip_lab/vitis_ws/milestone2/hw/design_1_wrapper.xsa
TRACE::2026-07-22.14:29:51::SCWPlatform:: Unique name xilinx:::0.0
TRACE::2026-07-22.14:29:51::SCWPlatform::Trying to set the existing hwdb with name design_1_wrapper_1
TRACE::2026-07-22.14:29:51::SCWPlatform::Opened existing hwdb design_1_wrapper_1
TRACE::2026-07-22.14:29:51::SCWPlatform::Found the Hw Db part of the input DSA
TRACE::2026-07-22.14:29:51::SCWMssOS::Checking the sw design at  /home/ran/Documents/uni/s10/asip_lab/vitis_ws/milestone2/ps7_cortexa9_0/standalone_domain/bsp/system.mss
TRACE::2026-07-22.14:29:51::SCWMssOS::DEBUG:  swdes dump  /home/ran/Documents/uni/s10/asip_lab/vitis_ws/milestone2/ps7_cortexa9_0/standalone_domain/bsp/system.mss|system_0||
/home/ran/Documents/uni/s10/asip_lab/vitis_ws/milestone2/zynq_fsbl/zynq_fsbl_bsp/system.mss|system||

TRACE::2026-07-22.14:29:51::SCWMssOS::Sw design exists and opened at  /home/ran/Documents/uni/s10/asip_lab/vitis_ws/milestone2/ps7_cortexa9_0/standalone_domain/bsp/system.mss
TRACE::2026-07-22.14:29:51::SCWWriter::formatted JSON is {
	"platformName":	"milestone2",
	"sprVersion":	"2.0",
	"mode":	"gui",
	"dsaType":	"Fixed",
	"platformDesc":	"milestone2",
	"platHandOff":	"/home/ran/Documents/uni/s10/asip_lab/final_project/design_1_wrapper.xsa",
	"platIntHandOff":	"<platformDir>/hw/design_1_wrapper.xsa",
	"deviceType":	"zynq",
	"platIsPrebuiltAutogen":	"false",
	"platIsNoBootBsp":	"false",
	"hasFsblMakeHasChanges":	"false",
	"hasPmufwMakeHasChanges":	"false",
	"fsblExtraCompilerFlags":	"-MMD -MP       -mcpu=cortex-a9 -mfpu=vfpv3 -mfloat-abi=hard ",
	"platPreBuiltFlag":	false,
	"platformSamplesDir":	"",
	"platActiveSys":	"milestone2",
	"systems":	[{
			"systemName":	"milestone2",
			"systemDesc":	"milestone2",
			"sysIsBootAutoGen":	"true",
			"systemDispName":	"milestone2",
			"sysActiveDom":	"zynq_fsbl",
			"sysDefaultDom":	"standalone_domain",
			"domains":	[{
					"domainName":	"zynq_fsbl",
					"domainDispName":	"zynq_fsbl",
					"domainDesc":	"FSBL Application BSP - Auto Generated.",
					"processors":	"ps7_cortexa9_0",
					"os":	"standalone",
					"sdxOs":	"standalone",
					"debugEnable":	"",
					"domRuntimes":	["cpp"],
					"swRepo":	"",
					"mssOsVer":	"8.0",
					"mssFile":	"",
					"md5Digest":	"5190a0a8ca228895166de3d006f5d4d11",
					"compatibleApp":	"zynq_fsbl",
					"domType":	"bootDomain",
					"arch":	"32-bit",
					"appSettings":	{
						"appCompilerFlags":	"",
						"appLinkerFlags":	""
					},
					"addedLibs":	["xilffs:4.8", "xilrsa:1.6"],
					"libOptions":	{
						"libsContainingOptions":	[]
					},
					"prebuiltLibs":	{
						"prebuiltIncPath":	[],
						"prebuiltLibPath":	[]
					},
					"isolation":	{
					}
				}, {
					"domainName":	"standalone_domain",
					"domainDispName":	"standalone on ps7_cortexa9_0",
					"domainDesc":	"standalone_domain",
					"processors":	"ps7_cortexa9_0",
					"os":	"standalone",
					"sdxOs":	"standalone",
					"qemuArgs":	"<platformDir>/resources/milestone2/standalone_domain/qemu_args.txt",
					"qemuData":	"<platformDir>/resources/milestone2/standalone_domain/qemu",
					"debugEnable":	"False",
					"domRuntimes":	["cpp"],
					"swRepo":	"",
					"mssOsVer":	"8.0",
					"mssFile":	"",
					"md5Digest":	"25886e0fbe9d4ff5df7468588603f3f01",
					"compatibleApp":	"",
					"domType":	"mssDomain",
					"appSettings":	{
						"appCompilerFlags":	"",
						"appLinkerFlags":	""
					},
					"addedLibs":	[],
					"libOptions":	{
						"libsContainingOptions":	[]
					},
					"prebuiltLibs":	{
						"prebuiltIncPath":	[],
						"prebuiltLibPath":	[]
					},
					"isolation":	{
					}
				}]
		}]
}
TRACE::2026-07-22.14:29:52::SCWPlatform::Clearing the existing platform
TRACE::2026-07-22.14:29:52::SCWSystem::Clearing the existing sysconfig
TRACE::2026-07-22.14:29:52::SCWBDomain::clearing the fsbl build
TRACE::2026-07-22.14:29:52::SCWMssOS::Removing the swdes entry for  /home/ran/Documents/uni/s10/asip_lab/vitis_ws/milestone2/zynq_fsbl/zynq_fsbl_bsp/system.mss
TRACE::2026-07-22.14:29:52::SCWMssOS::Removing the swdes entry for  /home/ran/Documents/uni/s10/asip_lab/vitis_ws/milestone2/ps7_cortexa9_0/standalone_domain/bsp/system.mss
TRACE::2026-07-22.14:29:52::SCWSystem::Clearing the domains completed.
TRACE::2026-07-22.14:29:52::SCWPlatform::Clearing the opened hw db.
TRACE::2026-07-22.14:29:52::SCWPlatform::DSA given /home/ran/Documents/uni/s10/asip_lab/vitis_ws/milestone2/hw/design_1_wrapper.xsa
TRACE::2026-07-22.14:29:52::SCWPlatform::DSA absoulate path /home/ran/Documents/uni/s10/asip_lab/vitis_ws/milestone2/hw/design_1_wrapper.xsa
TRACE::2026-07-22.14:29:52::SCWPlatform:: Platform location is /home/ran/Documents/uni/s10/asip_lab/vitis_ws/milestone2/hw
TRACE::2026-07-22.14:29:52::SCWPlatform:: Platform Path /home/ran/Documents/uni/s10/asip_lab/vitis_ws/milestone2/hw/design_1_wrapper.xsa
TRACE::2026-07-22.14:29:52::SCWPlatform:: Unique name xilinx:::0.0
TRACE::2026-07-22.14:29:52::SCWPlatform::Removing the HwDB with name /home/ran/Documents/uni/s10/asip_lab/vitis_ws/milestone2/hw/design_1_wrapper.xsa
TRACE::2026-07-22.14:29:52::SCWPlatform::Trying to open the hw design at /home/ran/Documents/uni/s10/asip_lab/vitis_ws/milestone2/hw/design_1_wrapper.xsa
TRACE::2026-07-22.14:29:52::SCWPlatform::DSA given /home/ran/Documents/uni/s10/asip_lab/vitis_ws/milestone2/hw/design_1_wrapper.xsa
TRACE::2026-07-22.14:29:52::SCWPlatform::DSA absoulate path /home/ran/Documents/uni/s10/asip_lab/vitis_ws/milestone2/hw/design_1_wrapper.xsa
TRACE::2026-07-22.14:29:52::SCWPlatform::DSA directory /home/ran/Documents/uni/s10/asip_lab/vitis_ws/milestone2/hw
TRACE::2026-07-22.14:29:52::SCWPlatform:: Platform Path /home/ran/Documents/uni/s10/asip_lab/vitis_ws/milestone2/hw/design_1_wrapper.xsa
TRACE::2026-07-22.14:29:52::SCWPlatform:: Unique name xilinx:::0.0
TRACE::2026-07-22.14:29:52::SCWPlatform::Do not have an existing db opened. 
TRACE::2026-07-22.14:29:53::SCWPlatform::Opened new HwDB with name design_1_wrapper_2
TRACE::2026-07-22.14:29:53::SCWReader::Active system found as  milestone2
TRACE::2026-07-22.14:29:53::SCWReader::Handling sysconfig milestone2
TRACE::2026-07-22.14:29:53::SCWDomain::checking for install qemu data   : 
TRACE::2026-07-22.14:29:53::SCWDomain:: Using the QEMU Data from install at  : /home/ran/bin/Xilinx/Vitis/2022.2/data/emulation/platforms/zynq/sw/a9_standalone/qemu/
TRACE::2026-07-22.14:29:53::SCWDomain:: Using the QEMU args  from install at  : /home/ran/bin/Xilinx/Vitis/2022.2/data/emulation/platforms/zynq/sw/a9_standalone/qemu/qemu_args.txt
TRACE::2026-07-22.14:29:53::SCWPlatform::Trying to open the hw design at /home/ran/Documents/uni/s10/asip_lab/vitis_ws/milestone2/hw/design_1_wrapper.xsa
TRACE::2026-07-22.14:29:53::SCWPlatform::DSA given /home/ran/Documents/uni/s10/asip_lab/vitis_ws/milestone2/hw/design_1_wrapper.xsa
TRACE::2026-07-22.14:29:53::SCWPlatform::DSA absoulate path /home/ran/Documents/uni/s10/asip_lab/vitis_ws/milestone2/hw/design_1_wrapper.xsa
TRACE::2026-07-22.14:29:53::SCWPlatform::DSA directory /home/ran/Documents/uni/s10/asip_lab/vitis_ws/milestone2/hw
TRACE::2026-07-22.14:29:53::SCWPlatform:: Platform Path /home/ran/Documents/uni/s10/asip_lab/vitis_ws/milestone2/hw/design_1_wrapper.xsa
TRACE::2026-07-22.14:29:53::SCWPlatform:: Unique name xilinx:::0.0
TRACE::2026-07-22.14:29:53::SCWPlatform::Trying to set the existing hwdb with name design_1_wrapper_2
TRACE::2026-07-22.14:29:53::SCWPlatform::Opened existing hwdb design_1_wrapper_2
TRACE::2026-07-22.14:29:53::SCWPlatform::Found the Hw Db part of the input DSA
TRACE::2026-07-22.14:29:53::SCWPlatform::Trying to open the hw design at /home/ran/Documents/uni/s10/asip_lab/vitis_ws/milestone2/hw/design_1_wrapper.xsa
TRACE::2026-07-22.14:29:53::SCWPlatform::DSA given /home/ran/Documents/uni/s10/asip_lab/vitis_ws/milestone2/hw/design_1_wrapper.xsa
TRACE::2026-07-22.14:29:53::SCWPlatform::DSA absoulate path /home/ran/Documents/uni/s10/asip_lab/vitis_ws/milestone2/hw/design_1_wrapper.xsa
TRACE::2026-07-22.14:29:53::SCWPlatform::DSA directory /home/ran/Documents/uni/s10/asip_lab/vitis_ws/milestone2/hw
TRACE::2026-07-22.14:29:53::SCWPlatform:: Platform Path /home/ran/Documents/uni/s10/asip_lab/vitis_ws/milestone2/hw/design_1_wrapper.xsa
TRACE::2026-07-22.14:29:53::SCWPlatform:: Unique name xilinx:::0.0
TRACE::2026-07-22.14:29:53::SCWPlatform::Trying to set the existing hwdb with name design_1_wrapper_2
TRACE::2026-07-22.14:29:53::SCWPlatform::Opened existing hwdb design_1_wrapper_2
TRACE::2026-07-22.14:29:53::SCWPlatform::Found the Hw Db part of the input DSA
TRACE::2026-07-22.14:29:53::SCWPlatform::Trying to open the hw design at /home/ran/Documents/uni/s10/asip_lab/vitis_ws/milestone2/hw/design_1_wrapper.xsa
TRACE::2026-07-22.14:29:53::SCWPlatform::DSA given /home/ran/Documents/uni/s10/asip_lab/vitis_ws/milestone2/hw/design_1_wrapper.xsa
TRACE::2026-07-22.14:29:53::SCWPlatform::DSA absoulate path /home/ran/Documents/uni/s10/asip_lab/vitis_ws/milestone2/hw/design_1_wrapper.xsa
TRACE::2026-07-22.14:29:53::SCWPlatform::DSA directory /home/ran/Documents/uni/s10/asip_lab/vitis_ws/milestone2/hw
TRACE::2026-07-22.14:29:53::SCWPlatform:: Platform Path /home/ran/Documents/uni/s10/asip_lab/vitis_ws/milestone2/hw/design_1_wrapper.xsa
TRACE::2026-07-22.14:29:53::SCWPlatform:: Unique name xilinx:::0.0
TRACE::2026-07-22.14:29:53::SCWPlatform::Trying to set the existing hwdb with name design_1_wrapper_2
TRACE::2026-07-22.14:29:53::SCWPlatform::Opened existing hwdb design_1_wrapper_2
TRACE::2026-07-22.14:29:53::SCWPlatform::Found the Hw Db part of the input DSA
TRACE::2026-07-22.14:29:53::SCWReader::Boot application domain added for zynq_fsbl
TRACE::2026-07-22.14:29:53::SCWPlatform::Trying to open the hw design at /home/ran/Documents/uni/s10/asip_lab/vitis_ws/milestone2/hw/design_1_wrapper.xsa
TRACE::2026-07-22.14:29:53::SCWPlatform::DSA given /home/ran/Documents/uni/s10/asip_lab/vitis_ws/milestone2/hw/design_1_wrapper.xsa
TRACE::2026-07-22.14:29:53::SCWPlatform::DSA absoulate path /home/ran/Documents/uni/s10/asip_lab/vitis_ws/milestone2/hw/design_1_wrapper.xsa
TRACE::2026-07-22.14:29:53::SCWPlatform::DSA directory /home/ran/Documents/uni/s10/asip_lab/vitis_ws/milestone2/hw
TRACE::2026-07-22.14:29:53::SCWPlatform:: Platform Path /home/ran/Documents/uni/s10/asip_lab/vitis_ws/milestone2/hw/design_1_wrapper.xsa
TRACE::2026-07-22.14:29:53::SCWPlatform:: Unique name xilinx:::0.0
TRACE::2026-07-22.14:29:53::SCWPlatform::Trying to set the existing hwdb with name design_1_wrapper_2
TRACE::2026-07-22.14:29:53::SCWPlatform::Opened existing hwdb design_1_wrapper_2
TRACE::2026-07-22.14:29:53::SCWPlatform::Found the Hw Db part of the input DSA
TRACE::2026-07-22.14:29:53::SCWMssOS::Checking the sw design at  /home/ran/Documents/uni/s10/asip_lab/vitis_ws/milestone2/zynq_fsbl/zynq_fsbl_bsp/system.mss
TRACE::2026-07-22.14:29:53::SCWMssOS::DEBUG:  swdes dump  
TRACE::2026-07-22.14:29:53::SCWMssOS::No sw design opened at  /home/ran/Documents/uni/s10/asip_lab/vitis_ws/milestone2/zynq_fsbl/zynq_fsbl_bsp/system.mss
TRACE::2026-07-22.14:29:53::SCWMssOS::mss exists loading the mss file  /home/ran/Documents/uni/s10/asip_lab/vitis_ws/milestone2/zynq_fsbl/zynq_fsbl_bsp/system.mss
TRACE::2026-07-22.14:29:53::SCWMssOS::Opened the sw design from mss  /home/ran/Documents/uni/s10/asip_lab/vitis_ws/milestone2/zynq_fsbl/zynq_fsbl_bsp/system.mss
TRACE::2026-07-22.14:29:53::SCWMssOS::Adding the swdes entry /home/ran/Documents/uni/s10/asip_lab/vitis_ws/milestone2/zynq_fsbl/zynq_fsbl_bsp/system.mss with des name system
TRACE::2026-07-22.14:29:53::SCWMssOS::updating the scw layer about changes
TRACE::2026-07-22.14:29:53::SCWMssOS::Opened the sw design.  /home/ran/Documents/uni/s10/asip_lab/vitis_ws/milestone2/zynq_fsbl/zynq_fsbl_bsp/system.mss
TRACE::2026-07-22.14:29:53::SCWPlatform::Trying to open the hw design at /home/ran/Documents/uni/s10/asip_lab/vitis_ws/milestone2/hw/design_1_wrapper.xsa
TRACE::2026-07-22.14:29:53::SCWPlatform::DSA given /home/ran/Documents/uni/s10/asip_lab/vitis_ws/milestone2/hw/design_1_wrapper.xsa
TRACE::2026-07-22.14:29:53::SCWPlatform::DSA absoulate path /home/ran/Documents/uni/s10/asip_lab/vitis_ws/milestone2/hw/design_1_wrapper.xsa
TRACE::2026-07-22.14:29:53::SCWPlatform::DSA directory /home/ran/Documents/uni/s10/asip_lab/vitis_ws/milestone2/hw
TRACE::2026-07-22.14:29:53::SCWPlatform:: Platform Path /home/ran/Documents/uni/s10/asip_lab/vitis_ws/milestone2/hw/design_1_wrapper.xsa
TRACE::2026-07-22.14:29:53::SCWPlatform:: Unique name xilinx:::0.0
TRACE::2026-07-22.14:29:53::SCWPlatform::Trying to set the existing hwdb with name design_1_wrapper_2
TRACE::2026-07-22.14:29:53::SCWPlatform::Opened existing hwdb design_1_wrapper_2
TRACE::2026-07-22.14:29:53::SCWPlatform::Found the Hw Db part of the input DSA
TRACE::2026-07-22.14:29:53::SCWMssOS::Checking the sw design at  /home/ran/Documents/uni/s10/asip_lab/vitis_ws/milestone2/zynq_fsbl/zynq_fsbl_bsp/system.mss
TRACE::2026-07-22.14:29:53::SCWMssOS::DEBUG:  swdes dump  /home/ran/Documents/uni/s10/asip_lab/vitis_ws/milestone2/zynq_fsbl/zynq_fsbl_bsp/system.mss|system||

TRACE::2026-07-22.14:29:53::SCWMssOS::Sw design exists and opened at  /home/ran/Documents/uni/s10/asip_lab/vitis_ws/milestone2/zynq_fsbl/zynq_fsbl_bsp/system.mss
TRACE::2026-07-22.14:29:53::SCWMssOS:: library already available in sw design:  xilffs:4.8
TRACE::2026-07-22.14:29:53::SCWPlatform::Trying to open the hw design at /home/ran/Documents/uni/s10/asip_lab/vitis_ws/milestone2/hw/design_1_wrapper.xsa
TRACE::2026-07-22.14:29:53::SCWPlatform::DSA given /home/ran/Documents/uni/s10/asip_lab/vitis_ws/milestone2/hw/design_1_wrapper.xsa
TRACE::2026-07-22.14:29:53::SCWPlatform::DSA absoulate path /home/ran/Documents/uni/s10/asip_lab/vitis_ws/milestone2/hw/design_1_wrapper.xsa
TRACE::2026-07-22.14:29:53::SCWPlatform::DSA directory /home/ran/Documents/uni/s10/asip_lab/vitis_ws/milestone2/hw
TRACE::2026-07-22.14:29:53::SCWPlatform:: Platform Path /home/ran/Documents/uni/s10/asip_lab/vitis_ws/milestone2/hw/design_1_wrapper.xsa
TRACE::2026-07-22.14:29:53::SCWPlatform:: Unique name xilinx:::0.0
TRACE::2026-07-22.14:29:53::SCWPlatform::Trying to set the existing hwdb with name design_1_wrapper_2
TRACE::2026-07-22.14:29:53::SCWPlatform::Opened existing hwdb design_1_wrapper_2
TRACE::2026-07-22.14:29:53::SCWPlatform::Found the Hw Db part of the input DSA
TRACE::2026-07-22.14:29:53::SCWMssOS::Checking the sw design at  /home/ran/Documents/uni/s10/asip_lab/vitis_ws/milestone2/zynq_fsbl/zynq_fsbl_bsp/system.mss
TRACE::2026-07-22.14:29:53::SCWMssOS::DEBUG:  swdes dump  /home/ran/Documents/uni/s10/asip_lab/vitis_ws/milestone2/zynq_fsbl/zynq_fsbl_bsp/system.mss|system||

TRACE::2026-07-22.14:29:53::SCWMssOS::Sw design exists and opened at  /home/ran/Documents/uni/s10/asip_lab/vitis_ws/milestone2/zynq_fsbl/zynq_fsbl_bsp/system.mss
TRACE::2026-07-22.14:29:53::SCWMssOS:: library already available in sw design:  xilrsa:1.6
TRACE::2026-07-22.14:29:53::SCWMssOS::Saving the mss changes /home/ran/Documents/uni/s10/asip_lab/vitis_ws/milestone2/zynq_fsbl/zynq_fsbl_bsp/system.mss
TRACE::2026-07-22.14:29:53::SCWMssOS::Found a swdesign opened with the mssfile.
TRACE::2026-07-22.14:29:53::SCWMssOS::Completed writemss as part of save.
TRACE::2026-07-22.14:29:53::SCWMssOS::Commit changes completed.
TRACE::2026-07-22.14:29:53::SCWReader::Adding prebuilt librarypaths as   
TRACE::2026-07-22.14:29:53::SCWReader::Adding prebuilt incpaths  as   
TRACE::2026-07-22.14:29:53::SCWPlatform::Trying to open the hw design at /home/ran/Documents/uni/s10/asip_lab/vitis_ws/milestone2/hw/design_1_wrapper.xsa
TRACE::2026-07-22.14:29:53::SCWPlatform::DSA given /home/ran/Documents/uni/s10/asip_lab/vitis_ws/milestone2/hw/design_1_wrapper.xsa
TRACE::2026-07-22.14:29:53::SCWPlatform::DSA absoulate path /home/ran/Documents/uni/s10/asip_lab/vitis_ws/milestone2/hw/design_1_wrapper.xsa
TRACE::2026-07-22.14:29:53::SCWPlatform::DSA directory /home/ran/Documents/uni/s10/asip_lab/vitis_ws/milestone2/hw
TRACE::2026-07-22.14:29:53::SCWPlatform:: Platform Path /home/ran/Documents/uni/s10/asip_lab/vitis_ws/milestone2/hw/design_1_wrapper.xsa
TRACE::2026-07-22.14:29:53::SCWPlatform:: Unique name xilinx:::0.0
TRACE::2026-07-22.14:29:53::SCWPlatform::Trying to set the existing hwdb with name design_1_wrapper_2
TRACE::2026-07-22.14:29:53::SCWPlatform::Opened existing hwdb design_1_wrapper_2
TRACE::2026-07-22.14:29:53::SCWPlatform::Found the Hw Db part of the input DSA
TRACE::2026-07-22.14:29:53::SCWMssOS::Checking the sw design at  /home/ran/Documents/uni/s10/asip_lab/vitis_ws/milestone2/zynq_fsbl/zynq_fsbl_bsp/system.mss
TRACE::2026-07-22.14:29:53::SCWMssOS::DEBUG:  swdes dump  /home/ran/Documents/uni/s10/asip_lab/vitis_ws/milestone2/zynq_fsbl/zynq_fsbl_bsp/system.mss|system||

TRACE::2026-07-22.14:29:53::SCWMssOS::Sw design exists and opened at  /home/ran/Documents/uni/s10/asip_lab/vitis_ws/milestone2/zynq_fsbl/zynq_fsbl_bsp/system.mss
TRACE::2026-07-22.14:29:53::SCWReader::No isolation master present  
TRACE::2026-07-22.14:29:53::SCWDomain::checking for install qemu data   : 
TRACE::2026-07-22.14:29:53::SCWDomain:: Using the QEMU Data from install at  : /home/ran/bin/Xilinx/Vitis/2022.2/data/emulation/platforms/zynq/sw/a9_standalone/qemu/
TRACE::2026-07-22.14:29:53::SCWDomain:: Using the QEMU args  from install at  : /home/ran/bin/Xilinx/Vitis/2022.2/data/emulation/platforms/zynq/sw/a9_standalone/qemu/qemu_args.txt
TRACE::2026-07-22.14:29:53::SCWPlatform::Trying to open the hw design at /home/ran/Documents/uni/s10/asip_lab/vitis_ws/milestone2/hw/design_1_wrapper.xsa
TRACE::2026-07-22.14:29:53::SCWPlatform::DSA given /home/ran/Documents/uni/s10/asip_lab/vitis_ws/milestone2/hw/design_1_wrapper.xsa
TRACE::2026-07-22.14:29:53::SCWPlatform::DSA absoulate path /home/ran/Documents/uni/s10/asip_lab/vitis_ws/milestone2/hw/design_1_wrapper.xsa
TRACE::2026-07-22.14:29:53::SCWPlatform::DSA directory /home/ran/Documents/uni/s10/asip_lab/vitis_ws/milestone2/hw
TRACE::2026-07-22.14:29:53::SCWPlatform:: Platform Path /home/ran/Documents/uni/s10/asip_lab/vitis_ws/milestone2/hw/design_1_wrapper.xsa
TRACE::2026-07-22.14:29:53::SCWPlatform:: Unique name xilinx:::0.0
TRACE::2026-07-22.14:29:53::SCWPlatform::Trying to set the existing hwdb with name design_1_wrapper_2
TRACE::2026-07-22.14:29:53::SCWPlatform::Opened existing hwdb design_1_wrapper_2
TRACE::2026-07-22.14:29:53::SCWPlatform::Found the Hw Db part of the input DSA
TRACE::2026-07-22.14:29:53::SCWPlatform::Trying to open the hw design at /home/ran/Documents/uni/s10/asip_lab/vitis_ws/milestone2/hw/design_1_wrapper.xsa
TRACE::2026-07-22.14:29:53::SCWPlatform::DSA given /home/ran/Documents/uni/s10/asip_lab/vitis_ws/milestone2/hw/design_1_wrapper.xsa
TRACE::2026-07-22.14:29:53::SCWPlatform::DSA absoulate path /home/ran/Documents/uni/s10/asip_lab/vitis_ws/milestone2/hw/design_1_wrapper.xsa
TRACE::2026-07-22.14:29:53::SCWPlatform::DSA directory /home/ran/Documents/uni/s10/asip_lab/vitis_ws/milestone2/hw
TRACE::2026-07-22.14:29:53::SCWPlatform:: Platform Path /home/ran/Documents/uni/s10/asip_lab/vitis_ws/milestone2/hw/design_1_wrapper.xsa
TRACE::2026-07-22.14:29:53::SCWPlatform:: Unique name xilinx:::0.0
TRACE::2026-07-22.14:29:53::SCWPlatform::Trying to set the existing hwdb with name design_1_wrapper_2
TRACE::2026-07-22.14:29:53::SCWPlatform::Opened existing hwdb design_1_wrapper_2
TRACE::2026-07-22.14:29:53::SCWPlatform::Found the Hw Db part of the input DSA
TRACE::2026-07-22.14:29:53::SCWPlatform::Trying to open the hw design at /home/ran/Documents/uni/s10/asip_lab/vitis_ws/milestone2/hw/design_1_wrapper.xsa
TRACE::2026-07-22.14:29:53::SCWPlatform::DSA given /home/ran/Documents/uni/s10/asip_lab/vitis_ws/milestone2/hw/design_1_wrapper.xsa
TRACE::2026-07-22.14:29:53::SCWPlatform::DSA absoulate path /home/ran/Documents/uni/s10/asip_lab/vitis_ws/milestone2/hw/design_1_wrapper.xsa
TRACE::2026-07-22.14:29:53::SCWPlatform::DSA directory /home/ran/Documents/uni/s10/asip_lab/vitis_ws/milestone2/hw
TRACE::2026-07-22.14:29:53::SCWPlatform:: Platform Path /home/ran/Documents/uni/s10/asip_lab/vitis_ws/milestone2/hw/design_1_wrapper.xsa
TRACE::2026-07-22.14:29:53::SCWPlatform:: Unique name xilinx:::0.0
TRACE::2026-07-22.14:29:53::SCWPlatform::Trying to set the existing hwdb with name design_1_wrapper_2
TRACE::2026-07-22.14:29:53::SCWPlatform::Opened existing hwdb design_1_wrapper_2
TRACE::2026-07-22.14:29:53::SCWPlatform::Found the Hw Db part of the input DSA
TRACE::2026-07-22.14:29:53::SCWMssOS::Checking the sw design at  /home/ran/Documents/uni/s10/asip_lab/vitis_ws/milestone2/ps7_cortexa9_0/standalone_domain/bsp/system.mss
TRACE::2026-07-22.14:29:53::SCWMssOS::DEBUG:  swdes dump  /home/ran/Documents/uni/s10/asip_lab/vitis_ws/milestone2/zynq_fsbl/zynq_fsbl_bsp/system.mss|system||

TRACE::2026-07-22.14:29:53::SCWMssOS::No sw design opened at  /home/ran/Documents/uni/s10/asip_lab/vitis_ws/milestone2/ps7_cortexa9_0/standalone_domain/bsp/system.mss
TRACE::2026-07-22.14:29:53::SCWMssOS::mss exists loading the mss file  /home/ran/Documents/uni/s10/asip_lab/vitis_ws/milestone2/ps7_cortexa9_0/standalone_domain/bsp/system.mss
TRACE::2026-07-22.14:29:53::SCWMssOS::Opened the sw design from mss  /home/ran/Documents/uni/s10/asip_lab/vitis_ws/milestone2/ps7_cortexa9_0/standalone_domain/bsp/system.mss
TRACE::2026-07-22.14:29:53::SCWMssOS::Adding the swdes entry /home/ran/Documents/uni/s10/asip_lab/vitis_ws/milestone2/ps7_cortexa9_0/standalone_domain/bsp/system.mss with des name system_0
TRACE::2026-07-22.14:29:53::SCWMssOS::updating the scw layer about changes
TRACE::2026-07-22.14:29:53::SCWMssOS::Opened the sw design.  /home/ran/Documents/uni/s10/asip_lab/vitis_ws/milestone2/ps7_cortexa9_0/standalone_domain/bsp/system.mss
TRACE::2026-07-22.14:29:53::SCWMssOS::Saving the mss changes /home/ran/Documents/uni/s10/asip_lab/vitis_ws/milestone2/ps7_cortexa9_0/standalone_domain/bsp/system.mss
TRACE::2026-07-22.14:29:53::SCWMssOS::Found a swdesign opened with the mssfile.
TRACE::2026-07-22.14:29:53::SCWMssOS::Completed writemss as part of save.
TRACE::2026-07-22.14:29:53::SCWMssOS::Commit changes completed.
TRACE::2026-07-22.14:29:53::SCWReader::Adding prebuilt librarypaths as   
TRACE::2026-07-22.14:29:53::SCWReader::Adding prebuilt incpaths  as   
TRACE::2026-07-22.14:29:53::SCWPlatform::Trying to open the hw design at /home/ran/Documents/uni/s10/asip_lab/vitis_ws/milestone2/hw/design_1_wrapper.xsa
TRACE::2026-07-22.14:29:53::SCWPlatform::DSA given /home/ran/Documents/uni/s10/asip_lab/vitis_ws/milestone2/hw/design_1_wrapper.xsa
TRACE::2026-07-22.14:29:53::SCWPlatform::DSA absoulate path /home/ran/Documents/uni/s10/asip_lab/vitis_ws/milestone2/hw/design_1_wrapper.xsa
TRACE::2026-07-22.14:29:53::SCWPlatform::DSA directory /home/ran/Documents/uni/s10/asip_lab/vitis_ws/milestone2/hw
TRACE::2026-07-22.14:29:53::SCWPlatform:: Platform Path /home/ran/Documents/uni/s10/asip_lab/vitis_ws/milestone2/hw/design_1_wrapper.xsa
TRACE::2026-07-22.14:29:53::SCWPlatform:: Unique name xilinx:::0.0
TRACE::2026-07-22.14:29:53::SCWPlatform::Trying to set the existing hwdb with name design_1_wrapper_2
TRACE::2026-07-22.14:29:53::SCWPlatform::Opened existing hwdb design_1_wrapper_2
TRACE::2026-07-22.14:29:53::SCWPlatform::Found the Hw Db part of the input DSA
TRACE::2026-07-22.14:29:53::SCWMssOS::Checking the sw design at  /home/ran/Documents/uni/s10/asip_lab/vitis_ws/milestone2/ps7_cortexa9_0/standalone_domain/bsp/system.mss
TRACE::2026-07-22.14:29:53::SCWMssOS::DEBUG:  swdes dump  /home/ran/Documents/uni/s10/asip_lab/vitis_ws/milestone2/ps7_cortexa9_0/standalone_domain/bsp/system.mss|system_0||
/home/ran/Documents/uni/s10/asip_lab/vitis_ws/milestone2/zynq_fsbl/zynq_fsbl_bsp/system.mss|system||

TRACE::2026-07-22.14:29:53::SCWMssOS::Sw design exists and opened at  /home/ran/Documents/uni/s10/asip_lab/vitis_ws/milestone2/ps7_cortexa9_0/standalone_domain/bsp/system.mss
TRACE::2026-07-22.14:29:53::SCWReader::No isolation master present  
LOG::2026-07-22.14:29:57::SCWPlatform::Started generating the artifacts platform milestone2
TRACE::2026-07-22.14:29:57::SCWPlatform::Sanity checking of platform is completed
LOG::2026-07-22.14:29:57::SCWPlatform::Started generating the artifacts for system configuration milestone2
LOG::2026-07-22.14:29:57::SCWSystem::Checking the domain zynq_fsbl
LOG::2026-07-22.14:29:57::SCWSystem::Doing application build for :  zynq_fsbl
TRACE::2026-07-22.14:29:57::SCWBDomain::Not a forced makefile updation, No changes are present. 
TRACE::2026-07-22.14:29:57::SCWDomain::Skipping the build for domain :  zynq_fsbl
LOG::2026-07-22.14:29:57::SCWSystem::Checking the domain standalone_domain
LOG::2026-07-22.14:29:57::SCWSystem::Not a boot domain 
LOG::2026-07-22.14:29:57::SCWSystem::Started Processing the domain standalone_domain
TRACE::2026-07-22.14:29:57::SCWDomain::Generating domain artifcats
TRACE::2026-07-22.14:29:57::SCWMssOS::Generating standalone artifcats
TRACE::2026-07-22.14:29:57::SCWMssOS::Copying the qemu file from  /home/ran/Documents/uni/s10/asip_lab/vitis_ws/milestone2/resources/milestone2/standalone_domain/qemu_args.txt To /home/ran/Documents/uni/s10/asip_lab/vitis_ws/milestone2/export/milestone2/sw/milestone2/qemu/
TRACE::2026-07-22.14:29:57::SCWMssOS::Copying the qemu file from  /home/ran/Documents/uni/s10/asip_lab/vitis_ws/milestone2/resources/milestone2/standalone_domain/qemu_args.txt To /home/ran/Documents/uni/s10/asip_lab/vitis_ws/milestone2/export/milestone2/sw/milestone2/standalone_domain/qemu/
TRACE::2026-07-22.14:29:57::SCWMssOS:: Copying the user libraries. 
TRACE::2026-07-22.14:29:57::SCWPlatform::Trying to open the hw design at /home/ran/Documents/uni/s10/asip_lab/vitis_ws/milestone2/hw/design_1_wrapper.xsa
TRACE::2026-07-22.14:29:57::SCWPlatform::DSA given /home/ran/Documents/uni/s10/asip_lab/vitis_ws/milestone2/hw/design_1_wrapper.xsa
TRACE::2026-07-22.14:29:57::SCWPlatform::DSA absoulate path /home/ran/Documents/uni/s10/asip_lab/vitis_ws/milestone2/hw/design_1_wrapper.xsa
TRACE::2026-07-22.14:29:57::SCWPlatform::DSA directory /home/ran/Documents/uni/s10/asip_lab/vitis_ws/milestone2/hw
TRACE::2026-07-22.14:29:57::SCWPlatform:: Platform Path /home/ran/Documents/uni/s10/asip_lab/vitis_ws/milestone2/hw/design_1_wrapper.xsa
TRACE::2026-07-22.14:29:57::SCWPlatform:: Unique name xilinx:::0.0
TRACE::2026-07-22.14:29:57::SCWPlatform::Trying to set the existing hwdb with name design_1_wrapper_2
TRACE::2026-07-22.14:29:57::SCWPlatform::Could not get the HWDB from existing dbname
TRACE::2026-07-22.14:29:57::SCWPlatform::Do not have an existing db opened. Attempting to open the hwDb. 
TRACE::2026-07-22.14:29:57::SCWPlatform::Opened new HwDB with name design_1_wrapper_3
TRACE::2026-07-22.14:29:57::SCWMssOS::Checking the sw design at  /home/ran/Documents/uni/s10/asip_lab/vitis_ws/milestone2/ps7_cortexa9_0/standalone_domain/bsp/system.mss
TRACE::2026-07-22.14:29:57::SCWMssOS::DEBUG:  swdes dump  /home/ran/Documents/uni/s10/asip_lab/vitis_ws/milestone2/ps7_cortexa9_0/standalone_domain/bsp/system.mss|system_0||
/home/ran/Documents/uni/s10/asip_lab/vitis_ws/milestone2/zynq_fsbl/zynq_fsbl_bsp/system.mss|system||

TRACE::2026-07-22.14:29:57::SCWMssOS::Sw design exists and opened at  /home/ran/Documents/uni/s10/asip_lab/vitis_ws/milestone2/ps7_cortexa9_0/standalone_domain/bsp/system.mss
TRACE::2026-07-22.14:29:57::SCWMssOS::Completed writing the mss file at /home/ran/Documents/uni/s10/asip_lab/vitis_ws/milestone2/ps7_cortexa9_0/standalone_domain/bsp
TRACE::2026-07-22.14:29:57::SCWMssOS::Mss edits present, copying mssfile into export location /home/ran/Documents/uni/s10/asip_lab/vitis_ws/milestone2/ps7_cortexa9_0/standalone_domain/bsp/system.mss
TRACE::2026-07-22.14:29:57::SCWMssOS::bsp generated is stale removing and regenerating. 
TRACE::2026-07-22.14:29:57::SCWMssOS::doing bsp build ... 
TRACE::2026-07-22.14:29:57::SCWMssOS::System Command Ran  cd  /home/ran/Documents/uni/s10/asip_lab/vitis_ws/milestone2/ps7_cortexa9_0/standalone_domain/bsp ; bash -c "make  " 
TRACE::2026-07-22.14:29:57::SCWMssOS::make --no-print-directory seq_libs

TRACE::2026-07-22.14:29:57::SCWMssOS::Finished building libraries sequentially.

TRACE::2026-07-22.14:29:57::SCWMssOS::make -j 10 --no-print-directory par_libs

TRACE::2026-07-22.14:29:57::SCWMssOS::Running Make include in ps7_cortexa9_0/libsrc/bram_v4_8/src

TRACE::2026-07-22.14:29:57::SCWMssOS::make -C ps7_cortexa9_0/libsrc/bram_v4_8/src -s include  "SHELL=/bin/sh" "COMPILER=arm-none-eabi-gcc" "ASSEMBLER=arm-none-eabi-a
TRACE::2026-07-22.14:29:57::SCWMssOS::s" "ARCHIVER=arm-none-eabi-ar" "COMPILER_FLAGS=  -O2 -c" "EXTRA_COMPILER_FLAGS=-mcpu=cortex-a9 -mfpu=vfpv3 -mfloat-abi=hard -no
TRACE::2026-07-22.14:29:57::SCWMssOS::startfiles -g -Wall -Wextra -fno-tree-loop-distribute-patterns"

TRACE::2026-07-22.14:29:57::SCWMssOS::Running Make include in ps7_cortexa9_0/libsrc/coresightps_dcc_v1_8/src

TRACE::2026-07-22.14:29:57::SCWMssOS::Running Make include in ps7_cortexa9_0/libsrc/cpu_cortexa9_v2_11/src

TRACE::2026-07-22.14:29:57::SCWMssOS::make -C ps7_cortexa9_0/libsrc/coresightps_dcc_v1_8/src -s include  "SHELL=/bin/sh" "COMPILER=arm-none-eabi-gcc" "ASSEMBLER=arm-
TRACE::2026-07-22.14:29:57::SCWMssOS::none-eabi-as" "ARCHIVER=arm-none-eabi-ar" "COMPILER_FLAGS=  -O2 -c" "EXTRA_COMPILER_FLAGS=-mcpu=cortex-a9 -mfpu=vfpv3 -mfloat-a
TRACE::2026-07-22.14:29:57::SCWMssOS::bi=hard -nostartfiles -g -Wall -Wextra -fno-tree-loop-distribute-patterns"

TRACE::2026-07-22.14:29:57::SCWMssOS::make -C ps7_cortexa9_0/libsrc/cpu_cortexa9_v2_11/src -s include  "SHELL=/bin/sh" "COMPILER=arm-none-eabi-gcc" "ASSEMBLER=arm-no
TRACE::2026-07-22.14:29:57::SCWMssOS::ne-eabi-as" "ARCHIVER=arm-none-eabi-ar" "COMPILER_FLAGS=  -O2 -c" "EXTRA_COMPILER_FLAGS=-mcpu=cortex-a9 -mfpu=vfpv3 -mfloat-abi
TRACE::2026-07-22.14:29:57::SCWMssOS::=hard -nostartfiles -g -Wall -Wextra -fno-tree-loop-distribute-patterns"

TRACE::2026-07-22.14:29:57::SCWMssOS::Running Make include in ps7_cortexa9_0/libsrc/ddrps_v1_2/src

TRACE::2026-07-22.14:29:57::SCWMssOS::Running Make include in ps7_cortexa9_0/libsrc/devcfg_v3_7/src

TRACE::2026-07-22.14:29:57::SCWMssOS::Running Make include in ps7_cortexa9_0/libsrc/dmaps_v2_8/src

TRACE::2026-07-22.14:29:57::SCWMssOS::make -C ps7_cortexa9_0/libsrc/ddrps_v1_2/src -s include  "SHELL=/bin/sh" "COMPILER=arm-none-eabi-gcc" "ASSEMBLER=arm-none-eabi-
TRACE::2026-07-22.14:29:57::SCWMssOS::as" "ARCHIVER=arm-none-eabi-ar" "COMPILER_FLAGS=  -O2 -c" "EXTRA_COMPILER_FLAGS=-mcpu=cortex-a9 -mfpu=vfpv3 -mfloat-abi=hard -n
TRACE::2026-07-22.14:29:57::SCWMssOS::ostartfiles -g -Wall -Wextra -fno-tree-loop-distribute-patterns"

TRACE::2026-07-22.14:29:57::SCWMssOS::make -C ps7_cortexa9_0/libsrc/devcfg_v3_7/src -s include  "SHELL=/bin/sh" "COMPILER=arm-none-eabi-gcc" "ASSEMBLER=arm-none-eabi
TRACE::2026-07-22.14:29:57::SCWMssOS::-as" "ARCHIVER=arm-none-eabi-ar" "COMPILER_FLAGS=  -O2 -c" "EXTRA_COMPILER_FLAGS=-mcpu=cortex-a9 -mfpu=vfpv3 -mfloat-abi=hard -
TRACE::2026-07-22.14:29:57::SCWMssOS::nostartfiles -g -Wall -Wextra -fno-tree-loop-distribute-patterns"

TRACE::2026-07-22.14:29:57::SCWMssOS::Running Make include in ps7_cortexa9_0/libsrc/gpiops_v3_10/src

TRACE::2026-07-22.14:29:57::SCWMssOS::Running Make include in ps7_cortexa9_0/libsrc/scugic_v5_0/src

TRACE::2026-07-22.14:29:57::SCWMssOS::make -C ps7_cortexa9_0/libsrc/dmaps_v2_8/src -s include  "SHELL=/bin/sh" "COMPILER=arm-none-eabi-gcc" "ASSEMBLER=arm-none-eabi-
TRACE::2026-07-22.14:29:57::SCWMssOS::as" "ARCHIVER=arm-none-eabi-ar" "COMPILER_FLAGS=  -O2 -c" "EXTRA_COMPILER_FLAGS=-mcpu=cortex-a9 -mfpu=vfpv3 -mfloat-abi=hard -n
TRACE::2026-07-22.14:29:57::SCWMssOS::ostartfiles -g -Wall -Wextra -fno-tree-loop-distribute-patterns"

TRACE::2026-07-22.14:29:57::SCWMssOS::make -C ps7_cortexa9_0/libsrc/gpiops_v3_10/src -s include  "SHELL=/bin/sh" "COMPILER=arm-none-eabi-gcc" "ASSEMBLER=arm-none-eab
TRACE::2026-07-22.14:29:57::SCWMssOS::i-as" "ARCHIVER=arm-none-eabi-ar" "COMPILER_FLAGS=  -O2 -c" "EXTRA_COMPILER_FLAGS=-mcpu=cortex-a9 -mfpu=vfpv3 -mfloat-abi=hard 
TRACE::2026-07-22.14:29:57::SCWMssOS::-nostartfiles -g -Wall -Wextra -fno-tree-loop-distribute-patterns"

TRACE::2026-07-22.14:29:57::SCWMssOS::Running Make include in ps7_cortexa9_0/libsrc/qspips_v3_10/src

TRACE::2026-07-22.14:29:57::SCWMssOS::make -C ps7_cortexa9_0/libsrc/qspips_v3_10/src -s include  "SHELL=/bin/sh" "COMPILER=arm-none-eabi-gcc" "ASSEMBLER=arm-none-eab
TRACE::2026-07-22.14:29:57::SCWMssOS::i-as" "ARCHIVER=arm-none-eabi-ar" "COMPILER_FLAGS=  -O2 -c" "EXTRA_COMPILER_FLAGS=-mcpu=cortex-a9 -mfpu=vfpv3 -mfloat-abi=hard 
TRACE::2026-07-22.14:29:57::SCWMssOS::-nostartfiles -g -Wall -Wextra -fno-tree-loop-distribute-patterns"

TRACE::2026-07-22.14:29:57::SCWMssOS::make -C ps7_cortexa9_0/libsrc/scugic_v5_0/src -s include  "SHELL=/bin/sh" "COMPILER=arm-none-eabi-gcc" "ASSEMBLER=arm-none-eabi
TRACE::2026-07-22.14:29:57::SCWMssOS::-as" "ARCHIVER=arm-none-eabi-ar" "COMPILER_FLAGS=  -O2 -c" "EXTRA_COMPILER_FLAGS=-mcpu=cortex-a9 -mfpu=vfpv3 -mfloat-abi=hard -
TRACE::2026-07-22.14:29:57::SCWMssOS::nostartfiles -g -Wall -Wextra -fno-tree-loop-distribute-patterns"

TRACE::2026-07-22.14:29:57::SCWMssOS::Running Make include in ps7_cortexa9_0/libsrc/scutimer_v2_4/src

TRACE::2026-07-22.14:29:57::SCWMssOS::Running Make include in ps7_cortexa9_0/libsrc/sdps_v4_0/src

TRACE::2026-07-22.14:29:57::SCWMssOS::make -C ps7_cortexa9_0/libsrc/scutimer_v2_4/src -s include  "SHELL=/bin/sh" "COMPILER=arm-none-eabi-gcc" "ASSEMBLER=arm-none-ea
TRACE::2026-07-22.14:29:57::SCWMssOS::bi-as" "ARCHIVER=arm-none-eabi-ar" "COMPILER_FLAGS=  -O2 -c" "EXTRA_COMPILER_FLAGS=-mcpu=cortex-a9 -mfpu=vfpv3 -mfloat-abi=hard
TRACE::2026-07-22.14:29:57::SCWMssOS:: -nostartfiles -g -Wall -Wextra -fno-tree-loop-distribute-patterns"

TRACE::2026-07-22.14:29:57::SCWMssOS::make -C ps7_cortexa9_0/libsrc/sdps_v4_0/src -s include  "SHELL=/bin/sh" "COMPILER=arm-none-eabi-gcc" "ASSEMBLER=arm-none-eabi-a
TRACE::2026-07-22.14:29:57::SCWMssOS::s" "ARCHIVER=arm-none-eabi-ar" "COMPILER_FLAGS=  -O2 -c" "EXTRA_COMPILER_FLAGS=-mcpu=cortex-a9 -mfpu=vfpv3 -mfloat-abi=hard -no
TRACE::2026-07-22.14:29:57::SCWMssOS::startfiles -g -Wall -Wextra -fno-tree-loop-distribute-patterns"

TRACE::2026-07-22.14:29:57::SCWMssOS::Running Make include in ps7_cortexa9_0/libsrc/scuwdt_v2_4/src

TRACE::2026-07-22.14:29:57::SCWMssOS::make -C ps7_cortexa9_0/libsrc/scuwdt_v2_4/src -s include  "SHELL=/bin/sh" "COMPILER=arm-none-eabi-gcc" "ASSEMBLER=arm-none-eabi
TRACE::2026-07-22.14:29:57::SCWMssOS::-as" "ARCHIVER=arm-none-eabi-ar" "COMPILER_FLAGS=  -O2 -c" "EXTRA_COMPILER_FLAGS=-mcpu=cortex-a9 -mfpu=vfpv3 -mfloat-abi=hard -
TRACE::2026-07-22.14:29:57::SCWMssOS::nostartfiles -g -Wall -Wextra -fno-tree-loop-distribute-patterns"

TRACE::2026-07-22.14:29:57::SCWMssOS::Running Make include in ps7_cortexa9_0/libsrc/spips_v3_8/src

TRACE::2026-07-22.14:29:57::SCWMssOS::Running Make include in ps7_cortexa9_0/libsrc/uartps_v3_11/src

TRACE::2026-07-22.14:29:57::SCWMssOS::Running Make include in ps7_cortexa9_0/libsrc/standalone_v8_0/src

TRACE::2026-07-22.14:29:57::SCWMssOS::make -C ps7_cortexa9_0/libsrc/spips_v3_8/src -s include  "SHELL=/bin/sh" "COMPILER=arm-none-eabi-gcc" "ASSEMBLER=arm-none-eabi-
TRACE::2026-07-22.14:29:57::SCWMssOS::as" "ARCHIVER=arm-none-eabi-ar" "COMPILER_FLAGS=  -O2 -c" "EXTRA_COMPILER_FLAGS=-mcpu=cortex-a9 -mfpu=vfpv3 -mfloat-abi=hard -n
TRACE::2026-07-22.14:29:57::SCWMssOS::ostartfiles -g -Wall -Wextra -fno-tree-loop-distribute-patterns"

TRACE::2026-07-22.14:29:57::SCWMssOS::Running Make include in ps7_cortexa9_0/libsrc/xadcps_v2_6/src

TRACE::2026-07-22.14:29:57::SCWMssOS::make -C ps7_cortexa9_0/libsrc/standalone_v8_0/src -s include  "SHELL=/bin/sh" "COMPILER=arm-none-eabi-gcc" "ASSEMBLER=arm-none-
TRACE::2026-07-22.14:29:57::SCWMssOS::eabi-as" "ARCHIVER=arm-none-eabi-ar" "COMPILER_FLAGS=  -O2 -c" "EXTRA_COMPILER_FLAGS=-mcpu=cortex-a9 -mfpu=vfpv3 -mfloat-abi=ha
TRACE::2026-07-22.14:29:57::SCWMssOS::rd -nostartfiles -g -Wall -Wextra -fno-tree-loop-distribute-patterns"

TRACE::2026-07-22.14:29:57::SCWMssOS::make -C ps7_cortexa9_0/libsrc/uartps_v3_11/src -s include  "SHELL=/bin/sh" "COMPILER=arm-none-eabi-gcc" "ASSEMBLER=arm-none-eab
TRACE::2026-07-22.14:29:57::SCWMssOS::i-as" "ARCHIVER=arm-none-eabi-ar" "COMPILER_FLAGS=  -O2 -c" "EXTRA_COMPILER_FLAGS=-mcpu=cortex-a9 -mfpu=vfpv3 -mfloat-abi=hard 
TRACE::2026-07-22.14:29:57::SCWMssOS::-nostartfiles -g -Wall -Wextra -fno-tree-loop-distribute-patterns"

TRACE::2026-07-22.14:29:57::SCWMssOS::make -C ps7_cortexa9_0/libsrc/xadcps_v2_6/src -s include  "SHELL=/bin/sh" "COMPILER=arm-none-eabi-gcc" "ASSEMBLER=arm-none-eabi
TRACE::2026-07-22.14:29:57::SCWMssOS::-as" "ARCHIVER=arm-none-eabi-ar" "COMPILER_FLAGS=  -O2 -c" "EXTRA_COMPILER_FLAGS=-mcpu=cortex-a9 -mfpu=vfpv3 -mfloat-abi=hard -
TRACE::2026-07-22.14:29:57::SCWMssOS::nostartfiles -g -Wall -Wextra -fno-tree-loop-distribute-patterns"

TRACE::2026-07-22.14:29:57::SCWMssOS::Running Make include in ps7_cortexa9_0/libsrc/usbps_v2_7/src

TRACE::2026-07-22.14:29:57::SCWMssOS::make -C ps7_cortexa9_0/libsrc/usbps_v2_7/src -s include  "SHELL=/bin/sh" "COMPILER=arm-none-eabi-gcc" "ASSEMBLER=arm-none-eabi-
TRACE::2026-07-22.14:29:57::SCWMssOS::as" "ARCHIVER=arm-none-eabi-ar" "COMPILER_FLAGS=  -O2 -c" "EXTRA_COMPILER_FLAGS=-mcpu=cortex-a9 -mfpu=vfpv3 -mfloat-abi=hard -n
TRACE::2026-07-22.14:29:57::SCWMssOS::ostartfiles -g -Wall -Wextra -fno-tree-loop-distribute-patterns"

TRACE::2026-07-22.14:29:57::SCWMssOS::Running Make libs in ps7_cortexa9_0/libsrc/bram_v4_8/src

TRACE::2026-07-22.14:29:57::SCWMssOS::make -C ps7_cortexa9_0/libsrc/bram_v4_8/src -s libs  "SHELL=/bin/sh" "COMPILER=arm-none-eabi-gcc" "ASSEMBLER=arm-none-eabi-as" 
TRACE::2026-07-22.14:29:57::SCWMssOS::"ARCHIVER=arm-none-eabi-ar" "COMPILER_FLAGS=  -O2 -c" "EXTRA_COMPILER_FLAGS=-mcpu=cortex-a9 -mfpu=vfpv3 -mfloat-abi=hard -nosta
TRACE::2026-07-22.14:29:57::SCWMssOS::rtfiles -g -Wall -Wextra -fno-tree-loop-distribute-patterns"

TRACE::2026-07-22.14:29:57::SCWMssOS::Running Make libs in ps7_cortexa9_0/libsrc/coresightps_dcc_v1_8/src

TRACE::2026-07-22.14:29:57::SCWMssOS::Running Make libs in ps7_cortexa9_0/libsrc/cpu_cortexa9_v2_11/src

TRACE::2026-07-22.14:29:57::SCWMssOS::make -C ps7_cortexa9_0/libsrc/coresightps_dcc_v1_8/src -s libs  "SHELL=/bin/sh" "COMPILER=arm-none-eabi-gcc" "ASSEMBLER=arm-non
TRACE::2026-07-22.14:29:57::SCWMssOS::e-eabi-as" "ARCHIVER=arm-none-eabi-ar" "COMPILER_FLAGS=  -O2 -c" "EXTRA_COMPILER_FLAGS=-mcpu=cortex-a9 -mfpu=vfpv3 -mfloat-abi=
TRACE::2026-07-22.14:29:57::SCWMssOS::hard -nostartfiles -g -Wall -Wextra -fno-tree-loop-distribute-patterns"

TRACE::2026-07-22.14:29:57::SCWMssOS::Running Make libs in ps7_cortexa9_0/libsrc/ddrps_v1_2/src

TRACE::2026-07-22.14:29:57::SCWMssOS::make -C ps7_cortexa9_0/libsrc/cpu_cortexa9_v2_11/src -s libs  "SHELL=/bin/sh" "COMPILER=arm-none-eabi-gcc" "ASSEMBLER=arm-none-
TRACE::2026-07-22.14:29:57::SCWMssOS::eabi-as" "ARCHIVER=arm-none-eabi-ar" "COMPILER_FLAGS=  -O2 -c" "EXTRA_COMPILER_FLAGS=-mcpu=cortex-a9 -mfpu=vfpv3 -mfloat-abi=ha
TRACE::2026-07-22.14:29:57::SCWMssOS::rd -nostartfiles -g -Wall -Wextra -fno-tree-loop-distribute-patterns"

TRACE::2026-07-22.14:29:57::SCWMssOS::Running Make libs in ps7_cortexa9_0/libsrc/devcfg_v3_7/src

TRACE::2026-07-22.14:29:57::SCWMssOS::make -C ps7_cortexa9_0/libsrc/ddrps_v1_2/src -s libs  "SHELL=/bin/sh" "COMPILER=arm-none-eabi-gcc" "ASSEMBLER=arm-none-eabi-as"
TRACE::2026-07-22.14:29:57::SCWMssOS:: "ARCHIVER=arm-none-eabi-ar" "COMPILER_FLAGS=  -O2 -c" "EXTRA_COMPILER_FLAGS=-mcpu=cortex-a9 -mfpu=vfpv3 -mfloat-abi=hard -nost
TRACE::2026-07-22.14:29:57::SCWMssOS::artfiles -g -Wall -Wextra -fno-tree-loop-distribute-patterns"

TRACE::2026-07-22.14:29:57::SCWMssOS::Running Make libs in ps7_cortexa9_0/libsrc/dmaps_v2_8/src

TRACE::2026-07-22.14:29:57::SCWMssOS::Running Make libs in ps7_cortexa9_0/libsrc/gpiops_v3_10/src

TRACE::2026-07-22.14:29:57::SCWMssOS::make -C ps7_cortexa9_0/libsrc/devcfg_v3_7/src -s libs  "SHELL=/bin/sh" "COMPILER=arm-none-eabi-gcc" "ASSEMBLER=arm-none-eabi-as
TRACE::2026-07-22.14:29:57::SCWMssOS::" "ARCHIVER=arm-none-eabi-ar" "COMPILER_FLAGS=  -O2 -c" "EXTRA_COMPILER_FLAGS=-mcpu=cortex-a9 -mfpu=vfpv3 -mfloat-abi=hard -nos
TRACE::2026-07-22.14:29:57::SCWMssOS::tartfiles -g -Wall -Wextra -fno-tree-loop-distribute-patterns"

TRACE::2026-07-22.14:29:57::SCWMssOS::make -C ps7_cortexa9_0/libsrc/dmaps_v2_8/src -s libs  "SHELL=/bin/sh" "COMPILER=arm-none-eabi-gcc" "ASSEMBLER=arm-none-eabi-as"
TRACE::2026-07-22.14:29:57::SCWMssOS:: "ARCHIVER=arm-none-eabi-ar" "COMPILER_FLAGS=  -O2 -c" "EXTRA_COMPILER_FLAGS=-mcpu=cortex-a9 -mfpu=vfpv3 -mfloat-abi=hard -nost
TRACE::2026-07-22.14:29:57::SCWMssOS::artfiles -g -Wall -Wextra -fno-tree-loop-distribute-patterns"

TRACE::2026-07-22.14:29:57::SCWMssOS::make -C ps7_cortexa9_0/libsrc/gpiops_v3_10/src -s libs  "SHELL=/bin/sh" "COMPILER=arm-none-eabi-gcc" "ASSEMBLER=arm-none-eabi-a
TRACE::2026-07-22.14:29:57::SCWMssOS::s" "ARCHIVER=arm-none-eabi-ar" "COMPILER_FLAGS=  -O2 -c" "EXTRA_COMPILER_FLAGS=-mcpu=cortex-a9 -mfpu=vfpv3 -mfloat-abi=hard -no
TRACE::2026-07-22.14:29:57::SCWMssOS::startfiles -g -Wall -Wextra -fno-tree-loop-distribute-patterns"

TRACE::2026-07-22.14:29:57::SCWMssOS::Running Make libs in ps7_cortexa9_0/libsrc/qspips_v3_10/src

TRACE::2026-07-22.14:29:57::SCWMssOS::Running Make libs in ps7_cortexa9_0/libsrc/scugic_v5_0/src

TRACE::2026-07-22.14:29:57::SCWMssOS::Running Make libs in ps7_cortexa9_0/libsrc/scutimer_v2_4/src

TRACE::2026-07-22.14:29:57::SCWMssOS::make -C ps7_cortexa9_0/libsrc/qspips_v3_10/src -s libs  "SHELL=/bin/sh" "COMPILER=arm-none-eabi-gcc" "ASSEMBLER=arm-none-eabi-a
TRACE::2026-07-22.14:29:57::SCWMssOS::s" "ARCHIVER=arm-none-eabi-ar" "COMPILER_FLAGS=  -O2 -c" "EXTRA_COMPILER_FLAGS=-mcpu=cortex-a9 -mfpu=vfpv3 -mfloat-abi=hard -no
TRACE::2026-07-22.14:29:57::SCWMssOS::startfiles -g -Wall -Wextra -fno-tree-loop-distribute-patterns"

TRACE::2026-07-22.14:29:57::SCWMssOS::make -C ps7_cortexa9_0/libsrc/scugic_v5_0/src -s libs  "SHELL=/bin/sh" "COMPILER=arm-none-eabi-gcc" "ASSEMBLER=arm-none-eabi-as
TRACE::2026-07-22.14:29:57::SCWMssOS::" "ARCHIVER=arm-none-eabi-ar" "COMPILER_FLAGS=  -O2 -c" "EXTRA_COMPILER_FLAGS=-mcpu=cortex-a9 -mfpu=vfpv3 -mfloat-abi=hard -nos
TRACE::2026-07-22.14:29:57::SCWMssOS::tartfiles -g -Wall -Wextra -fno-tree-loop-distribute-patterns"

TRACE::2026-07-22.14:29:57::SCWMssOS::make -C ps7_cortexa9_0/libsrc/scutimer_v2_4/src -s libs  "SHELL=/bin/sh" "COMPILER=arm-none-eabi-gcc" "ASSEMBLER=arm-none-eabi-
TRACE::2026-07-22.14:29:57::SCWMssOS::as" "ARCHIVER=arm-none-eabi-ar" "COMPILER_FLAGS=  -O2 -c" "EXTRA_COMPILER_FLAGS=-mcpu=cortex-a9 -mfpu=vfpv3 -mfloat-abi=hard -n
TRACE::2026-07-22.14:29:57::SCWMssOS::ostartfiles -g -Wall -Wextra -fno-tree-loop-distribute-patterns"

TRACE::2026-07-22.14:29:57::SCWMssOS::Running Make libs in ps7_cortexa9_0/libsrc/scuwdt_v2_4/src

TRACE::2026-07-22.14:29:57::SCWMssOS::make -C ps7_cortexa9_0/libsrc/scuwdt_v2_4/src -s libs  "SHELL=/bin/sh" "COMPILER=arm-none-eabi-gcc" "ASSEMBLER=arm-none-eabi-as
TRACE::2026-07-22.14:29:57::SCWMssOS::" "ARCHIVER=arm-none-eabi-ar" "COMPILER_FLAGS=  -O2 -c" "EXTRA_COMPILER_FLAGS=-mcpu=cortex-a9 -mfpu=vfpv3 -mfloat-abi=hard -nos
TRACE::2026-07-22.14:29:57::SCWMssOS::tartfiles -g -Wall -Wextra -fno-tree-loop-distribute-patterns"

TRACE::2026-07-22.14:29:57::SCWMssOS::Running Make libs in ps7_cortexa9_0/libsrc/sdps_v4_0/src

TRACE::2026-07-22.14:29:57::SCWMssOS::make -C ps7_cortexa9_0/libsrc/sdps_v4_0/src -s libs  "SHELL=/bin/sh" "COMPILER=arm-none-eabi-gcc" "ASSEMBLER=arm-none-eabi-as" 
TRACE::2026-07-22.14:29:57::SCWMssOS::"ARCHIVER=arm-none-eabi-ar" "COMPILER_FLAGS=  -O2 -c" "EXTRA_COMPILER_FLAGS=-mcpu=cortex-a9 -mfpu=vfpv3 -mfloat-abi=hard -nosta
TRACE::2026-07-22.14:29:57::SCWMssOS::rtfiles -g -Wall -Wextra -fno-tree-loop-distribute-patterns"

TRACE::2026-07-22.14:29:58::SCWMssOS::Running Make libs in ps7_cortexa9_0/libsrc/spips_v3_8/src

TRACE::2026-07-22.14:29:58::SCWMssOS::make -C ps7_cortexa9_0/libsrc/spips_v3_8/src -s libs  "SHELL=/bin/sh" "COMPILER=arm-none-eabi-gcc" "ASSEMBLER=arm-none-eabi-as"
TRACE::2026-07-22.14:29:58::SCWMssOS:: "ARCHIVER=arm-none-eabi-ar" "COMPILER_FLAGS=  -O2 -c" "EXTRA_COMPILER_FLAGS=-mcpu=cortex-a9 -mfpu=vfpv3 -mfloat-abi=hard -nost
TRACE::2026-07-22.14:29:58::SCWMssOS::artfiles -g -Wall -Wextra -fno-tree-loop-distribute-patterns"

TRACE::2026-07-22.14:29:58::SCWMssOS::Running Make libs in ps7_cortexa9_0/libsrc/standalone_v8_0/src

TRACE::2026-07-22.14:29:58::SCWMssOS::make -C ps7_cortexa9_0/libsrc/standalone_v8_0/src -s libs  "SHELL=/bin/sh" "COMPILER=arm-none-eabi-gcc" "ASSEMBLER=arm-none-eab
TRACE::2026-07-22.14:29:58::SCWMssOS::i-as" "ARCHIVER=arm-none-eabi-ar" "COMPILER_FLAGS=  -O2 -c" "EXTRA_COMPILER_FLAGS=-mcpu=cortex-a9 -mfpu=vfpv3 -mfloat-abi=hard 
TRACE::2026-07-22.14:29:58::SCWMssOS::-nostartfiles -g -Wall -Wextra -fno-tree-loop-distribute-patterns"

TRACE::2026-07-22.14:29:58::SCWMssOS::Running Make libs in ps7_cortexa9_0/libsrc/uartps_v3_11/src

TRACE::2026-07-22.14:29:58::SCWMssOS::make -C ps7_cortexa9_0/libsrc/uartps_v3_11/src -s libs  "SHELL=/bin/sh" "COMPILER=arm-none-eabi-gcc" "ASSEMBLER=arm-none-eabi-a
TRACE::2026-07-22.14:29:58::SCWMssOS::s" "ARCHIVER=arm-none-eabi-ar" "COMPILER_FLAGS=  -O2 -c" "EXTRA_COMPILER_FLAGS=-mcpu=cortex-a9 -mfpu=vfpv3 -mfloat-abi=hard -no
TRACE::2026-07-22.14:29:58::SCWMssOS::startfiles -g -Wall -Wextra -fno-tree-loop-distribute-patterns"

TRACE::2026-07-22.14:29:58::SCWMssOS::Running Make libs in ps7_cortexa9_0/libsrc/usbps_v2_7/src

TRACE::2026-07-22.14:29:58::SCWMssOS::make -C ps7_cortexa9_0/libsrc/usbps_v2_7/src -s libs  "SHELL=/bin/sh" "COMPILER=arm-none-eabi-gcc" "ASSEMBLER=arm-none-eabi-as"
TRACE::2026-07-22.14:29:58::SCWMssOS:: "ARCHIVER=arm-none-eabi-ar" "COMPILER_FLAGS=  -O2 -c" "EXTRA_COMPILER_FLAGS=-mcpu=cortex-a9 -mfpu=vfpv3 -mfloat-abi=hard -nost
TRACE::2026-07-22.14:29:58::SCWMssOS::artfiles -g -Wall -Wextra -fno-tree-loop-distribute-patterns"

TRACE::2026-07-22.14:29:58::SCWMssOS::Running Make libs in ps7_cortexa9_0/libsrc/xadcps_v2_6/src

TRACE::2026-07-22.14:29:58::SCWMssOS::make -C ps7_cortexa9_0/libsrc/xadcps_v2_6/src -s libs  "SHELL=/bin/sh" "COMPILER=arm-none-eabi-gcc" "ASSEMBLER=arm-none-eabi-as
TRACE::2026-07-22.14:29:58::SCWMssOS::" "ARCHIVER=arm-none-eabi-ar" "COMPILER_FLAGS=  -O2 -c" "EXTRA_COMPILER_FLAGS=-mcpu=cortex-a9 -mfpu=vfpv3 -mfloat-abi=hard -nos
TRACE::2026-07-22.14:29:58::SCWMssOS::tartfiles -g -Wall -Wextra -fno-tree-loop-distribute-patterns"

TRACE::2026-07-22.14:29:59::SCWMssOS::Finished building libraries parallelly.

TRACE::2026-07-22.14:29:59::SCWMssOS::make --no-print-directory archive

TRACE::2026-07-22.14:29:59::SCWMssOS::arm-none-eabi-ar -r  ps7_cortexa9_0/lib/libxil.a ps7_cortexa9_0/lib/_exit.o ps7_cortexa9_0/lib/_open.o ps7_cortexa9_0/lib/_sbrk
TRACE::2026-07-22.14:29:59::SCWMssOS::.o ps7_cortexa9_0/lib/abort.o ps7_cortexa9_0/lib/asm_vectors.o ps7_cortexa9_0/lib/boot.o ps7_cortexa9_0/lib/close.o ps7_cortexa
TRACE::2026-07-22.14:29:59::SCWMssOS::9_0/lib/cpputest_time.o ps7_cortexa9_0/lib/cpu_init.o ps7_cortexa9_0/lib/errno.o ps7_cortexa9_0/lib/fcntl.o ps7_cortexa9_0/lib/
TRACE::2026-07-22.14:29:59::SCWMssOS::fstat.o ps7_cortexa9_0/lib/getpid.o ps7_cortexa9_0/lib/inbyte.o ps7_cortexa9_0/lib/isatty.o ps7_cortexa9_0/lib/kill.o ps7_corte
TRACE::2026-07-22.14:29:59::SCWMssOS::xa9_0/lib/lseek.o ps7_cortexa9_0/lib/open.o ps7_cortexa9_0/lib/outbyte.o ps7_cortexa9_0/lib/print.o ps7_cortexa9_0/lib/putnum.o
TRACE::2026-07-22.14:29:59::SCWMssOS:: ps7_cortexa9_0/lib/read.o ps7_cortexa9_0/lib/sbrk.o ps7_cortexa9_0/lib/sleep.o ps7_cortexa9_0/lib/time.o ps7_cortexa9_0/lib/tr
TRACE::2026-07-22.14:29:59::SCWMssOS::anslation_table.o ps7_cortexa9_0/lib/unlink.o ps7_cortexa9_0/lib/usleep.o ps7_cortexa9_0/lib/vectors.o ps7_cortexa9_0/lib/write
TRACE::2026-07-22.14:29:59::SCWMssOS::.o ps7_cortexa9_0/lib/xadcps.o ps7_cortexa9_0/lib/xadcps_g.o ps7_cortexa9_0/lib/xadcps_intr.o ps7_cortexa9_0/lib/xadcps_selftes
TRACE::2026-07-22.14:29:59::SCWMssOS::t.o ps7_cortexa9_0/lib/xadcps_sinit.o ps7_cortexa9_0/lib/xbram.o ps7_cortexa9_0/lib/xbram_g.o ps7_cortexa9_0/lib/xbram_intr.o p
TRACE::2026-07-22.14:29:59::SCWMssOS::s7_cortexa9_0/lib/xbram_selftest.o ps7_cortexa9_0/lib/xbram_sinit.o ps7_cortexa9_0/lib/xcoresightpsdcc.o ps7_cortexa9_0/lib/xde
TRACE::2026-07-22.14:29:59::SCWMssOS::vcfg.o ps7_cortexa9_0/lib/xdevcfg_g.o ps7_cortexa9_0/lib/xdevcfg_hw.o ps7_cortexa9_0/lib/xdevcfg_intr.o ps7_cortexa9_0/lib/xdev
TRACE::2026-07-22.14:29:59::SCWMssOS::cfg_selftest.o ps7_cortexa9_0/lib/xdevcfg_sinit.o ps7_cortexa9_0/lib/xdmaps.o ps7_cortexa9_0/lib/xdmaps_g.o ps7_cortexa9_0/lib/
TRACE::2026-07-22.14:29:59::SCWMssOS::xdmaps_hw.o ps7_cortexa9_0/lib/xdmaps_selftest.o ps7_cortexa9_0/lib/xdmaps_sinit.o ps7_cortexa9_0/lib/xgpiops.o ps7_cortexa9_0/
TRACE::2026-07-22.14:29:59::SCWMssOS::lib/xgpiops_g.o ps7_cortexa9_0/lib/xgpiops_hw.o ps7_cortexa9_0/lib/xgpiops_intr.o ps7_cortexa9_0/lib/xgpiops_selftest.o ps7_cor
TRACE::2026-07-22.14:29:59::SCWMssOS::texa9_0/lib/xgpiops_sinit.o ps7_cortexa9_0/lib/xil-crt0.o ps7_cortexa9_0/lib/xil_assert.o ps7_cortexa9_0/lib/xil_cache.o ps7_co
TRACE::2026-07-22.14:29:59::SCWMssOS::rtexa9_0/lib/xil_clocking.o ps7_cortexa9_0/lib/xil_exception.o ps7_cortexa9_0/lib/xil_mem.o ps7_cortexa9_0/lib/xil_misc_psreset
TRACE::2026-07-22.14:29:59::SCWMssOS::_api.o ps7_cortexa9_0/lib/xil_mmu.o ps7_cortexa9_0/lib/xil_printf.o ps7_cortexa9_0/lib/xil_sleepcommon.o ps7_cortexa9_0/lib/xil
TRACE::2026-07-22.14:29:59::SCWMssOS::_sleeptimer.o ps7_cortexa9_0/lib/xil_spinlock.o ps7_cortexa9_0/lib/xil_testcache.o ps7_cortexa9_0/lib/xil_testio.o ps7_cortexa9
TRACE::2026-07-22.14:29:59::SCWMssOS::_0/lib/xil_testmem.o ps7_cortexa9_0/lib/xil_util.o ps7_cortexa9_0/lib/xinterrupt_wrap.o ps7_cortexa9_0/lib/xl2cc_counter.o ps7_
TRACE::2026-07-22.14:29:59::SCWMssOS::cortexa9_0/lib/xplatform_info.o ps7_cortexa9_0/lib/xpm_counter.o ps7_cortexa9_0/lib/xqspips.o ps7_cortexa9_0/lib/xqspips_g.o ps
TRACE::2026-07-22.14:29:59::SCWMssOS::7_cortexa9_0/lib/xqspips_hw.o ps7_cortexa9_0/lib/xqspips_options.o ps7_cortexa9_0/lib/xqspips_selftest.o ps7_cortexa9_0/lib/xqs
TRACE::2026-07-22.14:29:59::SCWMssOS::pips_sinit.o ps7_cortexa9_0/lib/xscugic.o ps7_cortexa9_0/lib/xscugic_g.o ps7_cortexa9_0/lib/xscugic_hw.o ps7_cortexa9_0/lib/xsc
TRACE::2026-07-22.14:29:59::SCWMssOS::ugic_intr.o ps7_cortexa9_0/lib/xscugic_selftest.o ps7_cortexa9_0/lib/xscugic_sinit.o ps7_cortexa9_0/lib/xscutimer.o ps7_cortexa
TRACE::2026-07-22.14:29:59::SCWMssOS::9_0/lib/xscutimer_g.o ps7_cortexa9_0/lib/xscutimer_selftest.o ps7_cortexa9_0/lib/xscutimer_sinit.o ps7_cortexa9_0/lib/xscuwdt.o
TRACE::2026-07-22.14:29:59::SCWMssOS:: ps7_cortexa9_0/lib/xscuwdt_g.o ps7_cortexa9_0/lib/xscuwdt_selftest.o ps7_cortexa9_0/lib/xscuwdt_sinit.o ps7_cortexa9_0/lib/xsd
TRACE::2026-07-22.14:29:59::SCWMssOS::ps.o ps7_cortexa9_0/lib/xsdps_card.o ps7_cortexa9_0/lib/xsdps_g.o ps7_cortexa9_0/lib/xsdps_host.o ps7_cortexa9_0/lib/xsdps_opti
TRACE::2026-07-22.14:29:59::SCWMssOS::ons.o ps7_cortexa9_0/lib/xsdps_sinit.o ps7_cortexa9_0/lib/xspips.o ps7_cortexa9_0/lib/xspips_g.o ps7_cortexa9_0/lib/xspips_hw.o
TRACE::2026-07-22.14:29:59::SCWMssOS:: ps7_cortexa9_0/lib/xspips_options.o ps7_cortexa9_0/lib/xspips_selftest.o ps7_cortexa9_0/lib/xspips_sinit.o ps7_cortexa9_0/lib/
TRACE::2026-07-22.14:29:59::SCWMssOS::xtime_l.o ps7_cortexa9_0/lib/xuartps.o ps7_cortexa9_0/lib/xuartps_g.o ps7_cortexa9_0/lib/xuartps_hw.o ps7_cortexa9_0/lib/xuartp
TRACE::2026-07-22.14:29:59::SCWMssOS::s_intr.o ps7_cortexa9_0/lib/xuartps_options.o ps7_cortexa9_0/lib/xuartps_selftest.o ps7_cortexa9_0/lib/xuartps_sinit.o ps7_cort
TRACE::2026-07-22.14:29:59::SCWMssOS::exa9_0/lib/xusbps.o ps7_cortexa9_0/lib/xusbps_endpoint.o ps7_cortexa9_0/lib/xusbps_g.o ps7_cortexa9_0/lib/xusbps_hw.o ps7_corte
TRACE::2026-07-22.14:29:59::SCWMssOS::xa9_0/lib/xusbps_intr.o ps7_cortexa9_0/lib/xusbps_sinit.o

TRACE::2026-07-22.14:29:59::SCWMssOS::Finished building libraries

TRACE::2026-07-22.14:29:59::SCWMssOS:: Checking if to create the Supporting Applications
TRACE::2026-07-22.14:29:59::SCWMssOS:: No Linux domain exists, trying to generate FSBL 
LOG::2026-07-22.14:29:59::SCWSystem::Completed Processing the domain standalone_domain
LOG::2026-07-22.14:29:59::SCWSystem::Completed Processing the sysconfig milestone2
LOG::2026-07-22.14:29:59::SCWPlatform::Completed generating the artifacts for system configuration milestone2
TRACE::2026-07-22.14:29:59::SCWPlatform::Started preparing the platform 
TRACE::2026-07-22.14:29:59::SCWSystem::Writing the bif file for system config milestone2
TRACE::2026-07-22.14:29:59::SCWSystem::dir created 
TRACE::2026-07-22.14:29:59::SCWSystem::Writing the bif 
TRACE::2026-07-22.14:29:59::SCWPlatform::Started writing the spfm file 
TRACE::2026-07-22.14:29:59::SCWPlatform::Started writing the xpfm file 
TRACE::2026-07-22.14:29:59::SCWPlatform::Completed generating the platform
TRACE::2026-07-22.14:29:59::SCWMssOS::Saving the mss changes /home/ran/Documents/uni/s10/asip_lab/vitis_ws/milestone2/zynq_fsbl/zynq_fsbl_bsp/system.mss
TRACE::2026-07-22.14:29:59::SCWMssOS::Found a swdesign opened with the mssfile.
TRACE::2026-07-22.14:29:59::SCWMssOS::Completed writemss as part of save.
TRACE::2026-07-22.14:29:59::SCWMssOS::Commit changes completed.
TRACE::2026-07-22.14:29:59::SCWMssOS::Saving the mss changes /home/ran/Documents/uni/s10/asip_lab/vitis_ws/milestone2/ps7_cortexa9_0/standalone_domain/bsp/system.mss
TRACE::2026-07-22.14:29:59::SCWMssOS::Adding the swdes entry, mss present, able to open swdb /home/ran/Documents/uni/s10/asip_lab/vitis_ws/milestone2/ps7_cortexa9_0/standalone_domain/bsp/system.mss with des name system_0
TRACE::2026-07-22.14:29:59::SCWMssOS::Writing the mss file completed /home/ran/Documents/uni/s10/asip_lab/vitis_ws/milestone2/ps7_cortexa9_0/standalone_domain/bsp/system.mss
TRACE::2026-07-22.14:29:59::SCWMssOS::Commit changes completed.
TRACE::2026-07-22.14:29:59::SCWPlatform::Trying to open the hw design at /home/ran/Documents/uni/s10/asip_lab/vitis_ws/milestone2/hw/design_1_wrapper.xsa
TRACE::2026-07-22.14:29:59::SCWPlatform::DSA given /home/ran/Documents/uni/s10/asip_lab/vitis_ws/milestone2/hw/design_1_wrapper.xsa
TRACE::2026-07-22.14:29:59::SCWPlatform::DSA absoulate path /home/ran/Documents/uni/s10/asip_lab/vitis_ws/milestone2/hw/design_1_wrapper.xsa
TRACE::2026-07-22.14:29:59::SCWPlatform::DSA directory /home/ran/Documents/uni/s10/asip_lab/vitis_ws/milestone2/hw
TRACE::2026-07-22.14:29:59::SCWPlatform:: Platform Path /home/ran/Documents/uni/s10/asip_lab/vitis_ws/milestone2/hw/design_1_wrapper.xsa
TRACE::2026-07-22.14:29:59::SCWPlatform:: Unique name xilinx:::0.0
TRACE::2026-07-22.14:29:59::SCWPlatform::Trying to set the existing hwdb with name design_1_wrapper_3
TRACE::2026-07-22.14:29:59::SCWPlatform::Opened existing hwdb design_1_wrapper_3
TRACE::2026-07-22.14:29:59::SCWPlatform::Found the Hw Db part of the input DSA
TRACE::2026-07-22.14:29:59::SCWMssOS::Checking the sw design at  /home/ran/Documents/uni/s10/asip_lab/vitis_ws/milestone2/zynq_fsbl/zynq_fsbl_bsp/system.mss
TRACE::2026-07-22.14:29:59::SCWMssOS::DEBUG:  swdes dump  /home/ran/Documents/uni/s10/asip_lab/vitis_ws/milestone2/ps7_cortexa9_0/standalone_domain/bsp/system.mss|system_0||
/home/ran/Documents/uni/s10/asip_lab/vitis_ws/milestone2/zynq_fsbl/zynq_fsbl_bsp/system.mss|system||

TRACE::2026-07-22.14:29:59::SCWMssOS::Sw design exists and opened at  /home/ran/Documents/uni/s10/asip_lab/vitis_ws/milestone2/zynq_fsbl/zynq_fsbl_bsp/system.mss
TRACE::2026-07-22.14:29:59::SCWPlatform::Trying to open the hw design at /home/ran/Documents/uni/s10/asip_lab/vitis_ws/milestone2/hw/design_1_wrapper.xsa
TRACE::2026-07-22.14:29:59::SCWPlatform::DSA given /home/ran/Documents/uni/s10/asip_lab/vitis_ws/milestone2/hw/design_1_wrapper.xsa
TRACE::2026-07-22.14:29:59::SCWPlatform::DSA absoulate path /home/ran/Documents/uni/s10/asip_lab/vitis_ws/milestone2/hw/design_1_wrapper.xsa
TRACE::2026-07-22.14:29:59::SCWPlatform::DSA directory /home/ran/Documents/uni/s10/asip_lab/vitis_ws/milestone2/hw
TRACE::2026-07-22.14:29:59::SCWPlatform:: Platform Path /home/ran/Documents/uni/s10/asip_lab/vitis_ws/milestone2/hw/design_1_wrapper.xsa
TRACE::2026-07-22.14:29:59::SCWPlatform:: Unique name xilinx:::0.0
TRACE::2026-07-22.14:29:59::SCWPlatform::Trying to set the existing hwdb with name design_1_wrapper_3
TRACE::2026-07-22.14:29:59::SCWPlatform::Opened existing hwdb design_1_wrapper_3
TRACE::2026-07-22.14:29:59::SCWPlatform::Found the Hw Db part of the input DSA
TRACE::2026-07-22.14:29:59::SCWMssOS::Checking the sw design at  /home/ran/Documents/uni/s10/asip_lab/vitis_ws/milestone2/ps7_cortexa9_0/standalone_domain/bsp/system.mss
TRACE::2026-07-22.14:29:59::SCWMssOS::DEBUG:  swdes dump  /home/ran/Documents/uni/s10/asip_lab/vitis_ws/milestone2/ps7_cortexa9_0/standalone_domain/bsp/system.mss|system_0||
/home/ran/Documents/uni/s10/asip_lab/vitis_ws/milestone2/zynq_fsbl/zynq_fsbl_bsp/system.mss|system||

TRACE::2026-07-22.14:29:59::SCWMssOS::Sw design exists and opened at  /home/ran/Documents/uni/s10/asip_lab/vitis_ws/milestone2/ps7_cortexa9_0/standalone_domain/bsp/system.mss
TRACE::2026-07-22.14:29:59::SCWWriter::formatted JSON is {
	"platformName":	"milestone2",
	"sprVersion":	"2.0",
	"mode":	"gui",
	"dsaType":	"Fixed",
	"platformDesc":	"milestone2",
	"platHandOff":	"/home/ran/Documents/uni/s10/asip_lab/final_project/design_1_wrapper.xsa",
	"platIntHandOff":	"<platformDir>/hw/design_1_wrapper.xsa",
	"deviceType":	"zynq",
	"platIsPrebuiltAutogen":	"false",
	"platIsNoBootBsp":	"false",
	"hasFsblMakeHasChanges":	"false",
	"hasPmufwMakeHasChanges":	"false",
	"fsblExtraCompilerFlags":	"-MMD -MP       -mcpu=cortex-a9 -mfpu=vfpv3 -mfloat-abi=hard ",
	"platPreBuiltFlag":	false,
	"platformSamplesDir":	"",
	"platActiveSys":	"milestone2",
	"systems":	[{
			"systemName":	"milestone2",
			"systemDesc":	"milestone2",
			"sysIsBootAutoGen":	"true",
			"systemDispName":	"milestone2",
			"sysActiveDom":	"zynq_fsbl",
			"sysDefaultDom":	"standalone_domain",
			"domains":	[{
					"domainName":	"zynq_fsbl",
					"domainDispName":	"zynq_fsbl",
					"domainDesc":	"FSBL Application BSP - Auto Generated.",
					"processors":	"ps7_cortexa9_0",
					"os":	"standalone",
					"sdxOs":	"standalone",
					"debugEnable":	"",
					"domRuntimes":	["cpp"],
					"swRepo":	"",
					"mssOsVer":	"8.0",
					"mssFile":	"",
					"md5Digest":	"5190a0a8ca228895166de3d006f5d4d11",
					"compatibleApp":	"zynq_fsbl",
					"domType":	"bootDomain",
					"arch":	"32-bit",
					"appSettings":	{
						"appCompilerFlags":	"",
						"appLinkerFlags":	""
					},
					"addedLibs":	["xilffs:4.8", "xilrsa:1.6"],
					"libOptions":	{
						"standalone":	{
							"stdin":	"ps7_coresight_comp_0",
							"stdout":	"ps7_coresight_comp_0",
							"libOptionNames":	["stdin", "stdout"]
						},
						"libsContainingOptions":	["standalone"]
					},
					"prebuiltLibs":	{
						"prebuiltIncPath":	[],
						"prebuiltLibPath":	[]
					},
					"isolation":	{
					}
				}, {
					"domainName":	"standalone_domain",
					"domainDispName":	"standalone on ps7_cortexa9_0",
					"domainDesc":	"standalone_domain",
					"processors":	"ps7_cortexa9_0",
					"os":	"standalone",
					"sdxOs":	"standalone",
					"qemuArgs":	"<platformDir>/resources/milestone2/standalone_domain/qemu_args.txt",
					"qemuData":	"<platformDir>/resources/milestone2/standalone_domain/qemu",
					"debugEnable":	"False",
					"domRuntimes":	["cpp"],
					"swRepo":	"",
					"mssOsVer":	"8.0",
					"mssFile":	"",
					"md5Digest":	"25886e0fbe9d4ff5df7468588603f3f0",
					"compatibleApp":	"",
					"domType":	"mssDomain",
					"appSettings":	{
						"appCompilerFlags":	"",
						"appLinkerFlags":	""
					},
					"addedLibs":	[],
					"libOptions":	{
						"standalone":	{
							"stdin":	"ps7_coresight_comp_0",
							"stdout":	"ps7_coresight_comp_0",
							"libOptionNames":	["stdin", "stdout"]
						},
						"libsContainingOptions":	["standalone"]
					},
					"prebuiltLibs":	{
						"prebuiltIncPath":	[],
						"prebuiltLibPath":	[]
					},
					"isolation":	{
					}
				}]
		}]
}
KEYINFO::2026-07-22.14:29:59::SCWPlatform::updated the xpfm file.
TRACE::2026-07-22.14:29:59::SCWPlatform::Trying to open the hw design at /home/ran/Documents/uni/s10/asip_lab/vitis_ws/milestone2/hw/design_1_wrapper.xsa
TRACE::2026-07-22.14:29:59::SCWPlatform::DSA given /home/ran/Documents/uni/s10/asip_lab/vitis_ws/milestone2/hw/design_1_wrapper.xsa
TRACE::2026-07-22.14:29:59::SCWPlatform::DSA absoulate path /home/ran/Documents/uni/s10/asip_lab/vitis_ws/milestone2/hw/design_1_wrapper.xsa
TRACE::2026-07-22.14:29:59::SCWPlatform::DSA directory /home/ran/Documents/uni/s10/asip_lab/vitis_ws/milestone2/hw
TRACE::2026-07-22.14:29:59::SCWPlatform:: Platform Path /home/ran/Documents/uni/s10/asip_lab/vitis_ws/milestone2/hw/design_1_wrapper.xsa
TRACE::2026-07-22.14:29:59::SCWPlatform:: Unique name xilinx:::0.0
TRACE::2026-07-22.14:29:59::SCWPlatform::Trying to set the existing hwdb with name design_1_wrapper_3
TRACE::2026-07-22.14:29:59::SCWPlatform::Opened existing hwdb design_1_wrapper_3
TRACE::2026-07-22.14:29:59::SCWPlatform::Found the Hw Db part of the input DSA
TRACE::2026-07-22.14:29:59::SCWMssOS::Checking the sw design at  /home/ran/Documents/uni/s10/asip_lab/vitis_ws/milestone2/ps7_cortexa9_0/standalone_domain/bsp/system.mss
TRACE::2026-07-22.14:29:59::SCWMssOS::DEBUG:  swdes dump  /home/ran/Documents/uni/s10/asip_lab/vitis_ws/milestone2/ps7_cortexa9_0/standalone_domain/bsp/system.mss|system_0||
/home/ran/Documents/uni/s10/asip_lab/vitis_ws/milestone2/zynq_fsbl/zynq_fsbl_bsp/system.mss|system||

TRACE::2026-07-22.14:29:59::SCWMssOS::Sw design exists and opened at  /home/ran/Documents/uni/s10/asip_lab/vitis_ws/milestone2/ps7_cortexa9_0/standalone_domain/bsp/system.mss
TRACE::2026-07-25.16:44:05::SCWPlatform::Trying to open the hw design at /home/ran/Documents/uni/s10/asip_lab/vitis_ws/milestone2/hw/design_1_wrapper.xsa
TRACE::2026-07-25.16:44:05::SCWPlatform::DSA given /home/ran/Documents/uni/s10/asip_lab/vitis_ws/milestone2/hw/design_1_wrapper.xsa
TRACE::2026-07-25.16:44:05::SCWPlatform::DSA absoulate path /home/ran/Documents/uni/s10/asip_lab/vitis_ws/milestone2/hw/design_1_wrapper.xsa
TRACE::2026-07-25.16:44:05::SCWPlatform::DSA directory /home/ran/Documents/uni/s10/asip_lab/vitis_ws/milestone2/hw
TRACE::2026-07-25.16:44:05::SCWPlatform:: Platform Path /home/ran/Documents/uni/s10/asip_lab/vitis_ws/milestone2/hw/design_1_wrapper.xsa
TRACE::2026-07-25.16:44:05::SCWPlatform:: Unique name xilinx:::0.0
TRACE::2026-07-25.16:44:05::SCWPlatform::Do not have an existing db opened. 
TRACE::2026-07-25.16:44:06::SCWPlatform::Opened new HwDB with name design_1_wrapper
TRACE::2026-07-25.16:44:06::SCWReader::Active system found as  milestone2
TRACE::2026-07-25.16:44:06::SCWReader::Handling sysconfig milestone2
TRACE::2026-07-25.16:44:06::SCWDomain::checking for install qemu data   : 
TRACE::2026-07-25.16:44:06::SCWDomain:: Using the QEMU Data from install at  : /home/ran/bin/Xilinx/Vitis/2022.2/data/emulation/platforms/zynq/sw/a9_standalone/qemu/
TRACE::2026-07-25.16:44:06::SCWDomain:: Using the QEMU args  from install at  : /home/ran/bin/Xilinx/Vitis/2022.2/data/emulation/platforms/zynq/sw/a9_standalone/qemu/qemu_args.txt
TRACE::2026-07-25.16:44:06::SCWPlatform::Trying to open the hw design at /home/ran/Documents/uni/s10/asip_lab/vitis_ws/milestone2/hw/design_1_wrapper.xsa
TRACE::2026-07-25.16:44:06::SCWPlatform::DSA given /home/ran/Documents/uni/s10/asip_lab/vitis_ws/milestone2/hw/design_1_wrapper.xsa
TRACE::2026-07-25.16:44:06::SCWPlatform::DSA absoulate path /home/ran/Documents/uni/s10/asip_lab/vitis_ws/milestone2/hw/design_1_wrapper.xsa
TRACE::2026-07-25.16:44:06::SCWPlatform::DSA directory /home/ran/Documents/uni/s10/asip_lab/vitis_ws/milestone2/hw
TRACE::2026-07-25.16:44:06::SCWPlatform:: Platform Path /home/ran/Documents/uni/s10/asip_lab/vitis_ws/milestone2/hw/design_1_wrapper.xsa
TRACE::2026-07-25.16:44:06::SCWPlatform:: Unique name xilinx:::0.0
TRACE::2026-07-25.16:44:06::SCWPlatform::Trying to set the existing hwdb with name design_1_wrapper
TRACE::2026-07-25.16:44:06::SCWPlatform::Opened existing hwdb design_1_wrapper
TRACE::2026-07-25.16:44:06::SCWPlatform::Found the Hw Db part of the input DSA
TRACE::2026-07-25.16:44:06::SCWPlatform::Trying to open the hw design at /home/ran/Documents/uni/s10/asip_lab/vitis_ws/milestone2/hw/design_1_wrapper.xsa
TRACE::2026-07-25.16:44:06::SCWPlatform::DSA given /home/ran/Documents/uni/s10/asip_lab/vitis_ws/milestone2/hw/design_1_wrapper.xsa
TRACE::2026-07-25.16:44:06::SCWPlatform::DSA absoulate path /home/ran/Documents/uni/s10/asip_lab/vitis_ws/milestone2/hw/design_1_wrapper.xsa
TRACE::2026-07-25.16:44:06::SCWPlatform::DSA directory /home/ran/Documents/uni/s10/asip_lab/vitis_ws/milestone2/hw
TRACE::2026-07-25.16:44:06::SCWPlatform:: Platform Path /home/ran/Documents/uni/s10/asip_lab/vitis_ws/milestone2/hw/design_1_wrapper.xsa
TRACE::2026-07-25.16:44:06::SCWPlatform:: Unique name xilinx:::0.0
TRACE::2026-07-25.16:44:06::SCWPlatform::Trying to set the existing hwdb with name design_1_wrapper
TRACE::2026-07-25.16:44:06::SCWPlatform::Opened existing hwdb design_1_wrapper
TRACE::2026-07-25.16:44:06::SCWPlatform::Found the Hw Db part of the input DSA
TRACE::2026-07-25.16:44:06::SCWPlatform::Trying to open the hw design at /home/ran/Documents/uni/s10/asip_lab/vitis_ws/milestone2/hw/design_1_wrapper.xsa
TRACE::2026-07-25.16:44:06::SCWPlatform::DSA given /home/ran/Documents/uni/s10/asip_lab/vitis_ws/milestone2/hw/design_1_wrapper.xsa
TRACE::2026-07-25.16:44:06::SCWPlatform::DSA absoulate path /home/ran/Documents/uni/s10/asip_lab/vitis_ws/milestone2/hw/design_1_wrapper.xsa
TRACE::2026-07-25.16:44:06::SCWPlatform::DSA directory /home/ran/Documents/uni/s10/asip_lab/vitis_ws/milestone2/hw
TRACE::2026-07-25.16:44:06::SCWPlatform:: Platform Path /home/ran/Documents/uni/s10/asip_lab/vitis_ws/milestone2/hw/design_1_wrapper.xsa
TRACE::2026-07-25.16:44:06::SCWPlatform:: Unique name xilinx:::0.0
TRACE::2026-07-25.16:44:06::SCWPlatform::Trying to set the existing hwdb with name design_1_wrapper
TRACE::2026-07-25.16:44:06::SCWPlatform::Opened existing hwdb design_1_wrapper
TRACE::2026-07-25.16:44:06::SCWPlatform::Found the Hw Db part of the input DSA
TRACE::2026-07-25.16:44:06::SCWReader::Boot application domain added for zynq_fsbl
TRACE::2026-07-25.16:44:06::SCWPlatform::Trying to open the hw design at /home/ran/Documents/uni/s10/asip_lab/vitis_ws/milestone2/hw/design_1_wrapper.xsa
TRACE::2026-07-25.16:44:06::SCWPlatform::DSA given /home/ran/Documents/uni/s10/asip_lab/vitis_ws/milestone2/hw/design_1_wrapper.xsa
TRACE::2026-07-25.16:44:06::SCWPlatform::DSA absoulate path /home/ran/Documents/uni/s10/asip_lab/vitis_ws/milestone2/hw/design_1_wrapper.xsa
TRACE::2026-07-25.16:44:06::SCWPlatform::DSA directory /home/ran/Documents/uni/s10/asip_lab/vitis_ws/milestone2/hw
TRACE::2026-07-25.16:44:06::SCWPlatform:: Platform Path /home/ran/Documents/uni/s10/asip_lab/vitis_ws/milestone2/hw/design_1_wrapper.xsa
TRACE::2026-07-25.16:44:06::SCWPlatform:: Unique name xilinx:::0.0
TRACE::2026-07-25.16:44:06::SCWPlatform::Trying to set the existing hwdb with name design_1_wrapper
TRACE::2026-07-25.16:44:06::SCWPlatform::Opened existing hwdb design_1_wrapper
TRACE::2026-07-25.16:44:06::SCWPlatform::Found the Hw Db part of the input DSA
TRACE::2026-07-25.16:44:06::SCWMssOS::Checking the sw design at  /home/ran/Documents/uni/s10/asip_lab/vitis_ws/milestone2/zynq_fsbl/zynq_fsbl_bsp/system.mss
TRACE::2026-07-25.16:44:06::SCWMssOS::DEBUG:  swdes dump  
TRACE::2026-07-25.16:44:06::SCWMssOS::No sw design opened at  /home/ran/Documents/uni/s10/asip_lab/vitis_ws/milestone2/zynq_fsbl/zynq_fsbl_bsp/system.mss
TRACE::2026-07-25.16:44:06::SCWMssOS::mss exists loading the mss file  /home/ran/Documents/uni/s10/asip_lab/vitis_ws/milestone2/zynq_fsbl/zynq_fsbl_bsp/system.mss
TRACE::2026-07-25.16:44:06::SCWMssOS::Opened the sw design from mss  /home/ran/Documents/uni/s10/asip_lab/vitis_ws/milestone2/zynq_fsbl/zynq_fsbl_bsp/system.mss
TRACE::2026-07-25.16:44:06::SCWMssOS::Adding the swdes entry /home/ran/Documents/uni/s10/asip_lab/vitis_ws/milestone2/zynq_fsbl/zynq_fsbl_bsp/system.mss with des name system
TRACE::2026-07-25.16:44:06::SCWMssOS::updating the scw layer about changes
TRACE::2026-07-25.16:44:06::SCWMssOS::Opened the sw design.  /home/ran/Documents/uni/s10/asip_lab/vitis_ws/milestone2/zynq_fsbl/zynq_fsbl_bsp/system.mss
TRACE::2026-07-25.16:44:06::SCWPlatform::Trying to open the hw design at /home/ran/Documents/uni/s10/asip_lab/vitis_ws/milestone2/hw/design_1_wrapper.xsa
TRACE::2026-07-25.16:44:06::SCWPlatform::DSA given /home/ran/Documents/uni/s10/asip_lab/vitis_ws/milestone2/hw/design_1_wrapper.xsa
TRACE::2026-07-25.16:44:06::SCWPlatform::DSA absoulate path /home/ran/Documents/uni/s10/asip_lab/vitis_ws/milestone2/hw/design_1_wrapper.xsa
TRACE::2026-07-25.16:44:06::SCWPlatform::DSA directory /home/ran/Documents/uni/s10/asip_lab/vitis_ws/milestone2/hw
TRACE::2026-07-25.16:44:06::SCWPlatform:: Platform Path /home/ran/Documents/uni/s10/asip_lab/vitis_ws/milestone2/hw/design_1_wrapper.xsa
TRACE::2026-07-25.16:44:06::SCWPlatform:: Unique name xilinx:::0.0
TRACE::2026-07-25.16:44:06::SCWPlatform::Trying to set the existing hwdb with name design_1_wrapper
TRACE::2026-07-25.16:44:06::SCWPlatform::Opened existing hwdb design_1_wrapper
TRACE::2026-07-25.16:44:06::SCWPlatform::Found the Hw Db part of the input DSA
TRACE::2026-07-25.16:44:06::SCWMssOS::Checking the sw design at  /home/ran/Documents/uni/s10/asip_lab/vitis_ws/milestone2/zynq_fsbl/zynq_fsbl_bsp/system.mss
TRACE::2026-07-25.16:44:06::SCWMssOS::DEBUG:  swdes dump  /home/ran/Documents/uni/s10/asip_lab/vitis_ws/milestone2/zynq_fsbl/zynq_fsbl_bsp/system.mss|system||

TRACE::2026-07-25.16:44:06::SCWMssOS::Sw design exists and opened at  /home/ran/Documents/uni/s10/asip_lab/vitis_ws/milestone2/zynq_fsbl/zynq_fsbl_bsp/system.mss
TRACE::2026-07-25.16:44:06::SCWMssOS:: library already available in sw design:  xilffs:4.8
TRACE::2026-07-25.16:44:06::SCWPlatform::Trying to open the hw design at /home/ran/Documents/uni/s10/asip_lab/vitis_ws/milestone2/hw/design_1_wrapper.xsa
TRACE::2026-07-25.16:44:06::SCWPlatform::DSA given /home/ran/Documents/uni/s10/asip_lab/vitis_ws/milestone2/hw/design_1_wrapper.xsa
TRACE::2026-07-25.16:44:06::SCWPlatform::DSA absoulate path /home/ran/Documents/uni/s10/asip_lab/vitis_ws/milestone2/hw/design_1_wrapper.xsa
TRACE::2026-07-25.16:44:06::SCWPlatform::DSA directory /home/ran/Documents/uni/s10/asip_lab/vitis_ws/milestone2/hw
TRACE::2026-07-25.16:44:06::SCWPlatform:: Platform Path /home/ran/Documents/uni/s10/asip_lab/vitis_ws/milestone2/hw/design_1_wrapper.xsa
TRACE::2026-07-25.16:44:06::SCWPlatform:: Unique name xilinx:::0.0
TRACE::2026-07-25.16:44:06::SCWPlatform::Trying to set the existing hwdb with name design_1_wrapper
TRACE::2026-07-25.16:44:06::SCWPlatform::Opened existing hwdb design_1_wrapper
TRACE::2026-07-25.16:44:06::SCWPlatform::Found the Hw Db part of the input DSA
TRACE::2026-07-25.16:44:06::SCWMssOS::Checking the sw design at  /home/ran/Documents/uni/s10/asip_lab/vitis_ws/milestone2/zynq_fsbl/zynq_fsbl_bsp/system.mss
TRACE::2026-07-25.16:44:06::SCWMssOS::DEBUG:  swdes dump  /home/ran/Documents/uni/s10/asip_lab/vitis_ws/milestone2/zynq_fsbl/zynq_fsbl_bsp/system.mss|system||

TRACE::2026-07-25.16:44:06::SCWMssOS::Sw design exists and opened at  /home/ran/Documents/uni/s10/asip_lab/vitis_ws/milestone2/zynq_fsbl/zynq_fsbl_bsp/system.mss
TRACE::2026-07-25.16:44:06::SCWMssOS:: library already available in sw design:  xilrsa:1.6
TRACE::2026-07-25.16:44:06::SCWPlatform::Trying to open the hw design at /home/ran/Documents/uni/s10/asip_lab/vitis_ws/milestone2/hw/design_1_wrapper.xsa
TRACE::2026-07-25.16:44:06::SCWPlatform::DSA given /home/ran/Documents/uni/s10/asip_lab/vitis_ws/milestone2/hw/design_1_wrapper.xsa
TRACE::2026-07-25.16:44:06::SCWPlatform::DSA absoulate path /home/ran/Documents/uni/s10/asip_lab/vitis_ws/milestone2/hw/design_1_wrapper.xsa
TRACE::2026-07-25.16:44:06::SCWPlatform::DSA directory /home/ran/Documents/uni/s10/asip_lab/vitis_ws/milestone2/hw
TRACE::2026-07-25.16:44:06::SCWPlatform:: Platform Path /home/ran/Documents/uni/s10/asip_lab/vitis_ws/milestone2/hw/design_1_wrapper.xsa
TRACE::2026-07-25.16:44:06::SCWPlatform:: Unique name xilinx:::0.0
TRACE::2026-07-25.16:44:06::SCWPlatform::Trying to set the existing hwdb with name design_1_wrapper
TRACE::2026-07-25.16:44:06::SCWPlatform::Opened existing hwdb design_1_wrapper
TRACE::2026-07-25.16:44:06::SCWPlatform::Found the Hw Db part of the input DSA
TRACE::2026-07-25.16:44:06::SCWMssOS::Checking the sw design at  /home/ran/Documents/uni/s10/asip_lab/vitis_ws/milestone2/zynq_fsbl/zynq_fsbl_bsp/system.mss
TRACE::2026-07-25.16:44:06::SCWMssOS::DEBUG:  swdes dump  /home/ran/Documents/uni/s10/asip_lab/vitis_ws/milestone2/zynq_fsbl/zynq_fsbl_bsp/system.mss|system||

TRACE::2026-07-25.16:44:06::SCWMssOS::Sw design exists and opened at  /home/ran/Documents/uni/s10/asip_lab/vitis_ws/milestone2/zynq_fsbl/zynq_fsbl_bsp/system.mss
TRACE::2026-07-25.16:44:06::SCWPlatform::Trying to open the hw design at /home/ran/Documents/uni/s10/asip_lab/vitis_ws/milestone2/hw/design_1_wrapper.xsa
TRACE::2026-07-25.16:44:06::SCWPlatform::DSA given /home/ran/Documents/uni/s10/asip_lab/vitis_ws/milestone2/hw/design_1_wrapper.xsa
TRACE::2026-07-25.16:44:06::SCWPlatform::DSA absoulate path /home/ran/Documents/uni/s10/asip_lab/vitis_ws/milestone2/hw/design_1_wrapper.xsa
TRACE::2026-07-25.16:44:06::SCWPlatform::DSA directory /home/ran/Documents/uni/s10/asip_lab/vitis_ws/milestone2/hw
TRACE::2026-07-25.16:44:06::SCWPlatform:: Platform Path /home/ran/Documents/uni/s10/asip_lab/vitis_ws/milestone2/hw/design_1_wrapper.xsa
TRACE::2026-07-25.16:44:06::SCWPlatform:: Unique name xilinx:::0.0
TRACE::2026-07-25.16:44:06::SCWPlatform::Trying to set the existing hwdb with name design_1_wrapper
TRACE::2026-07-25.16:44:06::SCWPlatform::Opened existing hwdb design_1_wrapper
TRACE::2026-07-25.16:44:06::SCWPlatform::Found the Hw Db part of the input DSA
TRACE::2026-07-25.16:44:06::SCWMssOS::Checking the sw design at  /home/ran/Documents/uni/s10/asip_lab/vitis_ws/milestone2/zynq_fsbl/zynq_fsbl_bsp/system.mss
TRACE::2026-07-25.16:44:06::SCWMssOS::DEBUG:  swdes dump  /home/ran/Documents/uni/s10/asip_lab/vitis_ws/milestone2/zynq_fsbl/zynq_fsbl_bsp/system.mss|system||

TRACE::2026-07-25.16:44:06::SCWMssOS::Sw design exists and opened at  /home/ran/Documents/uni/s10/asip_lab/vitis_ws/milestone2/zynq_fsbl/zynq_fsbl_bsp/system.mss
TRACE::2026-07-25.16:44:06::SCWPlatform::Trying to open the hw design at /home/ran/Documents/uni/s10/asip_lab/vitis_ws/milestone2/hw/design_1_wrapper.xsa
TRACE::2026-07-25.16:44:06::SCWPlatform::DSA given /home/ran/Documents/uni/s10/asip_lab/vitis_ws/milestone2/hw/design_1_wrapper.xsa
TRACE::2026-07-25.16:44:06::SCWPlatform::DSA absoulate path /home/ran/Documents/uni/s10/asip_lab/vitis_ws/milestone2/hw/design_1_wrapper.xsa
TRACE::2026-07-25.16:44:06::SCWPlatform::DSA directory /home/ran/Documents/uni/s10/asip_lab/vitis_ws/milestone2/hw
TRACE::2026-07-25.16:44:06::SCWPlatform:: Platform Path /home/ran/Documents/uni/s10/asip_lab/vitis_ws/milestone2/hw/design_1_wrapper.xsa
TRACE::2026-07-25.16:44:06::SCWPlatform:: Unique name xilinx:::0.0
TRACE::2026-07-25.16:44:06::SCWPlatform::Trying to set the existing hwdb with name design_1_wrapper
TRACE::2026-07-25.16:44:06::SCWPlatform::Opened existing hwdb design_1_wrapper
TRACE::2026-07-25.16:44:06::SCWPlatform::Found the Hw Db part of the input DSA
TRACE::2026-07-25.16:44:06::SCWMssOS::Checking the sw design at  /home/ran/Documents/uni/s10/asip_lab/vitis_ws/milestone2/zynq_fsbl/zynq_fsbl_bsp/system.mss
TRACE::2026-07-25.16:44:06::SCWMssOS::DEBUG:  swdes dump  /home/ran/Documents/uni/s10/asip_lab/vitis_ws/milestone2/zynq_fsbl/zynq_fsbl_bsp/system.mss|system||

TRACE::2026-07-25.16:44:06::SCWMssOS::Sw design exists and opened at  /home/ran/Documents/uni/s10/asip_lab/vitis_ws/milestone2/zynq_fsbl/zynq_fsbl_bsp/system.mss
TRACE::2026-07-25.16:44:06::SCWPlatform::Trying to open the hw design at /home/ran/Documents/uni/s10/asip_lab/vitis_ws/milestone2/hw/design_1_wrapper.xsa
TRACE::2026-07-25.16:44:06::SCWPlatform::DSA given /home/ran/Documents/uni/s10/asip_lab/vitis_ws/milestone2/hw/design_1_wrapper.xsa
TRACE::2026-07-25.16:44:06::SCWPlatform::DSA absoulate path /home/ran/Documents/uni/s10/asip_lab/vitis_ws/milestone2/hw/design_1_wrapper.xsa
TRACE::2026-07-25.16:44:06::SCWPlatform::DSA directory /home/ran/Documents/uni/s10/asip_lab/vitis_ws/milestone2/hw
TRACE::2026-07-25.16:44:06::SCWPlatform:: Platform Path /home/ran/Documents/uni/s10/asip_lab/vitis_ws/milestone2/hw/design_1_wrapper.xsa
TRACE::2026-07-25.16:44:06::SCWPlatform:: Unique name xilinx:::0.0
TRACE::2026-07-25.16:44:06::SCWPlatform::Trying to set the existing hwdb with name design_1_wrapper
TRACE::2026-07-25.16:44:06::SCWPlatform::Opened existing hwdb design_1_wrapper
TRACE::2026-07-25.16:44:06::SCWPlatform::Found the Hw Db part of the input DSA
TRACE::2026-07-25.16:44:06::SCWMssOS::Checking the sw design at  /home/ran/Documents/uni/s10/asip_lab/vitis_ws/milestone2/zynq_fsbl/zynq_fsbl_bsp/system.mss
TRACE::2026-07-25.16:44:06::SCWMssOS::DEBUG:  swdes dump  /home/ran/Documents/uni/s10/asip_lab/vitis_ws/milestone2/zynq_fsbl/zynq_fsbl_bsp/system.mss|system||

TRACE::2026-07-25.16:44:06::SCWMssOS::Sw design exists and opened at  /home/ran/Documents/uni/s10/asip_lab/vitis_ws/milestone2/zynq_fsbl/zynq_fsbl_bsp/system.mss
TRACE::2026-07-25.16:44:06::SCWMssOS::Saving the mss changes /home/ran/Documents/uni/s10/asip_lab/vitis_ws/milestone2/zynq_fsbl/zynq_fsbl_bsp/system.mss
TRACE::2026-07-25.16:44:06::SCWMssOS::Found a swdesign opened with the mssfile.
TRACE::2026-07-25.16:44:06::SCWMssOS::Completed writemss as part of save.
TRACE::2026-07-25.16:44:06::SCWMssOS::Commit changes completed.
TRACE::2026-07-25.16:44:06::SCWReader::Adding prebuilt librarypaths as   
TRACE::2026-07-25.16:44:06::SCWReader::Adding prebuilt incpaths  as   
TRACE::2026-07-25.16:44:06::SCWPlatform::Trying to open the hw design at /home/ran/Documents/uni/s10/asip_lab/vitis_ws/milestone2/hw/design_1_wrapper.xsa
TRACE::2026-07-25.16:44:06::SCWPlatform::DSA given /home/ran/Documents/uni/s10/asip_lab/vitis_ws/milestone2/hw/design_1_wrapper.xsa
TRACE::2026-07-25.16:44:06::SCWPlatform::DSA absoulate path /home/ran/Documents/uni/s10/asip_lab/vitis_ws/milestone2/hw/design_1_wrapper.xsa
TRACE::2026-07-25.16:44:06::SCWPlatform::DSA directory /home/ran/Documents/uni/s10/asip_lab/vitis_ws/milestone2/hw
TRACE::2026-07-25.16:44:06::SCWPlatform:: Platform Path /home/ran/Documents/uni/s10/asip_lab/vitis_ws/milestone2/hw/design_1_wrapper.xsa
TRACE::2026-07-25.16:44:06::SCWPlatform:: Unique name xilinx:::0.0
TRACE::2026-07-25.16:44:06::SCWPlatform::Trying to set the existing hwdb with name design_1_wrapper
TRACE::2026-07-25.16:44:06::SCWPlatform::Opened existing hwdb design_1_wrapper
TRACE::2026-07-25.16:44:06::SCWPlatform::Found the Hw Db part of the input DSA
TRACE::2026-07-25.16:44:06::SCWMssOS::Checking the sw design at  /home/ran/Documents/uni/s10/asip_lab/vitis_ws/milestone2/zynq_fsbl/zynq_fsbl_bsp/system.mss
TRACE::2026-07-25.16:44:06::SCWMssOS::DEBUG:  swdes dump  /home/ran/Documents/uni/s10/asip_lab/vitis_ws/milestone2/zynq_fsbl/zynq_fsbl_bsp/system.mss|system||

TRACE::2026-07-25.16:44:06::SCWMssOS::Sw design exists and opened at  /home/ran/Documents/uni/s10/asip_lab/vitis_ws/milestone2/zynq_fsbl/zynq_fsbl_bsp/system.mss
TRACE::2026-07-25.16:44:06::SCWReader::No isolation master present  
TRACE::2026-07-25.16:44:06::SCWDomain::checking for install qemu data   : 
TRACE::2026-07-25.16:44:06::SCWDomain:: Using the QEMU Data from install at  : /home/ran/bin/Xilinx/Vitis/2022.2/data/emulation/platforms/zynq/sw/a9_standalone/qemu/
TRACE::2026-07-25.16:44:06::SCWDomain:: Using the QEMU args  from install at  : /home/ran/bin/Xilinx/Vitis/2022.2/data/emulation/platforms/zynq/sw/a9_standalone/qemu/qemu_args.txt
TRACE::2026-07-25.16:44:06::SCWPlatform::Trying to open the hw design at /home/ran/Documents/uni/s10/asip_lab/vitis_ws/milestone2/hw/design_1_wrapper.xsa
TRACE::2026-07-25.16:44:06::SCWPlatform::DSA given /home/ran/Documents/uni/s10/asip_lab/vitis_ws/milestone2/hw/design_1_wrapper.xsa
TRACE::2026-07-25.16:44:06::SCWPlatform::DSA absoulate path /home/ran/Documents/uni/s10/asip_lab/vitis_ws/milestone2/hw/design_1_wrapper.xsa
TRACE::2026-07-25.16:44:06::SCWPlatform::DSA directory /home/ran/Documents/uni/s10/asip_lab/vitis_ws/milestone2/hw
TRACE::2026-07-25.16:44:06::SCWPlatform:: Platform Path /home/ran/Documents/uni/s10/asip_lab/vitis_ws/milestone2/hw/design_1_wrapper.xsa
TRACE::2026-07-25.16:44:06::SCWPlatform:: Unique name xilinx:::0.0
TRACE::2026-07-25.16:44:06::SCWPlatform::Trying to set the existing hwdb with name design_1_wrapper
TRACE::2026-07-25.16:44:06::SCWPlatform::Opened existing hwdb design_1_wrapper
TRACE::2026-07-25.16:44:06::SCWPlatform::Found the Hw Db part of the input DSA
TRACE::2026-07-25.16:44:06::SCWPlatform::Trying to open the hw design at /home/ran/Documents/uni/s10/asip_lab/vitis_ws/milestone2/hw/design_1_wrapper.xsa
TRACE::2026-07-25.16:44:06::SCWPlatform::DSA given /home/ran/Documents/uni/s10/asip_lab/vitis_ws/milestone2/hw/design_1_wrapper.xsa
TRACE::2026-07-25.16:44:06::SCWPlatform::DSA absoulate path /home/ran/Documents/uni/s10/asip_lab/vitis_ws/milestone2/hw/design_1_wrapper.xsa
TRACE::2026-07-25.16:44:06::SCWPlatform::DSA directory /home/ran/Documents/uni/s10/asip_lab/vitis_ws/milestone2/hw
TRACE::2026-07-25.16:44:06::SCWPlatform:: Platform Path /home/ran/Documents/uni/s10/asip_lab/vitis_ws/milestone2/hw/design_1_wrapper.xsa
TRACE::2026-07-25.16:44:06::SCWPlatform:: Unique name xilinx:::0.0
TRACE::2026-07-25.16:44:06::SCWPlatform::Trying to set the existing hwdb with name design_1_wrapper
TRACE::2026-07-25.16:44:06::SCWPlatform::Opened existing hwdb design_1_wrapper
TRACE::2026-07-25.16:44:06::SCWPlatform::Found the Hw Db part of the input DSA
TRACE::2026-07-25.16:44:06::SCWPlatform::Trying to open the hw design at /home/ran/Documents/uni/s10/asip_lab/vitis_ws/milestone2/hw/design_1_wrapper.xsa
TRACE::2026-07-25.16:44:06::SCWPlatform::DSA given /home/ran/Documents/uni/s10/asip_lab/vitis_ws/milestone2/hw/design_1_wrapper.xsa
TRACE::2026-07-25.16:44:06::SCWPlatform::DSA absoulate path /home/ran/Documents/uni/s10/asip_lab/vitis_ws/milestone2/hw/design_1_wrapper.xsa
TRACE::2026-07-25.16:44:06::SCWPlatform::DSA directory /home/ran/Documents/uni/s10/asip_lab/vitis_ws/milestone2/hw
TRACE::2026-07-25.16:44:06::SCWPlatform:: Platform Path /home/ran/Documents/uni/s10/asip_lab/vitis_ws/milestone2/hw/design_1_wrapper.xsa
TRACE::2026-07-25.16:44:06::SCWPlatform:: Unique name xilinx:::0.0
TRACE::2026-07-25.16:44:06::SCWPlatform::Trying to set the existing hwdb with name design_1_wrapper
TRACE::2026-07-25.16:44:06::SCWPlatform::Opened existing hwdb design_1_wrapper
TRACE::2026-07-25.16:44:06::SCWPlatform::Found the Hw Db part of the input DSA
TRACE::2026-07-25.16:44:06::SCWMssOS::Checking the sw design at  /home/ran/Documents/uni/s10/asip_lab/vitis_ws/milestone2/ps7_cortexa9_0/standalone_domain/bsp/system.mss
TRACE::2026-07-25.16:44:06::SCWMssOS::DEBUG:  swdes dump  /home/ran/Documents/uni/s10/asip_lab/vitis_ws/milestone2/zynq_fsbl/zynq_fsbl_bsp/system.mss|system||

TRACE::2026-07-25.16:44:06::SCWMssOS::No sw design opened at  /home/ran/Documents/uni/s10/asip_lab/vitis_ws/milestone2/ps7_cortexa9_0/standalone_domain/bsp/system.mss
TRACE::2026-07-25.16:44:06::SCWMssOS::mss exists loading the mss file  /home/ran/Documents/uni/s10/asip_lab/vitis_ws/milestone2/ps7_cortexa9_0/standalone_domain/bsp/system.mss
TRACE::2026-07-25.16:44:06::SCWMssOS::Opened the sw design from mss  /home/ran/Documents/uni/s10/asip_lab/vitis_ws/milestone2/ps7_cortexa9_0/standalone_domain/bsp/system.mss
TRACE::2026-07-25.16:44:06::SCWMssOS::Adding the swdes entry /home/ran/Documents/uni/s10/asip_lab/vitis_ws/milestone2/ps7_cortexa9_0/standalone_domain/bsp/system.mss with des name system_0
TRACE::2026-07-25.16:44:06::SCWMssOS::updating the scw layer about changes
TRACE::2026-07-25.16:44:06::SCWMssOS::Opened the sw design.  /home/ran/Documents/uni/s10/asip_lab/vitis_ws/milestone2/ps7_cortexa9_0/standalone_domain/bsp/system.mss
TRACE::2026-07-25.16:44:06::SCWPlatform::Trying to open the hw design at /home/ran/Documents/uni/s10/asip_lab/vitis_ws/milestone2/hw/design_1_wrapper.xsa
TRACE::2026-07-25.16:44:06::SCWPlatform::DSA given /home/ran/Documents/uni/s10/asip_lab/vitis_ws/milestone2/hw/design_1_wrapper.xsa
TRACE::2026-07-25.16:44:06::SCWPlatform::DSA absoulate path /home/ran/Documents/uni/s10/asip_lab/vitis_ws/milestone2/hw/design_1_wrapper.xsa
TRACE::2026-07-25.16:44:06::SCWPlatform::DSA directory /home/ran/Documents/uni/s10/asip_lab/vitis_ws/milestone2/hw
TRACE::2026-07-25.16:44:06::SCWPlatform:: Platform Path /home/ran/Documents/uni/s10/asip_lab/vitis_ws/milestone2/hw/design_1_wrapper.xsa
TRACE::2026-07-25.16:44:06::SCWPlatform:: Unique name xilinx:::0.0
TRACE::2026-07-25.16:44:06::SCWPlatform::Trying to set the existing hwdb with name design_1_wrapper
TRACE::2026-07-25.16:44:06::SCWPlatform::Opened existing hwdb design_1_wrapper
TRACE::2026-07-25.16:44:06::SCWPlatform::Found the Hw Db part of the input DSA
TRACE::2026-07-25.16:44:06::SCWMssOS::Checking the sw design at  /home/ran/Documents/uni/s10/asip_lab/vitis_ws/milestone2/ps7_cortexa9_0/standalone_domain/bsp/system.mss
TRACE::2026-07-25.16:44:06::SCWMssOS::DEBUG:  swdes dump  /home/ran/Documents/uni/s10/asip_lab/vitis_ws/milestone2/ps7_cortexa9_0/standalone_domain/bsp/system.mss|system_0||
/home/ran/Documents/uni/s10/asip_lab/vitis_ws/milestone2/zynq_fsbl/zynq_fsbl_bsp/system.mss|system||

TRACE::2026-07-25.16:44:06::SCWMssOS::Sw design exists and opened at  /home/ran/Documents/uni/s10/asip_lab/vitis_ws/milestone2/ps7_cortexa9_0/standalone_domain/bsp/system.mss
TRACE::2026-07-25.16:44:06::SCWPlatform::Trying to open the hw design at /home/ran/Documents/uni/s10/asip_lab/vitis_ws/milestone2/hw/design_1_wrapper.xsa
TRACE::2026-07-25.16:44:06::SCWPlatform::DSA given /home/ran/Documents/uni/s10/asip_lab/vitis_ws/milestone2/hw/design_1_wrapper.xsa
TRACE::2026-07-25.16:44:06::SCWPlatform::DSA absoulate path /home/ran/Documents/uni/s10/asip_lab/vitis_ws/milestone2/hw/design_1_wrapper.xsa
TRACE::2026-07-25.16:44:06::SCWPlatform::DSA directory /home/ran/Documents/uni/s10/asip_lab/vitis_ws/milestone2/hw
TRACE::2026-07-25.16:44:06::SCWPlatform:: Platform Path /home/ran/Documents/uni/s10/asip_lab/vitis_ws/milestone2/hw/design_1_wrapper.xsa
TRACE::2026-07-25.16:44:06::SCWPlatform:: Unique name xilinx:::0.0
TRACE::2026-07-25.16:44:06::SCWPlatform::Trying to set the existing hwdb with name design_1_wrapper
TRACE::2026-07-25.16:44:06::SCWPlatform::Opened existing hwdb design_1_wrapper
TRACE::2026-07-25.16:44:06::SCWPlatform::Found the Hw Db part of the input DSA
TRACE::2026-07-25.16:44:06::SCWMssOS::Checking the sw design at  /home/ran/Documents/uni/s10/asip_lab/vitis_ws/milestone2/ps7_cortexa9_0/standalone_domain/bsp/system.mss
TRACE::2026-07-25.16:44:06::SCWMssOS::DEBUG:  swdes dump  /home/ran/Documents/uni/s10/asip_lab/vitis_ws/milestone2/ps7_cortexa9_0/standalone_domain/bsp/system.mss|system_0||
/home/ran/Documents/uni/s10/asip_lab/vitis_ws/milestone2/zynq_fsbl/zynq_fsbl_bsp/system.mss|system||

TRACE::2026-07-25.16:44:06::SCWMssOS::Sw design exists and opened at  /home/ran/Documents/uni/s10/asip_lab/vitis_ws/milestone2/ps7_cortexa9_0/standalone_domain/bsp/system.mss
TRACE::2026-07-25.16:44:06::SCWPlatform::Trying to open the hw design at /home/ran/Documents/uni/s10/asip_lab/vitis_ws/milestone2/hw/design_1_wrapper.xsa
TRACE::2026-07-25.16:44:06::SCWPlatform::DSA given /home/ran/Documents/uni/s10/asip_lab/vitis_ws/milestone2/hw/design_1_wrapper.xsa
TRACE::2026-07-25.16:44:06::SCWPlatform::DSA absoulate path /home/ran/Documents/uni/s10/asip_lab/vitis_ws/milestone2/hw/design_1_wrapper.xsa
TRACE::2026-07-25.16:44:06::SCWPlatform::DSA directory /home/ran/Documents/uni/s10/asip_lab/vitis_ws/milestone2/hw
TRACE::2026-07-25.16:44:06::SCWPlatform:: Platform Path /home/ran/Documents/uni/s10/asip_lab/vitis_ws/milestone2/hw/design_1_wrapper.xsa
TRACE::2026-07-25.16:44:06::SCWPlatform:: Unique name xilinx:::0.0
TRACE::2026-07-25.16:44:06::SCWPlatform::Trying to set the existing hwdb with name design_1_wrapper
TRACE::2026-07-25.16:44:06::SCWPlatform::Opened existing hwdb design_1_wrapper
TRACE::2026-07-25.16:44:06::SCWPlatform::Found the Hw Db part of the input DSA
TRACE::2026-07-25.16:44:06::SCWMssOS::Checking the sw design at  /home/ran/Documents/uni/s10/asip_lab/vitis_ws/milestone2/ps7_cortexa9_0/standalone_domain/bsp/system.mss
TRACE::2026-07-25.16:44:06::SCWMssOS::DEBUG:  swdes dump  /home/ran/Documents/uni/s10/asip_lab/vitis_ws/milestone2/ps7_cortexa9_0/standalone_domain/bsp/system.mss|system_0||
/home/ran/Documents/uni/s10/asip_lab/vitis_ws/milestone2/zynq_fsbl/zynq_fsbl_bsp/system.mss|system||

TRACE::2026-07-25.16:44:06::SCWMssOS::Sw design exists and opened at  /home/ran/Documents/uni/s10/asip_lab/vitis_ws/milestone2/ps7_cortexa9_0/standalone_domain/bsp/system.mss
TRACE::2026-07-25.16:44:06::SCWPlatform::Trying to open the hw design at /home/ran/Documents/uni/s10/asip_lab/vitis_ws/milestone2/hw/design_1_wrapper.xsa
TRACE::2026-07-25.16:44:06::SCWPlatform::DSA given /home/ran/Documents/uni/s10/asip_lab/vitis_ws/milestone2/hw/design_1_wrapper.xsa
TRACE::2026-07-25.16:44:06::SCWPlatform::DSA absoulate path /home/ran/Documents/uni/s10/asip_lab/vitis_ws/milestone2/hw/design_1_wrapper.xsa
TRACE::2026-07-25.16:44:06::SCWPlatform::DSA directory /home/ran/Documents/uni/s10/asip_lab/vitis_ws/milestone2/hw
TRACE::2026-07-25.16:44:06::SCWPlatform:: Platform Path /home/ran/Documents/uni/s10/asip_lab/vitis_ws/milestone2/hw/design_1_wrapper.xsa
TRACE::2026-07-25.16:44:06::SCWPlatform:: Unique name xilinx:::0.0
TRACE::2026-07-25.16:44:06::SCWPlatform::Trying to set the existing hwdb with name design_1_wrapper
TRACE::2026-07-25.16:44:06::SCWPlatform::Opened existing hwdb design_1_wrapper
TRACE::2026-07-25.16:44:06::SCWPlatform::Found the Hw Db part of the input DSA
TRACE::2026-07-25.16:44:06::SCWMssOS::Checking the sw design at  /home/ran/Documents/uni/s10/asip_lab/vitis_ws/milestone2/ps7_cortexa9_0/standalone_domain/bsp/system.mss
TRACE::2026-07-25.16:44:06::SCWMssOS::DEBUG:  swdes dump  /home/ran/Documents/uni/s10/asip_lab/vitis_ws/milestone2/ps7_cortexa9_0/standalone_domain/bsp/system.mss|system_0||
/home/ran/Documents/uni/s10/asip_lab/vitis_ws/milestone2/zynq_fsbl/zynq_fsbl_bsp/system.mss|system||

TRACE::2026-07-25.16:44:06::SCWMssOS::Sw design exists and opened at  /home/ran/Documents/uni/s10/asip_lab/vitis_ws/milestone2/ps7_cortexa9_0/standalone_domain/bsp/system.mss
TRACE::2026-07-25.16:44:06::SCWMssOS::Saving the mss changes /home/ran/Documents/uni/s10/asip_lab/vitis_ws/milestone2/ps7_cortexa9_0/standalone_domain/bsp/system.mss
TRACE::2026-07-25.16:44:06::SCWMssOS::Found a swdesign opened with the mssfile.
TRACE::2026-07-25.16:44:06::SCWMssOS::Completed writemss as part of save.
TRACE::2026-07-25.16:44:06::SCWMssOS::Commit changes completed.
TRACE::2026-07-25.16:44:06::SCWReader::Adding prebuilt librarypaths as   
TRACE::2026-07-25.16:44:06::SCWReader::Adding prebuilt incpaths  as   
TRACE::2026-07-25.16:44:06::SCWPlatform::Trying to open the hw design at /home/ran/Documents/uni/s10/asip_lab/vitis_ws/milestone2/hw/design_1_wrapper.xsa
TRACE::2026-07-25.16:44:06::SCWPlatform::DSA given /home/ran/Documents/uni/s10/asip_lab/vitis_ws/milestone2/hw/design_1_wrapper.xsa
TRACE::2026-07-25.16:44:06::SCWPlatform::DSA absoulate path /home/ran/Documents/uni/s10/asip_lab/vitis_ws/milestone2/hw/design_1_wrapper.xsa
TRACE::2026-07-25.16:44:06::SCWPlatform::DSA directory /home/ran/Documents/uni/s10/asip_lab/vitis_ws/milestone2/hw
TRACE::2026-07-25.16:44:06::SCWPlatform:: Platform Path /home/ran/Documents/uni/s10/asip_lab/vitis_ws/milestone2/hw/design_1_wrapper.xsa
TRACE::2026-07-25.16:44:06::SCWPlatform:: Unique name xilinx:::0.0
TRACE::2026-07-25.16:44:06::SCWPlatform::Trying to set the existing hwdb with name design_1_wrapper
TRACE::2026-07-25.16:44:06::SCWPlatform::Opened existing hwdb design_1_wrapper
TRACE::2026-07-25.16:44:06::SCWPlatform::Found the Hw Db part of the input DSA
TRACE::2026-07-25.16:44:06::SCWMssOS::Checking the sw design at  /home/ran/Documents/uni/s10/asip_lab/vitis_ws/milestone2/ps7_cortexa9_0/standalone_domain/bsp/system.mss
TRACE::2026-07-25.16:44:06::SCWMssOS::DEBUG:  swdes dump  /home/ran/Documents/uni/s10/asip_lab/vitis_ws/milestone2/ps7_cortexa9_0/standalone_domain/bsp/system.mss|system_0||
/home/ran/Documents/uni/s10/asip_lab/vitis_ws/milestone2/zynq_fsbl/zynq_fsbl_bsp/system.mss|system||

TRACE::2026-07-25.16:44:06::SCWMssOS::Sw design exists and opened at  /home/ran/Documents/uni/s10/asip_lab/vitis_ws/milestone2/ps7_cortexa9_0/standalone_domain/bsp/system.mss
TRACE::2026-07-25.16:44:06::SCWReader::No isolation master present  
TRACE::2026-07-25.16:44:11::SCWPlatform::DSA given /home/ran/Documents/uni/s10/asip_lab/vitis_ws/milestone2/tempdsa/design_1_wrapper.xsa
TRACE::2026-07-25.16:44:11::SCWPlatform::DSA absoulate path /home/ran/Documents/uni/s10/asip_lab/vitis_ws/milestone2/tempdsa/design_1_wrapper.xsa
TRACE::2026-07-25.16:44:11::SCWPlatform:: Platform location is /home/ran/Documents/uni/s10/asip_lab/vitis_ws/milestone2/tempdsa
TRACE::2026-07-25.16:44:11::SCWPlatform:: Platform Path /home/ran/Documents/uni/s10/asip_lab/vitis_ws/milestone2/tempdsa/design_1_wrapper.xsa
TRACE::2026-07-25.16:44:11::SCWPlatform:: Unique name xilinx:::0.0
TRACE::2026-07-25.16:44:12::SCWPlatform::Found the Hw Db part of the input DSA
TRACE::2026-07-25.16:44:12::SCWMssOS::Doing hw sync for the mss in domain: zynq_fsbl
TRACE::2026-07-25.16:44:12::SCWPlatform::Trying to open the hw design at /home/ran/Documents/uni/s10/asip_lab/vitis_ws/milestone2/hw/design_1_wrapper.xsa
TRACE::2026-07-25.16:44:12::SCWPlatform::DSA given /home/ran/Documents/uni/s10/asip_lab/vitis_ws/milestone2/hw/design_1_wrapper.xsa
TRACE::2026-07-25.16:44:12::SCWPlatform::DSA absoulate path /home/ran/Documents/uni/s10/asip_lab/vitis_ws/milestone2/hw/design_1_wrapper.xsa
TRACE::2026-07-25.16:44:12::SCWPlatform::DSA directory /home/ran/Documents/uni/s10/asip_lab/vitis_ws/milestone2/hw
TRACE::2026-07-25.16:44:12::SCWPlatform:: Platform Path /home/ran/Documents/uni/s10/asip_lab/vitis_ws/milestone2/hw/design_1_wrapper.xsa
TRACE::2026-07-25.16:44:12::SCWPlatform:: Unique name xilinx:::0.0
TRACE::2026-07-25.16:44:12::SCWPlatform::Trying to set the existing hwdb with name design_1_wrapper
TRACE::2026-07-25.16:44:12::SCWPlatform::Opened existing hwdb design_1_wrapper
TRACE::2026-07-25.16:44:12::SCWPlatform::Found the Hw Db part of the input DSA
TRACE::2026-07-25.16:44:12::SCWPlatform::Trying to open the hw design at /home/ran/Documents/uni/s10/asip_lab/vitis_ws/milestone2/hw/design_1_wrapper.xsa
TRACE::2026-07-25.16:44:12::SCWPlatform::DSA given /home/ran/Documents/uni/s10/asip_lab/vitis_ws/milestone2/hw/design_1_wrapper.xsa
TRACE::2026-07-25.16:44:12::SCWPlatform::DSA absoulate path /home/ran/Documents/uni/s10/asip_lab/vitis_ws/milestone2/hw/design_1_wrapper.xsa
TRACE::2026-07-25.16:44:12::SCWPlatform::DSA directory /home/ran/Documents/uni/s10/asip_lab/vitis_ws/milestone2/hw
TRACE::2026-07-25.16:44:12::SCWPlatform:: Platform Path /home/ran/Documents/uni/s10/asip_lab/vitis_ws/milestone2/hw/design_1_wrapper.xsa
TRACE::2026-07-25.16:44:12::SCWPlatform:: Unique name xilinx:::0.0
TRACE::2026-07-25.16:44:12::SCWPlatform::Trying to set the existing hwdb with name design_1_wrapper
TRACE::2026-07-25.16:44:12::SCWPlatform::Opened existing hwdb design_1_wrapper
TRACE::2026-07-25.16:44:12::SCWPlatform::Found the Hw Db part of the input DSA
TRACE::2026-07-25.16:44:12::SCWMssOS::Checking the sw design at  /home/ran/Documents/uni/s10/asip_lab/vitis_ws/milestone2/zynq_fsbl/zynq_fsbl_bsp/system.mss
TRACE::2026-07-25.16:44:12::SCWMssOS::DEBUG:  swdes dump  /home/ran/Documents/uni/s10/asip_lab/vitis_ws/milestone2/ps7_cortexa9_0/standalone_domain/bsp/system.mss|system_0||
/home/ran/Documents/uni/s10/asip_lab/vitis_ws/milestone2/zynq_fsbl/zynq_fsbl_bsp/system.mss|system||

TRACE::2026-07-25.16:44:12::SCWMssOS::Sw design exists and opened at  /home/ran/Documents/uni/s10/asip_lab/vitis_ws/milestone2/zynq_fsbl/zynq_fsbl_bsp/system.mss
TRACE::2026-07-25.16:44:12::SCWPlatform::Trying to open the hw design at /home/ran/Documents/uni/s10/asip_lab/vitis_ws/milestone2/tempdsa/design_1_wrapper.xsa
TRACE::2026-07-25.16:44:12::SCWPlatform::DSA given /home/ran/Documents/uni/s10/asip_lab/vitis_ws/milestone2/tempdsa/design_1_wrapper.xsa
TRACE::2026-07-25.16:44:12::SCWPlatform::DSA absoulate path /home/ran/Documents/uni/s10/asip_lab/vitis_ws/milestone2/tempdsa/design_1_wrapper.xsa
TRACE::2026-07-25.16:44:12::SCWPlatform::DSA directory /home/ran/Documents/uni/s10/asip_lab/vitis_ws/milestone2/tempdsa
TRACE::2026-07-25.16:44:12::SCWPlatform:: Platform Path /home/ran/Documents/uni/s10/asip_lab/vitis_ws/milestone2/tempdsa/design_1_wrapper.xsa
TRACE::2026-07-25.16:44:12::SCWPlatform:: Unique name xilinx:::0.0
TRACE::2026-07-25.16:44:12::SCWPlatform::update - Opened existing hwdb design_1_wrapper_0
TRACE::2026-07-25.16:44:12::SCWPlatform::Found the Hw Db part of the input DSA
TRACE::2026-07-25.16:44:12::SCWMssOS::Doing hw sync for the mss in domain: standalone_domain
TRACE::2026-07-25.16:44:12::SCWPlatform::Trying to open the hw design at /home/ran/Documents/uni/s10/asip_lab/vitis_ws/milestone2/hw/design_1_wrapper.xsa
TRACE::2026-07-25.16:44:12::SCWPlatform::DSA given /home/ran/Documents/uni/s10/asip_lab/vitis_ws/milestone2/hw/design_1_wrapper.xsa
TRACE::2026-07-25.16:44:12::SCWPlatform::DSA absoulate path /home/ran/Documents/uni/s10/asip_lab/vitis_ws/milestone2/hw/design_1_wrapper.xsa
TRACE::2026-07-25.16:44:12::SCWPlatform::DSA directory /home/ran/Documents/uni/s10/asip_lab/vitis_ws/milestone2/hw
TRACE::2026-07-25.16:44:12::SCWPlatform:: Platform Path /home/ran/Documents/uni/s10/asip_lab/vitis_ws/milestone2/hw/design_1_wrapper.xsa
TRACE::2026-07-25.16:44:12::SCWPlatform:: Unique name xilinx:::0.0
TRACE::2026-07-25.16:44:12::SCWPlatform::Trying to set the existing hwdb with name design_1_wrapper
TRACE::2026-07-25.16:44:12::SCWPlatform::Opened existing hwdb design_1_wrapper
TRACE::2026-07-25.16:44:12::SCWPlatform::Found the Hw Db part of the input DSA
TRACE::2026-07-25.16:44:12::SCWPlatform::Trying to open the hw design at /home/ran/Documents/uni/s10/asip_lab/vitis_ws/milestone2/hw/design_1_wrapper.xsa
TRACE::2026-07-25.16:44:12::SCWPlatform::DSA given /home/ran/Documents/uni/s10/asip_lab/vitis_ws/milestone2/hw/design_1_wrapper.xsa
TRACE::2026-07-25.16:44:12::SCWPlatform::DSA absoulate path /home/ran/Documents/uni/s10/asip_lab/vitis_ws/milestone2/hw/design_1_wrapper.xsa
TRACE::2026-07-25.16:44:12::SCWPlatform::DSA directory /home/ran/Documents/uni/s10/asip_lab/vitis_ws/milestone2/hw
TRACE::2026-07-25.16:44:12::SCWPlatform:: Platform Path /home/ran/Documents/uni/s10/asip_lab/vitis_ws/milestone2/hw/design_1_wrapper.xsa
TRACE::2026-07-25.16:44:12::SCWPlatform:: Unique name xilinx:::0.0
TRACE::2026-07-25.16:44:12::SCWPlatform::Trying to set the existing hwdb with name design_1_wrapper
TRACE::2026-07-25.16:44:12::SCWPlatform::Opened existing hwdb design_1_wrapper
TRACE::2026-07-25.16:44:12::SCWPlatform::Found the Hw Db part of the input DSA
TRACE::2026-07-25.16:44:12::SCWMssOS::Checking the sw design at  /home/ran/Documents/uni/s10/asip_lab/vitis_ws/milestone2/ps7_cortexa9_0/standalone_domain/bsp/system.mss
TRACE::2026-07-25.16:44:12::SCWMssOS::DEBUG:  swdes dump  /home/ran/Documents/uni/s10/asip_lab/vitis_ws/milestone2/ps7_cortexa9_0/standalone_domain/bsp/system.mss|system_0||
/home/ran/Documents/uni/s10/asip_lab/vitis_ws/milestone2/zynq_fsbl/zynq_fsbl_bsp/system.mss|system||

TRACE::2026-07-25.16:44:12::SCWMssOS::Sw design exists and opened at  /home/ran/Documents/uni/s10/asip_lab/vitis_ws/milestone2/ps7_cortexa9_0/standalone_domain/bsp/system.mss
TRACE::2026-07-25.16:44:12::SCWPlatform::Trying to open the hw design at /home/ran/Documents/uni/s10/asip_lab/vitis_ws/milestone2/tempdsa/design_1_wrapper.xsa
TRACE::2026-07-25.16:44:12::SCWPlatform::DSA given /home/ran/Documents/uni/s10/asip_lab/vitis_ws/milestone2/tempdsa/design_1_wrapper.xsa
TRACE::2026-07-25.16:44:12::SCWPlatform::DSA absoulate path /home/ran/Documents/uni/s10/asip_lab/vitis_ws/milestone2/tempdsa/design_1_wrapper.xsa
TRACE::2026-07-25.16:44:12::SCWPlatform::DSA directory /home/ran/Documents/uni/s10/asip_lab/vitis_ws/milestone2/tempdsa
TRACE::2026-07-25.16:44:12::SCWPlatform:: Platform Path /home/ran/Documents/uni/s10/asip_lab/vitis_ws/milestone2/tempdsa/design_1_wrapper.xsa
TRACE::2026-07-25.16:44:12::SCWPlatform:: Unique name xilinx:::0.0
TRACE::2026-07-25.16:44:12::SCWPlatform::update - Opened existing hwdb design_1_wrapper_0
TRACE::2026-07-25.16:44:12::SCWPlatform::Found the Hw Db part of the input DSA
TRACE::2026-07-25.16:44:12::SCWMssOS::Saving the mss changes /home/ran/Documents/uni/s10/asip_lab/vitis_ws/milestone2/zynq_fsbl/zynq_fsbl_bsp/system.mss
TRACE::2026-07-25.16:44:12::SCWMssOS::Found a swdesign opened with the mssfile.
TRACE::2026-07-25.16:44:12::SCWMssOS::Completed writemss as part of save.
TRACE::2026-07-25.16:44:12::SCWMssOS::Commit changes completed.
TRACE::2026-07-25.16:44:12::SCWMssOS::Completed hw sync for the mss in domain: zynq_fsbl
TRACE::2026-07-25.16:44:12::SCWMssOS::Removing the swdes entry for  /home/ran/Documents/uni/s10/asip_lab/vitis_ws/milestone2/zynq_fsbl/zynq_fsbl_bsp/system.mss
TRACE::2026-07-25.16:44:12::SCWMssOS::Saving the mss changes /home/ran/Documents/uni/s10/asip_lab/vitis_ws/milestone2/ps7_cortexa9_0/standalone_domain/bsp/system.mss
TRACE::2026-07-25.16:44:12::SCWMssOS::Found a swdesign opened with the mssfile.
TRACE::2026-07-25.16:44:12::SCWMssOS::Completed writemss as part of save.
TRACE::2026-07-25.16:44:12::SCWMssOS::Commit changes completed.
TRACE::2026-07-25.16:44:12::SCWMssOS::Completed hw sync for the mss in domain: standalone_domain
TRACE::2026-07-25.16:44:12::SCWMssOS::Removing the swdes entry for  /home/ran/Documents/uni/s10/asip_lab/vitis_ws/milestone2/ps7_cortexa9_0/standalone_domain/bsp/system.mss
TRACE::2026-07-25.16:44:12::SCWPlatform::Trying to open the hw design at /home/ran/Documents/uni/s10/asip_lab/vitis_ws/milestone2/hw/design_1_wrapper.xsa
TRACE::2026-07-25.16:44:12::SCWPlatform::DSA given /home/ran/Documents/uni/s10/asip_lab/vitis_ws/milestone2/hw/design_1_wrapper.xsa
TRACE::2026-07-25.16:44:12::SCWPlatform::DSA absoulate path /home/ran/Documents/uni/s10/asip_lab/vitis_ws/milestone2/hw/design_1_wrapper.xsa
TRACE::2026-07-25.16:44:12::SCWPlatform::DSA directory /home/ran/Documents/uni/s10/asip_lab/vitis_ws/milestone2/hw
TRACE::2026-07-25.16:44:12::SCWPlatform:: Platform Path /home/ran/Documents/uni/s10/asip_lab/vitis_ws/milestone2/hw/design_1_wrapper.xsa
TRACE::2026-07-25.16:44:12::SCWPlatform:: Unique name xilinx:::0.0
TRACE::2026-07-25.16:44:12::SCWPlatform::Do not have an existing db opened. 
TRACE::2026-07-25.16:44:13::SCWPlatform::Opened new HwDB with name design_1_wrapper_1
TRACE::2026-07-25.16:44:13::SCWMssOS::Saving the mss changes /home/ran/Documents/uni/s10/asip_lab/vitis_ws/milestone2/zynq_fsbl/zynq_fsbl_bsp/system.mss
TRACE::2026-07-25.16:44:13::SCWMssOS::Adding the swdes entry, mss present, able to open swdb /home/ran/Documents/uni/s10/asip_lab/vitis_ws/milestone2/zynq_fsbl/zynq_fsbl_bsp/system.mss with des name system
TRACE::2026-07-25.16:44:13::SCWMssOS::Writing the mss file completed /home/ran/Documents/uni/s10/asip_lab/vitis_ws/milestone2/zynq_fsbl/zynq_fsbl_bsp/system.mss
TRACE::2026-07-25.16:44:13::SCWMssOS::Commit changes completed.
TRACE::2026-07-25.16:44:13::SCWMssOS::Saving the mss changes /home/ran/Documents/uni/s10/asip_lab/vitis_ws/milestone2/ps7_cortexa9_0/standalone_domain/bsp/system.mss
TRACE::2026-07-25.16:44:13::SCWMssOS::Adding the swdes entry, mss present, able to open swdb /home/ran/Documents/uni/s10/asip_lab/vitis_ws/milestone2/ps7_cortexa9_0/standalone_domain/bsp/system.mss with des name system_0
TRACE::2026-07-25.16:44:13::SCWMssOS::Writing the mss file completed /home/ran/Documents/uni/s10/asip_lab/vitis_ws/milestone2/ps7_cortexa9_0/standalone_domain/bsp/system.mss
TRACE::2026-07-25.16:44:13::SCWMssOS::Commit changes completed.
TRACE::2026-07-25.16:44:13::SCWPlatform::Trying to open the hw design at /home/ran/Documents/uni/s10/asip_lab/vitis_ws/milestone2/hw/design_1_wrapper.xsa
TRACE::2026-07-25.16:44:13::SCWPlatform::DSA given /home/ran/Documents/uni/s10/asip_lab/vitis_ws/milestone2/hw/design_1_wrapper.xsa
TRACE::2026-07-25.16:44:13::SCWPlatform::DSA absoulate path /home/ran/Documents/uni/s10/asip_lab/vitis_ws/milestone2/hw/design_1_wrapper.xsa
TRACE::2026-07-25.16:44:13::SCWPlatform::DSA directory /home/ran/Documents/uni/s10/asip_lab/vitis_ws/milestone2/hw
TRACE::2026-07-25.16:44:13::SCWPlatform:: Platform Path /home/ran/Documents/uni/s10/asip_lab/vitis_ws/milestone2/hw/design_1_wrapper.xsa
TRACE::2026-07-25.16:44:13::SCWPlatform:: Unique name xilinx:::0.0
TRACE::2026-07-25.16:44:13::SCWPlatform::Trying to set the existing hwdb with name design_1_wrapper_1
TRACE::2026-07-25.16:44:13::SCWPlatform::Opened existing hwdb design_1_wrapper_1
TRACE::2026-07-25.16:44:13::SCWPlatform::Found the Hw Db part of the input DSA
TRACE::2026-07-25.16:44:13::SCWMssOS::Checking the sw design at  /home/ran/Documents/uni/s10/asip_lab/vitis_ws/milestone2/zynq_fsbl/zynq_fsbl_bsp/system.mss
TRACE::2026-07-25.16:44:13::SCWMssOS::DEBUG:  swdes dump  /home/ran/Documents/uni/s10/asip_lab/vitis_ws/milestone2/ps7_cortexa9_0/standalone_domain/bsp/system.mss|system_0||
/home/ran/Documents/uni/s10/asip_lab/vitis_ws/milestone2/zynq_fsbl/zynq_fsbl_bsp/system.mss|system||

TRACE::2026-07-25.16:44:13::SCWMssOS::Sw design exists and opened at  /home/ran/Documents/uni/s10/asip_lab/vitis_ws/milestone2/zynq_fsbl/zynq_fsbl_bsp/system.mss
TRACE::2026-07-25.16:44:13::SCWPlatform::Trying to open the hw design at /home/ran/Documents/uni/s10/asip_lab/vitis_ws/milestone2/hw/design_1_wrapper.xsa
TRACE::2026-07-25.16:44:13::SCWPlatform::DSA given /home/ran/Documents/uni/s10/asip_lab/vitis_ws/milestone2/hw/design_1_wrapper.xsa
TRACE::2026-07-25.16:44:13::SCWPlatform::DSA absoulate path /home/ran/Documents/uni/s10/asip_lab/vitis_ws/milestone2/hw/design_1_wrapper.xsa
TRACE::2026-07-25.16:44:13::SCWPlatform::DSA directory /home/ran/Documents/uni/s10/asip_lab/vitis_ws/milestone2/hw
TRACE::2026-07-25.16:44:13::SCWPlatform:: Platform Path /home/ran/Documents/uni/s10/asip_lab/vitis_ws/milestone2/hw/design_1_wrapper.xsa
TRACE::2026-07-25.16:44:13::SCWPlatform:: Unique name xilinx:::0.0
TRACE::2026-07-25.16:44:13::SCWPlatform::Trying to set the existing hwdb with name design_1_wrapper_1
TRACE::2026-07-25.16:44:13::SCWPlatform::Opened existing hwdb design_1_wrapper_1
TRACE::2026-07-25.16:44:13::SCWPlatform::Found the Hw Db part of the input DSA
TRACE::2026-07-25.16:44:13::SCWMssOS::Checking the sw design at  /home/ran/Documents/uni/s10/asip_lab/vitis_ws/milestone2/ps7_cortexa9_0/standalone_domain/bsp/system.mss
TRACE::2026-07-25.16:44:13::SCWMssOS::DEBUG:  swdes dump  /home/ran/Documents/uni/s10/asip_lab/vitis_ws/milestone2/ps7_cortexa9_0/standalone_domain/bsp/system.mss|system_0||
/home/ran/Documents/uni/s10/asip_lab/vitis_ws/milestone2/zynq_fsbl/zynq_fsbl_bsp/system.mss|system||

TRACE::2026-07-25.16:44:13::SCWMssOS::Sw design exists and opened at  /home/ran/Documents/uni/s10/asip_lab/vitis_ws/milestone2/ps7_cortexa9_0/standalone_domain/bsp/system.mss
TRACE::2026-07-25.16:44:13::SCWWriter::formatted JSON is {
	"platformName":	"milestone2",
	"sprVersion":	"2.0",
	"mode":	"gui",
	"dsaType":	"Fixed",
	"platformDesc":	"milestone2",
	"platHandOff":	"/home/ran/Documents/uni/s10/asip_lab/final_project/design_1_wrapper.xsa",
	"platIntHandOff":	"<platformDir>/hw/design_1_wrapper.xsa",
	"deviceType":	"zynq",
	"platIsPrebuiltAutogen":	"false",
	"platIsNoBootBsp":	"false",
	"hasFsblMakeHasChanges":	"false",
	"hasPmufwMakeHasChanges":	"false",
	"fsblExtraCompilerFlags":	"-MMD -MP       -mcpu=cortex-a9 -mfpu=vfpv3 -mfloat-abi=hard ",
	"platPreBuiltFlag":	false,
	"platformSamplesDir":	"",
	"platActiveSys":	"milestone2",
	"systems":	[{
			"systemName":	"milestone2",
			"systemDesc":	"milestone2",
			"sysIsBootAutoGen":	"true",
			"systemDispName":	"milestone2",
			"sysActiveDom":	"zynq_fsbl",
			"sysDefaultDom":	"standalone_domain",
			"domains":	[{
					"domainName":	"zynq_fsbl",
					"domainDispName":	"zynq_fsbl",
					"domainDesc":	"FSBL Application BSP - Auto Generated.",
					"processors":	"ps7_cortexa9_0",
					"os":	"standalone",
					"sdxOs":	"standalone",
					"debugEnable":	"",
					"domRuntimes":	["cpp"],
					"swRepo":	"",
					"mssOsVer":	"8.0",
					"mssFile":	"",
					"md5Digest":	"5190a0a8ca228895166de3d006f5d4d11",
					"compatibleApp":	"zynq_fsbl",
					"domType":	"bootDomain",
					"arch":	"32-bit",
					"appSettings":	{
						"appCompilerFlags":	"",
						"appLinkerFlags":	""
					},
					"addedLibs":	["xilffs:4.8", "xilrsa:1.6"],
					"libOptions":	{
						"standalone":	{
							"stdin":	"ps7_coresight_comp_0",
							"stdout":	"ps7_coresight_comp_0",
							"libOptionNames":	["stdin", "stdout"]
						},
						"libsContainingOptions":	["standalone"]
					},
					"prebuiltLibs":	{
						"prebuiltIncPath":	[],
						"prebuiltLibPath":	[]
					},
					"isolation":	{
					}
				}, {
					"domainName":	"standalone_domain",
					"domainDispName":	"standalone on ps7_cortexa9_0",
					"domainDesc":	"standalone_domain",
					"processors":	"ps7_cortexa9_0",
					"os":	"standalone",
					"sdxOs":	"standalone",
					"qemuArgs":	"<platformDir>/resources/milestone2/standalone_domain/qemu_args.txt",
					"qemuData":	"<platformDir>/resources/milestone2/standalone_domain/qemu",
					"debugEnable":	"False",
					"domRuntimes":	["cpp"],
					"swRepo":	"",
					"mssOsVer":	"8.0",
					"mssFile":	"",
					"md5Digest":	"25886e0fbe9d4ff5df7468588603f3f01",
					"compatibleApp":	"",
					"domType":	"mssDomain",
					"appSettings":	{
						"appCompilerFlags":	"",
						"appLinkerFlags":	""
					},
					"addedLibs":	[],
					"libOptions":	{
						"standalone":	{
							"stdin":	"ps7_coresight_comp_0",
							"stdout":	"ps7_coresight_comp_0",
							"libOptionNames":	["stdin", "stdout"]
						},
						"libsContainingOptions":	["standalone"]
					},
					"prebuiltLibs":	{
						"prebuiltIncPath":	[],
						"prebuiltLibPath":	[]
					},
					"isolation":	{
					}
				}]
		}]
}
LOG::2026-07-25.16:44:21::SCWPlatform::Started generating the artifacts platform milestone2
TRACE::2026-07-25.16:44:21::SCWPlatform::Sanity checking of platform is completed
LOG::2026-07-25.16:44:21::SCWPlatform::Started generating the artifacts for system configuration milestone2
LOG::2026-07-25.16:44:21::SCWSystem::Checking the domain zynq_fsbl
LOG::2026-07-25.16:44:21::SCWSystem::Doing application build for :  zynq_fsbl
TRACE::2026-07-25.16:44:21::SCWBDomain::Not a forced makefile updation, No changes are present. 
TRACE::2026-07-25.16:44:21::SCWDomain::Skipping the build for domain :  zynq_fsbl
LOG::2026-07-25.16:44:21::SCWSystem::Checking the domain standalone_domain
LOG::2026-07-25.16:44:21::SCWSystem::Not a boot domain 
LOG::2026-07-25.16:44:21::SCWSystem::Started Processing the domain standalone_domain
TRACE::2026-07-25.16:44:21::SCWDomain::Generating domain artifcats
TRACE::2026-07-25.16:44:21::SCWMssOS::Generating standalone artifcats
TRACE::2026-07-25.16:44:21::SCWMssOS::Copying the qemu file from  /home/ran/Documents/uni/s10/asip_lab/vitis_ws/milestone2/resources/milestone2/standalone_domain/qemu_args.txt To /home/ran/Documents/uni/s10/asip_lab/vitis_ws/milestone2/export/milestone2/sw/milestone2/qemu/
TRACE::2026-07-25.16:44:21::SCWMssOS::Copying the qemu file from  /home/ran/Documents/uni/s10/asip_lab/vitis_ws/milestone2/resources/milestone2/standalone_domain/qemu_args.txt To /home/ran/Documents/uni/s10/asip_lab/vitis_ws/milestone2/export/milestone2/sw/milestone2/standalone_domain/qemu/
TRACE::2026-07-25.16:44:21::SCWMssOS:: Copying the user libraries. 
TRACE::2026-07-25.16:44:21::SCWPlatform::Trying to open the hw design at /home/ran/Documents/uni/s10/asip_lab/vitis_ws/milestone2/hw/design_1_wrapper.xsa
TRACE::2026-07-25.16:44:21::SCWPlatform::DSA given /home/ran/Documents/uni/s10/asip_lab/vitis_ws/milestone2/hw/design_1_wrapper.xsa
TRACE::2026-07-25.16:44:21::SCWPlatform::DSA absoulate path /home/ran/Documents/uni/s10/asip_lab/vitis_ws/milestone2/hw/design_1_wrapper.xsa
TRACE::2026-07-25.16:44:21::SCWPlatform::DSA directory /home/ran/Documents/uni/s10/asip_lab/vitis_ws/milestone2/hw
TRACE::2026-07-25.16:44:21::SCWPlatform:: Platform Path /home/ran/Documents/uni/s10/asip_lab/vitis_ws/milestone2/hw/design_1_wrapper.xsa
TRACE::2026-07-25.16:44:21::SCWPlatform:: Unique name xilinx:::0.0
TRACE::2026-07-25.16:44:21::SCWPlatform::Trying to set the existing hwdb with name design_1_wrapper_1
TRACE::2026-07-25.16:44:21::SCWPlatform::Opened existing hwdb design_1_wrapper_1
TRACE::2026-07-25.16:44:21::SCWPlatform::Found the Hw Db part of the input DSA
TRACE::2026-07-25.16:44:21::SCWMssOS::Checking the sw design at  /home/ran/Documents/uni/s10/asip_lab/vitis_ws/milestone2/ps7_cortexa9_0/standalone_domain/bsp/system.mss
TRACE::2026-07-25.16:44:21::SCWMssOS::DEBUG:  swdes dump  /home/ran/Documents/uni/s10/asip_lab/vitis_ws/milestone2/ps7_cortexa9_0/standalone_domain/bsp/system.mss|system_0||
/home/ran/Documents/uni/s10/asip_lab/vitis_ws/milestone2/zynq_fsbl/zynq_fsbl_bsp/system.mss|system||

TRACE::2026-07-25.16:44:21::SCWMssOS::Sw design exists and opened at  /home/ran/Documents/uni/s10/asip_lab/vitis_ws/milestone2/ps7_cortexa9_0/standalone_domain/bsp/system.mss
TRACE::2026-07-25.16:44:21::SCWMssOS::Completed writing the mss file at /home/ran/Documents/uni/s10/asip_lab/vitis_ws/milestone2/ps7_cortexa9_0/standalone_domain/bsp
TRACE::2026-07-25.16:44:21::SCWMssOS::Mss edits present, copying mssfile into export location /home/ran/Documents/uni/s10/asip_lab/vitis_ws/milestone2/ps7_cortexa9_0/standalone_domain/bsp/system.mss
TRACE::2026-07-25.16:44:21::SCWMssOS::bsp generated is stale removing and regenerating. 
TRACE::2026-07-25.16:44:23::SCWMssOS::doing bsp build ... 
TRACE::2026-07-25.16:44:23::SCWMssOS::System Command Ran  cd  /home/ran/Documents/uni/s10/asip_lab/vitis_ws/milestone2/ps7_cortexa9_0/standalone_domain/bsp ; bash -c "make  " 
TRACE::2026-07-25.16:44:23::SCWMssOS::make --no-print-directory seq_libs

TRACE::2026-07-25.16:44:23::SCWMssOS::Finished building libraries sequentially.

TRACE::2026-07-25.16:44:23::SCWMssOS::make -j 10 --no-print-directory par_libs

TRACE::2026-07-25.16:44:23::SCWMssOS::Running Make include in ps7_cortexa9_0/libsrc/bram_v4_8/src

TRACE::2026-07-25.16:44:23::SCWMssOS::make -C ps7_cortexa9_0/libsrc/bram_v4_8/src -s include  "SHELL=/bin/sh" "COMPILER=arm-none-eabi-gcc" "ASSEMBLER=arm-none-eabi-a
TRACE::2026-07-25.16:44:23::SCWMssOS::s" "ARCHIVER=arm-none-eabi-ar" "COMPILER_FLAGS=  -O2 -c" "EXTRA_COMPILER_FLAGS=-mcpu=cortex-a9 -mfpu=vfpv3 -mfloat-abi=hard -no
TRACE::2026-07-25.16:44:23::SCWMssOS::startfiles -g -Wall -Wextra -fno-tree-loop-distribute-patterns"

TRACE::2026-07-25.16:44:23::SCWMssOS::Running Make include in ps7_cortexa9_0/libsrc/ddrps_v1_2/src

TRACE::2026-07-25.16:44:23::SCWMssOS::Running Make include in ps7_cortexa9_0/libsrc/cpu_cortexa9_v2_11/src

TRACE::2026-07-25.16:44:23::SCWMssOS::Running Make include in ps7_cortexa9_0/libsrc/coresightps_dcc_v1_8/src

TRACE::2026-07-25.16:44:23::SCWMssOS::make -C ps7_cortexa9_0/libsrc/ddrps_v1_2/src -s include  "SHELL=/bin/sh" "COMPILER=arm-none-eabi-gcc" "ASSEMBLER=arm-none-eabi-
TRACE::2026-07-25.16:44:23::SCWMssOS::as" "ARCHIVER=arm-none-eabi-ar" "COMPILER_FLAGS=  -O2 -c" "EXTRA_COMPILER_FLAGS=-mcpu=cortex-a9 -mfpu=vfpv3 -mfloat-abi=hard -n
TRACE::2026-07-25.16:44:23::SCWMssOS::ostartfiles -g -Wall -Wextra -fno-tree-loop-distribute-patterns"

TRACE::2026-07-25.16:44:23::SCWMssOS::Running Make include in ps7_cortexa9_0/libsrc/dmaps_v2_8/src

TRACE::2026-07-25.16:44:23::SCWMssOS::make -C ps7_cortexa9_0/libsrc/coresightps_dcc_v1_8/src -s include  "SHELL=/bin/sh" "COMPILER=arm-none-eabi-gcc" "ASSEMBLER=arm-
TRACE::2026-07-25.16:44:23::SCWMssOS::none-eabi-as" "ARCHIVER=arm-none-eabi-ar" "COMPILER_FLAGS=  -O2 -c" "EXTRA_COMPILER_FLAGS=-mcpu=cortex-a9 -mfpu=vfpv3 -mfloat-a
TRACE::2026-07-25.16:44:23::SCWMssOS::bi=hard -nostartfiles -g -Wall -Wextra -fno-tree-loop-distribute-patterns"

TRACE::2026-07-25.16:44:23::SCWMssOS::make -C ps7_cortexa9_0/libsrc/cpu_cortexa9_v2_11/src -s include  "SHELL=/bin/sh" "COMPILER=arm-none-eabi-gcc" "ASSEMBLER=arm-no
TRACE::2026-07-25.16:44:23::SCWMssOS::ne-eabi-as" "ARCHIVER=arm-none-eabi-ar" "COMPILER_FLAGS=  -O2 -c" "EXTRA_COMPILER_FLAGS=-mcpu=cortex-a9 -mfpu=vfpv3 -mfloat-abi
TRACE::2026-07-25.16:44:23::SCWMssOS::=hard -nostartfiles -g -Wall -Wextra -fno-tree-loop-distribute-patterns"

TRACE::2026-07-25.16:44:23::SCWMssOS::Running Make include in ps7_cortexa9_0/libsrc/devcfg_v3_7/src

TRACE::2026-07-25.16:44:23::SCWMssOS::make -C ps7_cortexa9_0/libsrc/dmaps_v2_8/src -s include  "SHELL=/bin/sh" "COMPILER=arm-none-eabi-gcc" "ASSEMBLER=arm-none-eabi-
TRACE::2026-07-25.16:44:23::SCWMssOS::as" "ARCHIVER=arm-none-eabi-ar" "COMPILER_FLAGS=  -O2 -c" "EXTRA_COMPILER_FLAGS=-mcpu=cortex-a9 -mfpu=vfpv3 -mfloat-abi=hard -n
TRACE::2026-07-25.16:44:23::SCWMssOS::ostartfiles -g -Wall -Wextra -fno-tree-loop-distribute-patterns"

TRACE::2026-07-25.16:44:23::SCWMssOS::Running Make include in ps7_cortexa9_0/libsrc/gpiops_v3_10/src

TRACE::2026-07-25.16:44:23::SCWMssOS::make -C ps7_cortexa9_0/libsrc/devcfg_v3_7/src -s include  "SHELL=/bin/sh" "COMPILER=arm-none-eabi-gcc" "ASSEMBLER=arm-none-eabi
TRACE::2026-07-25.16:44:23::SCWMssOS::-as" "ARCHIVER=arm-none-eabi-ar" "COMPILER_FLAGS=  -O2 -c" "EXTRA_COMPILER_FLAGS=-mcpu=cortex-a9 -mfpu=vfpv3 -mfloat-abi=hard -
TRACE::2026-07-25.16:44:23::SCWMssOS::nostartfiles -g -Wall -Wextra -fno-tree-loop-distribute-patterns"

TRACE::2026-07-25.16:44:23::SCWMssOS::make -C ps7_cortexa9_0/libsrc/gpiops_v3_10/src -s include  "SHELL=/bin/sh" "COMPILER=arm-none-eabi-gcc" "ASSEMBLER=arm-none-eab
TRACE::2026-07-25.16:44:23::SCWMssOS::i-as" "ARCHIVER=arm-none-eabi-ar" "COMPILER_FLAGS=  -O2 -c" "EXTRA_COMPILER_FLAGS=-mcpu=cortex-a9 -mfpu=vfpv3 -mfloat-abi=hard 
TRACE::2026-07-25.16:44:23::SCWMssOS::-nostartfiles -g -Wall -Wextra -fno-tree-loop-distribute-patterns"

TRACE::2026-07-25.16:44:23::SCWMssOS::Running Make include in ps7_cortexa9_0/libsrc/scugic_v5_0/src

TRACE::2026-07-25.16:44:23::SCWMssOS::Running Make include in ps7_cortexa9_0/libsrc/qspips_v3_10/src

TRACE::2026-07-25.16:44:23::SCWMssOS::make -C ps7_cortexa9_0/libsrc/qspips_v3_10/src -s include  "SHELL=/bin/sh" "COMPILER=arm-none-eabi-gcc" "ASSEMBLER=arm-none-eab
TRACE::2026-07-25.16:44:23::SCWMssOS::i-as" "ARCHIVER=arm-none-eabi-ar" "COMPILER_FLAGS=  -O2 -c" "EXTRA_COMPILER_FLAGS=-mcpu=cortex-a9 -mfpu=vfpv3 -mfloat-abi=hard 
TRACE::2026-07-25.16:44:23::SCWMssOS::-nostartfiles -g -Wall -Wextra -fno-tree-loop-distribute-patterns"

TRACE::2026-07-25.16:44:23::SCWMssOS::Running Make include in ps7_cortexa9_0/libsrc/scutimer_v2_4/src

TRACE::2026-07-25.16:44:23::SCWMssOS::make -C ps7_cortexa9_0/libsrc/scugic_v5_0/src -s include  "SHELL=/bin/sh" "COMPILER=arm-none-eabi-gcc" "ASSEMBLER=arm-none-eabi
TRACE::2026-07-25.16:44:23::SCWMssOS::-as" "ARCHIVER=arm-none-eabi-ar" "COMPILER_FLAGS=  -O2 -c" "EXTRA_COMPILER_FLAGS=-mcpu=cortex-a9 -mfpu=vfpv3 -mfloat-abi=hard -
TRACE::2026-07-25.16:44:23::SCWMssOS::nostartfiles -g -Wall -Wextra -fno-tree-loop-distribute-patterns"

TRACE::2026-07-25.16:44:23::SCWMssOS::make -C ps7_cortexa9_0/libsrc/scutimer_v2_4/src -s include  "SHELL=/bin/sh" "COMPILER=arm-none-eabi-gcc" "ASSEMBLER=arm-none-ea
TRACE::2026-07-25.16:44:23::SCWMssOS::bi-as" "ARCHIVER=arm-none-eabi-ar" "COMPILER_FLAGS=  -O2 -c" "EXTRA_COMPILER_FLAGS=-mcpu=cortex-a9 -mfpu=vfpv3 -mfloat-abi=hard
TRACE::2026-07-25.16:44:23::SCWMssOS:: -nostartfiles -g -Wall -Wextra -fno-tree-loop-distribute-patterns"

TRACE::2026-07-25.16:44:23::SCWMssOS::Running Make include in ps7_cortexa9_0/libsrc/scuwdt_v2_4/src

TRACE::2026-07-25.16:44:23::SCWMssOS::make -C ps7_cortexa9_0/libsrc/scuwdt_v2_4/src -s include  "SHELL=/bin/sh" "COMPILER=arm-none-eabi-gcc" "ASSEMBLER=arm-none-eabi
TRACE::2026-07-25.16:44:23::SCWMssOS::-as" "ARCHIVER=arm-none-eabi-ar" "COMPILER_FLAGS=  -O2 -c" "EXTRA_COMPILER_FLAGS=-mcpu=cortex-a9 -mfpu=vfpv3 -mfloat-abi=hard -
TRACE::2026-07-25.16:44:23::SCWMssOS::nostartfiles -g -Wall -Wextra -fno-tree-loop-distribute-patterns"

TRACE::2026-07-25.16:44:23::SCWMssOS::Running Make include in ps7_cortexa9_0/libsrc/sdps_v4_0/src

TRACE::2026-07-25.16:44:23::SCWMssOS::Running Make include in ps7_cortexa9_0/libsrc/standalone_v8_0/src

TRACE::2026-07-25.16:44:23::SCWMssOS::make -C ps7_cortexa9_0/libsrc/sdps_v4_0/src -s include  "SHELL=/bin/sh" "COMPILER=arm-none-eabi-gcc" "ASSEMBLER=arm-none-eabi-a
TRACE::2026-07-25.16:44:23::SCWMssOS::s" "ARCHIVER=arm-none-eabi-ar" "COMPILER_FLAGS=  -O2 -c" "EXTRA_COMPILER_FLAGS=-mcpu=cortex-a9 -mfpu=vfpv3 -mfloat-abi=hard -no
TRACE::2026-07-25.16:44:23::SCWMssOS::startfiles -g -Wall -Wextra -fno-tree-loop-distribute-patterns"

TRACE::2026-07-25.16:44:23::SCWMssOS::make -C ps7_cortexa9_0/libsrc/standalone_v8_0/src -s include  "SHELL=/bin/sh" "COMPILER=arm-none-eabi-gcc" "ASSEMBLER=arm-none-
TRACE::2026-07-25.16:44:23::SCWMssOS::eabi-as" "ARCHIVER=arm-none-eabi-ar" "COMPILER_FLAGS=  -O2 -c" "EXTRA_COMPILER_FLAGS=-mcpu=cortex-a9 -mfpu=vfpv3 -mfloat-abi=ha
TRACE::2026-07-25.16:44:23::SCWMssOS::rd -nostartfiles -g -Wall -Wextra -fno-tree-loop-distribute-patterns"

TRACE::2026-07-25.16:44:23::SCWMssOS::Running Make include in ps7_cortexa9_0/libsrc/spips_v3_8/src

TRACE::2026-07-25.16:44:23::SCWMssOS::Running Make include in ps7_cortexa9_0/libsrc/uartps_v3_11/src

TRACE::2026-07-25.16:44:23::SCWMssOS::make -C ps7_cortexa9_0/libsrc/spips_v3_8/src -s include  "SHELL=/bin/sh" "COMPILER=arm-none-eabi-gcc" "ASSEMBLER=arm-none-eabi-
TRACE::2026-07-25.16:44:23::SCWMssOS::as" "ARCHIVER=arm-none-eabi-ar" "COMPILER_FLAGS=  -O2 -c" "EXTRA_COMPILER_FLAGS=-mcpu=cortex-a9 -mfpu=vfpv3 -mfloat-abi=hard -n
TRACE::2026-07-25.16:44:23::SCWMssOS::ostartfiles -g -Wall -Wextra -fno-tree-loop-distribute-patterns"

TRACE::2026-07-25.16:44:23::SCWMssOS::make -C ps7_cortexa9_0/libsrc/uartps_v3_11/src -s include  "SHELL=/bin/sh" "COMPILER=arm-none-eabi-gcc" "ASSEMBLER=arm-none-eab
TRACE::2026-07-25.16:44:23::SCWMssOS::i-as" "ARCHIVER=arm-none-eabi-ar" "COMPILER_FLAGS=  -O2 -c" "EXTRA_COMPILER_FLAGS=-mcpu=cortex-a9 -mfpu=vfpv3 -mfloat-abi=hard 
TRACE::2026-07-25.16:44:23::SCWMssOS::-nostartfiles -g -Wall -Wextra -fno-tree-loop-distribute-patterns"

TRACE::2026-07-25.16:44:23::SCWMssOS::Running Make include in ps7_cortexa9_0/libsrc/usbps_v2_7/src

TRACE::2026-07-25.16:44:23::SCWMssOS::make -C ps7_cortexa9_0/libsrc/usbps_v2_7/src -s include  "SHELL=/bin/sh" "COMPILER=arm-none-eabi-gcc" "ASSEMBLER=arm-none-eabi-
TRACE::2026-07-25.16:44:23::SCWMssOS::as" "ARCHIVER=arm-none-eabi-ar" "COMPILER_FLAGS=  -O2 -c" "EXTRA_COMPILER_FLAGS=-mcpu=cortex-a9 -mfpu=vfpv3 -mfloat-abi=hard -n
TRACE::2026-07-25.16:44:23::SCWMssOS::ostartfiles -g -Wall -Wextra -fno-tree-loop-distribute-patterns"

TRACE::2026-07-25.16:44:23::SCWMssOS::Running Make include in ps7_cortexa9_0/libsrc/xadcps_v2_6/src

TRACE::2026-07-25.16:44:23::SCWMssOS::make -C ps7_cortexa9_0/libsrc/xadcps_v2_6/src -s include  "SHELL=/bin/sh" "COMPILER=arm-none-eabi-gcc" "ASSEMBLER=arm-none-eabi
TRACE::2026-07-25.16:44:23::SCWMssOS::-as" "ARCHIVER=arm-none-eabi-ar" "COMPILER_FLAGS=  -O2 -c" "EXTRA_COMPILER_FLAGS=-mcpu=cortex-a9 -mfpu=vfpv3 -mfloat-abi=hard -
TRACE::2026-07-25.16:44:23::SCWMssOS::nostartfiles -g -Wall -Wextra -fno-tree-loop-distribute-patterns"

TRACE::2026-07-25.16:44:23::SCWMssOS::Running Make libs in ps7_cortexa9_0/libsrc/bram_v4_8/src

TRACE::2026-07-25.16:44:23::SCWMssOS::Running Make libs in ps7_cortexa9_0/libsrc/coresightps_dcc_v1_8/src

TRACE::2026-07-25.16:44:23::SCWMssOS::make -C ps7_cortexa9_0/libsrc/bram_v4_8/src -s libs  "SHELL=/bin/sh" "COMPILER=arm-none-eabi-gcc" "ASSEMBLER=arm-none-eabi-as" 
TRACE::2026-07-25.16:44:23::SCWMssOS::"ARCHIVER=arm-none-eabi-ar" "COMPILER_FLAGS=  -O2 -c" "EXTRA_COMPILER_FLAGS=-mcpu=cortex-a9 -mfpu=vfpv3 -mfloat-abi=hard -nosta
TRACE::2026-07-25.16:44:23::SCWMssOS::rtfiles -g -Wall -Wextra -fno-tree-loop-distribute-patterns"

TRACE::2026-07-25.16:44:23::SCWMssOS::Running Make libs in ps7_cortexa9_0/libsrc/cpu_cortexa9_v2_11/src

TRACE::2026-07-25.16:44:23::SCWMssOS::Running Make libs in ps7_cortexa9_0/libsrc/ddrps_v1_2/src

TRACE::2026-07-25.16:44:23::SCWMssOS::make -C ps7_cortexa9_0/libsrc/coresightps_dcc_v1_8/src -s libs  "SHELL=/bin/sh" "COMPILER=arm-none-eabi-gcc" "ASSEMBLER=arm-non
TRACE::2026-07-25.16:44:23::SCWMssOS::e-eabi-as" "ARCHIVER=arm-none-eabi-ar" "COMPILER_FLAGS=  -O2 -c" "EXTRA_COMPILER_FLAGS=-mcpu=cortex-a9 -mfpu=vfpv3 -mfloat-abi=
TRACE::2026-07-25.16:44:23::SCWMssOS::hard -nostartfiles -g -Wall -Wextra -fno-tree-loop-distribute-patterns"

TRACE::2026-07-25.16:44:23::SCWMssOS::make -C ps7_cortexa9_0/libsrc/cpu_cortexa9_v2_11/src -s libs  "SHELL=/bin/sh" "COMPILER=arm-none-eabi-gcc" "ASSEMBLER=arm-none-
TRACE::2026-07-25.16:44:23::SCWMssOS::eabi-as" "ARCHIVER=arm-none-eabi-ar" "COMPILER_FLAGS=  -O2 -c" "EXTRA_COMPILER_FLAGS=-mcpu=cortex-a9 -mfpu=vfpv3 -mfloat-abi=ha
TRACE::2026-07-25.16:44:23::SCWMssOS::rd -nostartfiles -g -Wall -Wextra -fno-tree-loop-distribute-patterns"

TRACE::2026-07-25.16:44:23::SCWMssOS::Running Make libs in ps7_cortexa9_0/libsrc/dmaps_v2_8/src

TRACE::2026-07-25.16:44:23::SCWMssOS::Running Make libs in ps7_cortexa9_0/libsrc/devcfg_v3_7/src

TRACE::2026-07-25.16:44:23::SCWMssOS::make -C ps7_cortexa9_0/libsrc/ddrps_v1_2/src -s libs  "SHELL=/bin/sh" "COMPILER=arm-none-eabi-gcc" "ASSEMBLER=arm-none-eabi-as"
TRACE::2026-07-25.16:44:23::SCWMssOS:: "ARCHIVER=arm-none-eabi-ar" "COMPILER_FLAGS=  -O2 -c" "EXTRA_COMPILER_FLAGS=-mcpu=cortex-a9 -mfpu=vfpv3 -mfloat-abi=hard -nost
TRACE::2026-07-25.16:44:23::SCWMssOS::artfiles -g -Wall -Wextra -fno-tree-loop-distribute-patterns"

TRACE::2026-07-25.16:44:23::SCWMssOS::make -C ps7_cortexa9_0/libsrc/dmaps_v2_8/src -s libs  "SHELL=/bin/sh" "COMPILER=arm-none-eabi-gcc" "ASSEMBLER=arm-none-eabi-as"
TRACE::2026-07-25.16:44:23::SCWMssOS:: "ARCHIVER=arm-none-eabi-ar" "COMPILER_FLAGS=  -O2 -c" "EXTRA_COMPILER_FLAGS=-mcpu=cortex-a9 -mfpu=vfpv3 -mfloat-abi=hard -nost
TRACE::2026-07-25.16:44:23::SCWMssOS::artfiles -g -Wall -Wextra -fno-tree-loop-distribute-patterns"

TRACE::2026-07-25.16:44:23::SCWMssOS::Running Make libs in ps7_cortexa9_0/libsrc/qspips_v3_10/src

TRACE::2026-07-25.16:44:23::SCWMssOS::make -C ps7_cortexa9_0/libsrc/devcfg_v3_7/src -s libs  "SHELL=/bin/sh" "COMPILER=arm-none-eabi-gcc" "ASSEMBLER=arm-none-eabi-as
TRACE::2026-07-25.16:44:23::SCWMssOS::" "ARCHIVER=arm-none-eabi-ar" "COMPILER_FLAGS=  -O2 -c" "EXTRA_COMPILER_FLAGS=-mcpu=cortex-a9 -mfpu=vfpv3 -mfloat-abi=hard -nos
TRACE::2026-07-25.16:44:23::SCWMssOS::tartfiles -g -Wall -Wextra -fno-tree-loop-distribute-patterns"

TRACE::2026-07-25.16:44:23::SCWMssOS::make -C ps7_cortexa9_0/libsrc/qspips_v3_10/src -s libs  "SHELL=/bin/sh" "COMPILER=arm-none-eabi-gcc" "ASSEMBLER=arm-none-eabi-a
TRACE::2026-07-25.16:44:23::SCWMssOS::s" "ARCHIVER=arm-none-eabi-ar" "COMPILER_FLAGS=  -O2 -c" "EXTRA_COMPILER_FLAGS=-mcpu=cortex-a9 -mfpu=vfpv3 -mfloat-abi=hard -no
TRACE::2026-07-25.16:44:23::SCWMssOS::startfiles -g -Wall -Wextra -fno-tree-loop-distribute-patterns"

TRACE::2026-07-25.16:44:23::SCWMssOS::Running Make libs in ps7_cortexa9_0/libsrc/gpiops_v3_10/src

TRACE::2026-07-25.16:44:23::SCWMssOS::make -C ps7_cortexa9_0/libsrc/gpiops_v3_10/src -s libs  "SHELL=/bin/sh" "COMPILER=arm-none-eabi-gcc" "ASSEMBLER=arm-none-eabi-a
TRACE::2026-07-25.16:44:23::SCWMssOS::s" "ARCHIVER=arm-none-eabi-ar" "COMPILER_FLAGS=  -O2 -c" "EXTRA_COMPILER_FLAGS=-mcpu=cortex-a9 -mfpu=vfpv3 -mfloat-abi=hard -no
TRACE::2026-07-25.16:44:23::SCWMssOS::startfiles -g -Wall -Wextra -fno-tree-loop-distribute-patterns"

TRACE::2026-07-25.16:44:23::SCWMssOS::Running Make libs in ps7_cortexa9_0/libsrc/scugic_v5_0/src

TRACE::2026-07-25.16:44:23::SCWMssOS::make -C ps7_cortexa9_0/libsrc/scugic_v5_0/src -s libs  "SHELL=/bin/sh" "COMPILER=arm-none-eabi-gcc" "ASSEMBLER=arm-none-eabi-as
TRACE::2026-07-25.16:44:23::SCWMssOS::" "ARCHIVER=arm-none-eabi-ar" "COMPILER_FLAGS=  -O2 -c" "EXTRA_COMPILER_FLAGS=-mcpu=cortex-a9 -mfpu=vfpv3 -mfloat-abi=hard -nos
TRACE::2026-07-25.16:44:23::SCWMssOS::tartfiles -g -Wall -Wextra -fno-tree-loop-distribute-patterns"

TRACE::2026-07-25.16:44:23::SCWMssOS::Running Make libs in ps7_cortexa9_0/libsrc/scutimer_v2_4/src

TRACE::2026-07-25.16:44:23::SCWMssOS::make -C ps7_cortexa9_0/libsrc/scutimer_v2_4/src -s libs  "SHELL=/bin/sh" "COMPILER=arm-none-eabi-gcc" "ASSEMBLER=arm-none-eabi-
TRACE::2026-07-25.16:44:23::SCWMssOS::as" "ARCHIVER=arm-none-eabi-ar" "COMPILER_FLAGS=  -O2 -c" "EXTRA_COMPILER_FLAGS=-mcpu=cortex-a9 -mfpu=vfpv3 -mfloat-abi=hard -n
TRACE::2026-07-25.16:44:23::SCWMssOS::ostartfiles -g -Wall -Wextra -fno-tree-loop-distribute-patterns"

TRACE::2026-07-25.16:44:23::SCWMssOS::Running Make libs in ps7_cortexa9_0/libsrc/scuwdt_v2_4/src

TRACE::2026-07-25.16:44:23::SCWMssOS::make -C ps7_cortexa9_0/libsrc/scuwdt_v2_4/src -s libs  "SHELL=/bin/sh" "COMPILER=arm-none-eabi-gcc" "ASSEMBLER=arm-none-eabi-as
TRACE::2026-07-25.16:44:23::SCWMssOS::" "ARCHIVER=arm-none-eabi-ar" "COMPILER_FLAGS=  -O2 -c" "EXTRA_COMPILER_FLAGS=-mcpu=cortex-a9 -mfpu=vfpv3 -mfloat-abi=hard -nos
TRACE::2026-07-25.16:44:23::SCWMssOS::tartfiles -g -Wall -Wextra -fno-tree-loop-distribute-patterns"

TRACE::2026-07-25.16:44:23::SCWMssOS::Running Make libs in ps7_cortexa9_0/libsrc/sdps_v4_0/src

TRACE::2026-07-25.16:44:23::SCWMssOS::make -C ps7_cortexa9_0/libsrc/sdps_v4_0/src -s libs  "SHELL=/bin/sh" "COMPILER=arm-none-eabi-gcc" "ASSEMBLER=arm-none-eabi-as" 
TRACE::2026-07-25.16:44:23::SCWMssOS::"ARCHIVER=arm-none-eabi-ar" "COMPILER_FLAGS=  -O2 -c" "EXTRA_COMPILER_FLAGS=-mcpu=cortex-a9 -mfpu=vfpv3 -mfloat-abi=hard -nosta
TRACE::2026-07-25.16:44:23::SCWMssOS::rtfiles -g -Wall -Wextra -fno-tree-loop-distribute-patterns"

TRACE::2026-07-25.16:44:24::SCWMssOS::Running Make libs in ps7_cortexa9_0/libsrc/spips_v3_8/src

TRACE::2026-07-25.16:44:24::SCWMssOS::make -C ps7_cortexa9_0/libsrc/spips_v3_8/src -s libs  "SHELL=/bin/sh" "COMPILER=arm-none-eabi-gcc" "ASSEMBLER=arm-none-eabi-as"
TRACE::2026-07-25.16:44:24::SCWMssOS:: "ARCHIVER=arm-none-eabi-ar" "COMPILER_FLAGS=  -O2 -c" "EXTRA_COMPILER_FLAGS=-mcpu=cortex-a9 -mfpu=vfpv3 -mfloat-abi=hard -nost
TRACE::2026-07-25.16:44:24::SCWMssOS::artfiles -g -Wall -Wextra -fno-tree-loop-distribute-patterns"

TRACE::2026-07-25.16:44:24::SCWMssOS::Running Make libs in ps7_cortexa9_0/libsrc/standalone_v8_0/src

TRACE::2026-07-25.16:44:24::SCWMssOS::make -C ps7_cortexa9_0/libsrc/standalone_v8_0/src -s libs  "SHELL=/bin/sh" "COMPILER=arm-none-eabi-gcc" "ASSEMBLER=arm-none-eab
TRACE::2026-07-25.16:44:24::SCWMssOS::i-as" "ARCHIVER=arm-none-eabi-ar" "COMPILER_FLAGS=  -O2 -c" "EXTRA_COMPILER_FLAGS=-mcpu=cortex-a9 -mfpu=vfpv3 -mfloat-abi=hard 
TRACE::2026-07-25.16:44:24::SCWMssOS::-nostartfiles -g -Wall -Wextra -fno-tree-loop-distribute-patterns"

TRACE::2026-07-25.16:44:24::SCWMssOS::Running Make libs in ps7_cortexa9_0/libsrc/uartps_v3_11/src

TRACE::2026-07-25.16:44:24::SCWMssOS::make -C ps7_cortexa9_0/libsrc/uartps_v3_11/src -s libs  "SHELL=/bin/sh" "COMPILER=arm-none-eabi-gcc" "ASSEMBLER=arm-none-eabi-a
TRACE::2026-07-25.16:44:24::SCWMssOS::s" "ARCHIVER=arm-none-eabi-ar" "COMPILER_FLAGS=  -O2 -c" "EXTRA_COMPILER_FLAGS=-mcpu=cortex-a9 -mfpu=vfpv3 -mfloat-abi=hard -no
TRACE::2026-07-25.16:44:24::SCWMssOS::startfiles -g -Wall -Wextra -fno-tree-loop-distribute-patterns"

TRACE::2026-07-25.16:44:24::SCWMssOS::Running Make libs in ps7_cortexa9_0/libsrc/usbps_v2_7/src

TRACE::2026-07-25.16:44:24::SCWMssOS::make -C ps7_cortexa9_0/libsrc/usbps_v2_7/src -s libs  "SHELL=/bin/sh" "COMPILER=arm-none-eabi-gcc" "ASSEMBLER=arm-none-eabi-as"
TRACE::2026-07-25.16:44:24::SCWMssOS:: "ARCHIVER=arm-none-eabi-ar" "COMPILER_FLAGS=  -O2 -c" "EXTRA_COMPILER_FLAGS=-mcpu=cortex-a9 -mfpu=vfpv3 -mfloat-abi=hard -nost
TRACE::2026-07-25.16:44:24::SCWMssOS::artfiles -g -Wall -Wextra -fno-tree-loop-distribute-patterns"

TRACE::2026-07-25.16:44:24::SCWMssOS::Running Make libs in ps7_cortexa9_0/libsrc/xadcps_v2_6/src

TRACE::2026-07-25.16:44:24::SCWMssOS::make -C ps7_cortexa9_0/libsrc/xadcps_v2_6/src -s libs  "SHELL=/bin/sh" "COMPILER=arm-none-eabi-gcc" "ASSEMBLER=arm-none-eabi-as
TRACE::2026-07-25.16:44:24::SCWMssOS::" "ARCHIVER=arm-none-eabi-ar" "COMPILER_FLAGS=  -O2 -c" "EXTRA_COMPILER_FLAGS=-mcpu=cortex-a9 -mfpu=vfpv3 -mfloat-abi=hard -nos
TRACE::2026-07-25.16:44:24::SCWMssOS::tartfiles -g -Wall -Wextra -fno-tree-loop-distribute-patterns"

TRACE::2026-07-25.16:44:25::SCWMssOS::Finished building libraries parallelly.

TRACE::2026-07-25.16:44:25::SCWMssOS::make --no-print-directory archive

TRACE::2026-07-25.16:44:25::SCWMssOS::arm-none-eabi-ar -r  ps7_cortexa9_0/lib/libxil.a ps7_cortexa9_0/lib/_exit.o ps7_cortexa9_0/lib/_open.o ps7_cortexa9_0/lib/_sbrk
TRACE::2026-07-25.16:44:25::SCWMssOS::.o ps7_cortexa9_0/lib/abort.o ps7_cortexa9_0/lib/asm_vectors.o ps7_cortexa9_0/lib/boot.o ps7_cortexa9_0/lib/close.o ps7_cortexa
TRACE::2026-07-25.16:44:25::SCWMssOS::9_0/lib/cpputest_time.o ps7_cortexa9_0/lib/cpu_init.o ps7_cortexa9_0/lib/errno.o ps7_cortexa9_0/lib/fcntl.o ps7_cortexa9_0/lib/
TRACE::2026-07-25.16:44:25::SCWMssOS::fstat.o ps7_cortexa9_0/lib/getpid.o ps7_cortexa9_0/lib/inbyte.o ps7_cortexa9_0/lib/isatty.o ps7_cortexa9_0/lib/kill.o ps7_corte
TRACE::2026-07-25.16:44:25::SCWMssOS::xa9_0/lib/lseek.o ps7_cortexa9_0/lib/open.o ps7_cortexa9_0/lib/outbyte.o ps7_cortexa9_0/lib/print.o ps7_cortexa9_0/lib/putnum.o
TRACE::2026-07-25.16:44:25::SCWMssOS:: ps7_cortexa9_0/lib/read.o ps7_cortexa9_0/lib/sbrk.o ps7_cortexa9_0/lib/sleep.o ps7_cortexa9_0/lib/time.o ps7_cortexa9_0/lib/tr
TRACE::2026-07-25.16:44:25::SCWMssOS::anslation_table.o ps7_cortexa9_0/lib/unlink.o ps7_cortexa9_0/lib/usleep.o ps7_cortexa9_0/lib/vectors.o ps7_cortexa9_0/lib/write
TRACE::2026-07-25.16:44:25::SCWMssOS::.o ps7_cortexa9_0/lib/xadcps.o ps7_cortexa9_0/lib/xadcps_g.o ps7_cortexa9_0/lib/xadcps_intr.o ps7_cortexa9_0/lib/xadcps_selftes
TRACE::2026-07-25.16:44:25::SCWMssOS::t.o ps7_cortexa9_0/lib/xadcps_sinit.o ps7_cortexa9_0/lib/xbram.o ps7_cortexa9_0/lib/xbram_g.o ps7_cortexa9_0/lib/xbram_intr.o p
TRACE::2026-07-25.16:44:25::SCWMssOS::s7_cortexa9_0/lib/xbram_selftest.o ps7_cortexa9_0/lib/xbram_sinit.o ps7_cortexa9_0/lib/xcoresightpsdcc.o ps7_cortexa9_0/lib/xde
TRACE::2026-07-25.16:44:25::SCWMssOS::vcfg.o ps7_cortexa9_0/lib/xdevcfg_g.o ps7_cortexa9_0/lib/xdevcfg_hw.o ps7_cortexa9_0/lib/xdevcfg_intr.o ps7_cortexa9_0/lib/xdev
TRACE::2026-07-25.16:44:25::SCWMssOS::cfg_selftest.o ps7_cortexa9_0/lib/xdevcfg_sinit.o ps7_cortexa9_0/lib/xdmaps.o ps7_cortexa9_0/lib/xdmaps_g.o ps7_cortexa9_0/lib/
TRACE::2026-07-25.16:44:25::SCWMssOS::xdmaps_hw.o ps7_cortexa9_0/lib/xdmaps_selftest.o ps7_cortexa9_0/lib/xdmaps_sinit.o ps7_cortexa9_0/lib/xgpiops.o ps7_cortexa9_0/
TRACE::2026-07-25.16:44:25::SCWMssOS::lib/xgpiops_g.o ps7_cortexa9_0/lib/xgpiops_hw.o ps7_cortexa9_0/lib/xgpiops_intr.o ps7_cortexa9_0/lib/xgpiops_selftest.o ps7_cor
TRACE::2026-07-25.16:44:25::SCWMssOS::texa9_0/lib/xgpiops_sinit.o ps7_cortexa9_0/lib/xil-crt0.o ps7_cortexa9_0/lib/xil_assert.o ps7_cortexa9_0/lib/xil_cache.o ps7_co
TRACE::2026-07-25.16:44:25::SCWMssOS::rtexa9_0/lib/xil_clocking.o ps7_cortexa9_0/lib/xil_exception.o ps7_cortexa9_0/lib/xil_mem.o ps7_cortexa9_0/lib/xil_misc_psreset
TRACE::2026-07-25.16:44:25::SCWMssOS::_api.o ps7_cortexa9_0/lib/xil_mmu.o ps7_cortexa9_0/lib/xil_printf.o ps7_cortexa9_0/lib/xil_sleepcommon.o ps7_cortexa9_0/lib/xil
TRACE::2026-07-25.16:44:25::SCWMssOS::_sleeptimer.o ps7_cortexa9_0/lib/xil_spinlock.o ps7_cortexa9_0/lib/xil_testcache.o ps7_cortexa9_0/lib/xil_testio.o ps7_cortexa9
TRACE::2026-07-25.16:44:25::SCWMssOS::_0/lib/xil_testmem.o ps7_cortexa9_0/lib/xil_util.o ps7_cortexa9_0/lib/xinterrupt_wrap.o ps7_cortexa9_0/lib/xl2cc_counter.o ps7_
TRACE::2026-07-25.16:44:25::SCWMssOS::cortexa9_0/lib/xplatform_info.o ps7_cortexa9_0/lib/xpm_counter.o ps7_cortexa9_0/lib/xqspips.o ps7_cortexa9_0/lib/xqspips_g.o ps
TRACE::2026-07-25.16:44:25::SCWMssOS::7_cortexa9_0/lib/xqspips_hw.o ps7_cortexa9_0/lib/xqspips_options.o ps7_cortexa9_0/lib/xqspips_selftest.o ps7_cortexa9_0/lib/xqs
TRACE::2026-07-25.16:44:25::SCWMssOS::pips_sinit.o ps7_cortexa9_0/lib/xscugic.o ps7_cortexa9_0/lib/xscugic_g.o ps7_cortexa9_0/lib/xscugic_hw.o ps7_cortexa9_0/lib/xsc
TRACE::2026-07-25.16:44:25::SCWMssOS::ugic_intr.o ps7_cortexa9_0/lib/xscugic_selftest.o ps7_cortexa9_0/lib/xscugic_sinit.o ps7_cortexa9_0/lib/xscutimer.o ps7_cortexa
TRACE::2026-07-25.16:44:25::SCWMssOS::9_0/lib/xscutimer_g.o ps7_cortexa9_0/lib/xscutimer_selftest.o ps7_cortexa9_0/lib/xscutimer_sinit.o ps7_cortexa9_0/lib/xscuwdt.o
TRACE::2026-07-25.16:44:25::SCWMssOS:: ps7_cortexa9_0/lib/xscuwdt_g.o ps7_cortexa9_0/lib/xscuwdt_selftest.o ps7_cortexa9_0/lib/xscuwdt_sinit.o ps7_cortexa9_0/lib/xsd
TRACE::2026-07-25.16:44:25::SCWMssOS::ps.o ps7_cortexa9_0/lib/xsdps_card.o ps7_cortexa9_0/lib/xsdps_g.o ps7_cortexa9_0/lib/xsdps_host.o ps7_cortexa9_0/lib/xsdps_opti
TRACE::2026-07-25.16:44:25::SCWMssOS::ons.o ps7_cortexa9_0/lib/xsdps_sinit.o ps7_cortexa9_0/lib/xspips.o ps7_cortexa9_0/lib/xspips_g.o ps7_cortexa9_0/lib/xspips_hw.o
TRACE::2026-07-25.16:44:25::SCWMssOS:: ps7_cortexa9_0/lib/xspips_options.o ps7_cortexa9_0/lib/xspips_selftest.o ps7_cortexa9_0/lib/xspips_sinit.o ps7_cortexa9_0/lib/
TRACE::2026-07-25.16:44:25::SCWMssOS::xtime_l.o ps7_cortexa9_0/lib/xuartps.o ps7_cortexa9_0/lib/xuartps_g.o ps7_cortexa9_0/lib/xuartps_hw.o ps7_cortexa9_0/lib/xuartp
TRACE::2026-07-25.16:44:25::SCWMssOS::s_intr.o ps7_cortexa9_0/lib/xuartps_options.o ps7_cortexa9_0/lib/xuartps_selftest.o ps7_cortexa9_0/lib/xuartps_sinit.o ps7_cort
TRACE::2026-07-25.16:44:25::SCWMssOS::exa9_0/lib/xusbps.o ps7_cortexa9_0/lib/xusbps_endpoint.o ps7_cortexa9_0/lib/xusbps_g.o ps7_cortexa9_0/lib/xusbps_hw.o ps7_corte
TRACE::2026-07-25.16:44:25::SCWMssOS::xa9_0/lib/xusbps_intr.o ps7_cortexa9_0/lib/xusbps_sinit.o

TRACE::2026-07-25.16:44:25::SCWMssOS::Finished building libraries

TRACE::2026-07-25.16:44:25::SCWMssOS:: Checking if to create the Supporting Applications
TRACE::2026-07-25.16:44:25::SCWMssOS:: No Linux domain exists, trying to generate FSBL 
LOG::2026-07-25.16:44:25::SCWSystem::Completed Processing the domain standalone_domain
LOG::2026-07-25.16:44:25::SCWSystem::Completed Processing the sysconfig milestone2
LOG::2026-07-25.16:44:25::SCWPlatform::Completed generating the artifacts for system configuration milestone2
TRACE::2026-07-25.16:44:25::SCWPlatform::Started preparing the platform 
TRACE::2026-07-25.16:44:25::SCWSystem::Writing the bif file for system config milestone2
TRACE::2026-07-25.16:44:25::SCWSystem::dir created 
TRACE::2026-07-25.16:44:25::SCWSystem::Writing the bif 
TRACE::2026-07-25.16:44:25::SCWPlatform::Started writing the spfm file 
TRACE::2026-07-25.16:44:25::SCWPlatform::Started writing the xpfm file 
TRACE::2026-07-25.16:44:25::SCWPlatform::Completed generating the platform
TRACE::2026-07-25.16:44:25::SCWMssOS::Saving the mss changes /home/ran/Documents/uni/s10/asip_lab/vitis_ws/milestone2/zynq_fsbl/zynq_fsbl_bsp/system.mss
TRACE::2026-07-25.16:44:25::SCWMssOS::Found a swdesign opened with the mssfile.
TRACE::2026-07-25.16:44:25::SCWMssOS::Completed writemss as part of save.
TRACE::2026-07-25.16:44:25::SCWMssOS::Commit changes completed.
TRACE::2026-07-25.16:44:25::SCWMssOS::Saving the mss changes /home/ran/Documents/uni/s10/asip_lab/vitis_ws/milestone2/ps7_cortexa9_0/standalone_domain/bsp/system.mss
TRACE::2026-07-25.16:44:25::SCWMssOS::Adding the swdes entry, mss present, able to open swdb /home/ran/Documents/uni/s10/asip_lab/vitis_ws/milestone2/ps7_cortexa9_0/standalone_domain/bsp/system.mss with des name system_0
TRACE::2026-07-25.16:44:25::SCWMssOS::Writing the mss file completed /home/ran/Documents/uni/s10/asip_lab/vitis_ws/milestone2/ps7_cortexa9_0/standalone_domain/bsp/system.mss
TRACE::2026-07-25.16:44:25::SCWMssOS::Commit changes completed.
TRACE::2026-07-25.16:44:25::SCWPlatform::Trying to open the hw design at /home/ran/Documents/uni/s10/asip_lab/vitis_ws/milestone2/hw/design_1_wrapper.xsa
TRACE::2026-07-25.16:44:25::SCWPlatform::DSA given /home/ran/Documents/uni/s10/asip_lab/vitis_ws/milestone2/hw/design_1_wrapper.xsa
TRACE::2026-07-25.16:44:25::SCWPlatform::DSA absoulate path /home/ran/Documents/uni/s10/asip_lab/vitis_ws/milestone2/hw/design_1_wrapper.xsa
TRACE::2026-07-25.16:44:25::SCWPlatform::DSA directory /home/ran/Documents/uni/s10/asip_lab/vitis_ws/milestone2/hw
TRACE::2026-07-25.16:44:25::SCWPlatform:: Platform Path /home/ran/Documents/uni/s10/asip_lab/vitis_ws/milestone2/hw/design_1_wrapper.xsa
TRACE::2026-07-25.16:44:25::SCWPlatform:: Unique name xilinx:::0.0
TRACE::2026-07-25.16:44:25::SCWPlatform::Trying to set the existing hwdb with name design_1_wrapper_1
TRACE::2026-07-25.16:44:25::SCWPlatform::Opened existing hwdb design_1_wrapper_1
TRACE::2026-07-25.16:44:25::SCWPlatform::Found the Hw Db part of the input DSA
TRACE::2026-07-25.16:44:25::SCWMssOS::Checking the sw design at  /home/ran/Documents/uni/s10/asip_lab/vitis_ws/milestone2/zynq_fsbl/zynq_fsbl_bsp/system.mss
TRACE::2026-07-25.16:44:25::SCWMssOS::DEBUG:  swdes dump  /home/ran/Documents/uni/s10/asip_lab/vitis_ws/milestone2/ps7_cortexa9_0/standalone_domain/bsp/system.mss|system_0||
/home/ran/Documents/uni/s10/asip_lab/vitis_ws/milestone2/zynq_fsbl/zynq_fsbl_bsp/system.mss|system||

TRACE::2026-07-25.16:44:25::SCWMssOS::Sw design exists and opened at  /home/ran/Documents/uni/s10/asip_lab/vitis_ws/milestone2/zynq_fsbl/zynq_fsbl_bsp/system.mss
TRACE::2026-07-25.16:44:25::SCWPlatform::Trying to open the hw design at /home/ran/Documents/uni/s10/asip_lab/vitis_ws/milestone2/hw/design_1_wrapper.xsa
TRACE::2026-07-25.16:44:25::SCWPlatform::DSA given /home/ran/Documents/uni/s10/asip_lab/vitis_ws/milestone2/hw/design_1_wrapper.xsa
TRACE::2026-07-25.16:44:25::SCWPlatform::DSA absoulate path /home/ran/Documents/uni/s10/asip_lab/vitis_ws/milestone2/hw/design_1_wrapper.xsa
TRACE::2026-07-25.16:44:25::SCWPlatform::DSA directory /home/ran/Documents/uni/s10/asip_lab/vitis_ws/milestone2/hw
TRACE::2026-07-25.16:44:25::SCWPlatform:: Platform Path /home/ran/Documents/uni/s10/asip_lab/vitis_ws/milestone2/hw/design_1_wrapper.xsa
TRACE::2026-07-25.16:44:25::SCWPlatform:: Unique name xilinx:::0.0
TRACE::2026-07-25.16:44:25::SCWPlatform::Trying to set the existing hwdb with name design_1_wrapper_1
TRACE::2026-07-25.16:44:25::SCWPlatform::Opened existing hwdb design_1_wrapper_1
TRACE::2026-07-25.16:44:25::SCWPlatform::Found the Hw Db part of the input DSA
TRACE::2026-07-25.16:44:25::SCWMssOS::Checking the sw design at  /home/ran/Documents/uni/s10/asip_lab/vitis_ws/milestone2/ps7_cortexa9_0/standalone_domain/bsp/system.mss
TRACE::2026-07-25.16:44:25::SCWMssOS::DEBUG:  swdes dump  /home/ran/Documents/uni/s10/asip_lab/vitis_ws/milestone2/ps7_cortexa9_0/standalone_domain/bsp/system.mss|system_0||
/home/ran/Documents/uni/s10/asip_lab/vitis_ws/milestone2/zynq_fsbl/zynq_fsbl_bsp/system.mss|system||

TRACE::2026-07-25.16:44:25::SCWMssOS::Sw design exists and opened at  /home/ran/Documents/uni/s10/asip_lab/vitis_ws/milestone2/ps7_cortexa9_0/standalone_domain/bsp/system.mss
TRACE::2026-07-25.16:44:25::SCWWriter::formatted JSON is {
	"platformName":	"milestone2",
	"sprVersion":	"2.0",
	"mode":	"gui",
	"dsaType":	"Fixed",
	"platformDesc":	"milestone2",
	"platHandOff":	"/home/ran/Documents/uni/s10/asip_lab/final_project/design_1_wrapper.xsa",
	"platIntHandOff":	"<platformDir>/hw/design_1_wrapper.xsa",
	"deviceType":	"zynq",
	"platIsPrebuiltAutogen":	"false",
	"platIsNoBootBsp":	"false",
	"hasFsblMakeHasChanges":	"false",
	"hasPmufwMakeHasChanges":	"false",
	"fsblExtraCompilerFlags":	"-MMD -MP       -mcpu=cortex-a9 -mfpu=vfpv3 -mfloat-abi=hard ",
	"platPreBuiltFlag":	false,
	"platformSamplesDir":	"",
	"platActiveSys":	"milestone2",
	"systems":	[{
			"systemName":	"milestone2",
			"systemDesc":	"milestone2",
			"sysIsBootAutoGen":	"true",
			"systemDispName":	"milestone2",
			"sysActiveDom":	"zynq_fsbl",
			"sysDefaultDom":	"standalone_domain",
			"domains":	[{
					"domainName":	"zynq_fsbl",
					"domainDispName":	"zynq_fsbl",
					"domainDesc":	"FSBL Application BSP - Auto Generated.",
					"processors":	"ps7_cortexa9_0",
					"os":	"standalone",
					"sdxOs":	"standalone",
					"debugEnable":	"",
					"domRuntimes":	["cpp"],
					"swRepo":	"",
					"mssOsVer":	"8.0",
					"mssFile":	"",
					"md5Digest":	"5190a0a8ca228895166de3d006f5d4d11",
					"compatibleApp":	"zynq_fsbl",
					"domType":	"bootDomain",
					"arch":	"32-bit",
					"appSettings":	{
						"appCompilerFlags":	"",
						"appLinkerFlags":	""
					},
					"addedLibs":	["xilffs:4.8", "xilrsa:1.6"],
					"libOptions":	{
						"standalone":	{
							"stdin":	"ps7_coresight_comp_0",
							"stdout":	"ps7_coresight_comp_0",
							"libOptionNames":	["stdin", "stdout"]
						},
						"libsContainingOptions":	["standalone"]
					},
					"prebuiltLibs":	{
						"prebuiltIncPath":	[],
						"prebuiltLibPath":	[]
					},
					"isolation":	{
					}
				}, {
					"domainName":	"standalone_domain",
					"domainDispName":	"standalone on ps7_cortexa9_0",
					"domainDesc":	"standalone_domain",
					"processors":	"ps7_cortexa9_0",
					"os":	"standalone",
					"sdxOs":	"standalone",
					"qemuArgs":	"<platformDir>/resources/milestone2/standalone_domain/qemu_args.txt",
					"qemuData":	"<platformDir>/resources/milestone2/standalone_domain/qemu",
					"debugEnable":	"False",
					"domRuntimes":	["cpp"],
					"swRepo":	"",
					"mssOsVer":	"8.0",
					"mssFile":	"",
					"md5Digest":	"25886e0fbe9d4ff5df7468588603f3f0",
					"compatibleApp":	"",
					"domType":	"mssDomain",
					"appSettings":	{
						"appCompilerFlags":	"",
						"appLinkerFlags":	""
					},
					"addedLibs":	[],
					"libOptions":	{
						"standalone":	{
							"stdin":	"ps7_coresight_comp_0",
							"stdout":	"ps7_coresight_comp_0",
							"libOptionNames":	["stdin", "stdout"]
						},
						"libsContainingOptions":	["standalone"]
					},
					"prebuiltLibs":	{
						"prebuiltIncPath":	[],
						"prebuiltLibPath":	[]
					},
					"isolation":	{
					}
				}]
		}]
}
KEYINFO::2026-07-25.16:44:25::SCWPlatform::updated the xpfm file.
TRACE::2026-07-25.16:44:25::SCWPlatform::Trying to open the hw design at /home/ran/Documents/uni/s10/asip_lab/vitis_ws/milestone2/hw/design_1_wrapper.xsa
TRACE::2026-07-25.16:44:25::SCWPlatform::DSA given /home/ran/Documents/uni/s10/asip_lab/vitis_ws/milestone2/hw/design_1_wrapper.xsa
TRACE::2026-07-25.16:44:25::SCWPlatform::DSA absoulate path /home/ran/Documents/uni/s10/asip_lab/vitis_ws/milestone2/hw/design_1_wrapper.xsa
TRACE::2026-07-25.16:44:25::SCWPlatform::DSA directory /home/ran/Documents/uni/s10/asip_lab/vitis_ws/milestone2/hw
TRACE::2026-07-25.16:44:25::SCWPlatform:: Platform Path /home/ran/Documents/uni/s10/asip_lab/vitis_ws/milestone2/hw/design_1_wrapper.xsa
TRACE::2026-07-25.16:44:25::SCWPlatform:: Unique name xilinx:::0.0
TRACE::2026-07-25.16:44:25::SCWPlatform::Trying to set the existing hwdb with name design_1_wrapper_1
TRACE::2026-07-25.16:44:25::SCWPlatform::Opened existing hwdb design_1_wrapper_1
TRACE::2026-07-25.16:44:25::SCWPlatform::Found the Hw Db part of the input DSA
TRACE::2026-07-25.16:44:25::SCWMssOS::Checking the sw design at  /home/ran/Documents/uni/s10/asip_lab/vitis_ws/milestone2/ps7_cortexa9_0/standalone_domain/bsp/system.mss
TRACE::2026-07-25.16:44:25::SCWMssOS::DEBUG:  swdes dump  /home/ran/Documents/uni/s10/asip_lab/vitis_ws/milestone2/ps7_cortexa9_0/standalone_domain/bsp/system.mss|system_0||
/home/ran/Documents/uni/s10/asip_lab/vitis_ws/milestone2/zynq_fsbl/zynq_fsbl_bsp/system.mss|system||

TRACE::2026-07-25.16:44:25::SCWMssOS::Sw design exists and opened at  /home/ran/Documents/uni/s10/asip_lab/vitis_ws/milestone2/ps7_cortexa9_0/standalone_domain/bsp/system.mss
TRACE::2026-07-26.14:31:40::SCWPlatform::Trying to open the hw design at /home/ran/Documents/uni/s10/asip_lab/vitis_ws/milestone2/hw/design_1_wrapper.xsa
TRACE::2026-07-26.14:31:40::SCWPlatform::DSA given /home/ran/Documents/uni/s10/asip_lab/vitis_ws/milestone2/hw/design_1_wrapper.xsa
TRACE::2026-07-26.14:31:40::SCWPlatform::DSA absoulate path /home/ran/Documents/uni/s10/asip_lab/vitis_ws/milestone2/hw/design_1_wrapper.xsa
TRACE::2026-07-26.14:31:40::SCWPlatform::DSA directory /home/ran/Documents/uni/s10/asip_lab/vitis_ws/milestone2/hw
TRACE::2026-07-26.14:31:40::SCWPlatform:: Platform Path /home/ran/Documents/uni/s10/asip_lab/vitis_ws/milestone2/hw/design_1_wrapper.xsa
TRACE::2026-07-26.14:31:40::SCWPlatform:: Unique name xilinx:::0.0
TRACE::2026-07-26.14:31:40::SCWPlatform::Do not have an existing db opened. 
TRACE::2026-07-26.14:31:41::SCWPlatform::Opened new HwDB with name design_1_wrapper_6
TRACE::2026-07-26.14:31:41::SCWReader::Active system found as  milestone2
TRACE::2026-07-26.14:31:41::SCWReader::Handling sysconfig milestone2
TRACE::2026-07-26.14:31:41::SCWDomain::checking for install qemu data   : 
TRACE::2026-07-26.14:31:41::SCWDomain:: Using the QEMU Data from install at  : /home/ran/bin/Xilinx/Vitis/2022.2/data/emulation/platforms/zynq/sw/a9_standalone/qemu/
TRACE::2026-07-26.14:31:41::SCWDomain:: Using the QEMU args  from install at  : /home/ran/bin/Xilinx/Vitis/2022.2/data/emulation/platforms/zynq/sw/a9_standalone/qemu/qemu_args.txt
TRACE::2026-07-26.14:31:41::SCWPlatform::Trying to open the hw design at /home/ran/Documents/uni/s10/asip_lab/vitis_ws/milestone2/hw/design_1_wrapper.xsa
TRACE::2026-07-26.14:31:41::SCWPlatform::DSA given /home/ran/Documents/uni/s10/asip_lab/vitis_ws/milestone2/hw/design_1_wrapper.xsa
TRACE::2026-07-26.14:31:41::SCWPlatform::DSA absoulate path /home/ran/Documents/uni/s10/asip_lab/vitis_ws/milestone2/hw/design_1_wrapper.xsa
TRACE::2026-07-26.14:31:41::SCWPlatform::DSA directory /home/ran/Documents/uni/s10/asip_lab/vitis_ws/milestone2/hw
TRACE::2026-07-26.14:31:41::SCWPlatform:: Platform Path /home/ran/Documents/uni/s10/asip_lab/vitis_ws/milestone2/hw/design_1_wrapper.xsa
TRACE::2026-07-26.14:31:41::SCWPlatform:: Unique name xilinx:::0.0
TRACE::2026-07-26.14:31:41::SCWPlatform::Trying to set the existing hwdb with name design_1_wrapper_6
TRACE::2026-07-26.14:31:41::SCWPlatform::Opened existing hwdb design_1_wrapper_6
TRACE::2026-07-26.14:31:41::SCWPlatform::Found the Hw Db part of the input DSA
TRACE::2026-07-26.14:31:41::SCWPlatform::Trying to open the hw design at /home/ran/Documents/uni/s10/asip_lab/vitis_ws/milestone2/hw/design_1_wrapper.xsa
TRACE::2026-07-26.14:31:41::SCWPlatform::DSA given /home/ran/Documents/uni/s10/asip_lab/vitis_ws/milestone2/hw/design_1_wrapper.xsa
TRACE::2026-07-26.14:31:41::SCWPlatform::DSA absoulate path /home/ran/Documents/uni/s10/asip_lab/vitis_ws/milestone2/hw/design_1_wrapper.xsa
TRACE::2026-07-26.14:31:41::SCWPlatform::DSA directory /home/ran/Documents/uni/s10/asip_lab/vitis_ws/milestone2/hw
TRACE::2026-07-26.14:31:41::SCWPlatform:: Platform Path /home/ran/Documents/uni/s10/asip_lab/vitis_ws/milestone2/hw/design_1_wrapper.xsa
TRACE::2026-07-26.14:31:41::SCWPlatform:: Unique name xilinx:::0.0
TRACE::2026-07-26.14:31:41::SCWPlatform::Trying to set the existing hwdb with name design_1_wrapper_6
TRACE::2026-07-26.14:31:41::SCWPlatform::Opened existing hwdb design_1_wrapper_6
TRACE::2026-07-26.14:31:41::SCWPlatform::Found the Hw Db part of the input DSA
TRACE::2026-07-26.14:31:41::SCWPlatform::Trying to open the hw design at /home/ran/Documents/uni/s10/asip_lab/vitis_ws/milestone2/hw/design_1_wrapper.xsa
TRACE::2026-07-26.14:31:41::SCWPlatform::DSA given /home/ran/Documents/uni/s10/asip_lab/vitis_ws/milestone2/hw/design_1_wrapper.xsa
TRACE::2026-07-26.14:31:41::SCWPlatform::DSA absoulate path /home/ran/Documents/uni/s10/asip_lab/vitis_ws/milestone2/hw/design_1_wrapper.xsa
TRACE::2026-07-26.14:31:41::SCWPlatform::DSA directory /home/ran/Documents/uni/s10/asip_lab/vitis_ws/milestone2/hw
TRACE::2026-07-26.14:31:41::SCWPlatform:: Platform Path /home/ran/Documents/uni/s10/asip_lab/vitis_ws/milestone2/hw/design_1_wrapper.xsa
TRACE::2026-07-26.14:31:41::SCWPlatform:: Unique name xilinx:::0.0
TRACE::2026-07-26.14:31:41::SCWPlatform::Trying to set the existing hwdb with name design_1_wrapper_6
TRACE::2026-07-26.14:31:41::SCWPlatform::Opened existing hwdb design_1_wrapper_6
TRACE::2026-07-26.14:31:41::SCWPlatform::Found the Hw Db part of the input DSA
TRACE::2026-07-26.14:31:41::SCWReader::Boot application domain added for zynq_fsbl
TRACE::2026-07-26.14:31:41::SCWPlatform::Trying to open the hw design at /home/ran/Documents/uni/s10/asip_lab/vitis_ws/milestone2/hw/design_1_wrapper.xsa
TRACE::2026-07-26.14:31:41::SCWPlatform::DSA given /home/ran/Documents/uni/s10/asip_lab/vitis_ws/milestone2/hw/design_1_wrapper.xsa
TRACE::2026-07-26.14:31:41::SCWPlatform::DSA absoulate path /home/ran/Documents/uni/s10/asip_lab/vitis_ws/milestone2/hw/design_1_wrapper.xsa
TRACE::2026-07-26.14:31:41::SCWPlatform::DSA directory /home/ran/Documents/uni/s10/asip_lab/vitis_ws/milestone2/hw
TRACE::2026-07-26.14:31:41::SCWPlatform:: Platform Path /home/ran/Documents/uni/s10/asip_lab/vitis_ws/milestone2/hw/design_1_wrapper.xsa
TRACE::2026-07-26.14:31:41::SCWPlatform:: Unique name xilinx:::0.0
TRACE::2026-07-26.14:31:41::SCWPlatform::Trying to set the existing hwdb with name design_1_wrapper_6
TRACE::2026-07-26.14:31:41::SCWPlatform::Opened existing hwdb design_1_wrapper_6
TRACE::2026-07-26.14:31:41::SCWPlatform::Found the Hw Db part of the input DSA
TRACE::2026-07-26.14:31:41::SCWMssOS::Checking the sw design at  /home/ran/Documents/uni/s10/asip_lab/vitis_ws/milestone2/zynq_fsbl/zynq_fsbl_bsp/system.mss
TRACE::2026-07-26.14:31:41::SCWMssOS::DEBUG:  swdes dump  
TRACE::2026-07-26.14:31:41::SCWMssOS::No sw design opened at  /home/ran/Documents/uni/s10/asip_lab/vitis_ws/milestone2/zynq_fsbl/zynq_fsbl_bsp/system.mss
TRACE::2026-07-26.14:31:41::SCWMssOS::mss exists loading the mss file  /home/ran/Documents/uni/s10/asip_lab/vitis_ws/milestone2/zynq_fsbl/zynq_fsbl_bsp/system.mss
TRACE::2026-07-26.14:31:41::SCWMssOS::Opened the sw design from mss  /home/ran/Documents/uni/s10/asip_lab/vitis_ws/milestone2/zynq_fsbl/zynq_fsbl_bsp/system.mss
TRACE::2026-07-26.14:31:41::SCWMssOS::Adding the swdes entry /home/ran/Documents/uni/s10/asip_lab/vitis_ws/milestone2/zynq_fsbl/zynq_fsbl_bsp/system.mss with des name system
TRACE::2026-07-26.14:31:41::SCWMssOS::updating the scw layer about changes
TRACE::2026-07-26.14:31:41::SCWMssOS::Opened the sw design.  /home/ran/Documents/uni/s10/asip_lab/vitis_ws/milestone2/zynq_fsbl/zynq_fsbl_bsp/system.mss
TRACE::2026-07-26.14:31:41::SCWPlatform::Trying to open the hw design at /home/ran/Documents/uni/s10/asip_lab/vitis_ws/milestone2/hw/design_1_wrapper.xsa
TRACE::2026-07-26.14:31:41::SCWPlatform::DSA given /home/ran/Documents/uni/s10/asip_lab/vitis_ws/milestone2/hw/design_1_wrapper.xsa
TRACE::2026-07-26.14:31:41::SCWPlatform::DSA absoulate path /home/ran/Documents/uni/s10/asip_lab/vitis_ws/milestone2/hw/design_1_wrapper.xsa
TRACE::2026-07-26.14:31:41::SCWPlatform::DSA directory /home/ran/Documents/uni/s10/asip_lab/vitis_ws/milestone2/hw
TRACE::2026-07-26.14:31:41::SCWPlatform:: Platform Path /home/ran/Documents/uni/s10/asip_lab/vitis_ws/milestone2/hw/design_1_wrapper.xsa
TRACE::2026-07-26.14:31:41::SCWPlatform:: Unique name xilinx:::0.0
TRACE::2026-07-26.14:31:41::SCWPlatform::Trying to set the existing hwdb with name design_1_wrapper_6
TRACE::2026-07-26.14:31:41::SCWPlatform::Opened existing hwdb design_1_wrapper_6
TRACE::2026-07-26.14:31:41::SCWPlatform::Found the Hw Db part of the input DSA
TRACE::2026-07-26.14:31:41::SCWMssOS::Checking the sw design at  /home/ran/Documents/uni/s10/asip_lab/vitis_ws/milestone2/zynq_fsbl/zynq_fsbl_bsp/system.mss
TRACE::2026-07-26.14:31:41::SCWMssOS::DEBUG:  swdes dump  /home/ran/Documents/uni/s10/asip_lab/vitis_ws/milestone2/zynq_fsbl/zynq_fsbl_bsp/system.mss|system||

TRACE::2026-07-26.14:31:41::SCWMssOS::Sw design exists and opened at  /home/ran/Documents/uni/s10/asip_lab/vitis_ws/milestone2/zynq_fsbl/zynq_fsbl_bsp/system.mss
TRACE::2026-07-26.14:31:41::SCWMssOS:: library already available in sw design:  xilffs:4.8
TRACE::2026-07-26.14:31:41::SCWPlatform::Trying to open the hw design at /home/ran/Documents/uni/s10/asip_lab/vitis_ws/milestone2/hw/design_1_wrapper.xsa
TRACE::2026-07-26.14:31:41::SCWPlatform::DSA given /home/ran/Documents/uni/s10/asip_lab/vitis_ws/milestone2/hw/design_1_wrapper.xsa
TRACE::2026-07-26.14:31:41::SCWPlatform::DSA absoulate path /home/ran/Documents/uni/s10/asip_lab/vitis_ws/milestone2/hw/design_1_wrapper.xsa
TRACE::2026-07-26.14:31:41::SCWPlatform::DSA directory /home/ran/Documents/uni/s10/asip_lab/vitis_ws/milestone2/hw
TRACE::2026-07-26.14:31:41::SCWPlatform:: Platform Path /home/ran/Documents/uni/s10/asip_lab/vitis_ws/milestone2/hw/design_1_wrapper.xsa
TRACE::2026-07-26.14:31:41::SCWPlatform:: Unique name xilinx:::0.0
TRACE::2026-07-26.14:31:41::SCWPlatform::Trying to set the existing hwdb with name design_1_wrapper_6
TRACE::2026-07-26.14:31:41::SCWPlatform::Opened existing hwdb design_1_wrapper_6
TRACE::2026-07-26.14:31:41::SCWPlatform::Found the Hw Db part of the input DSA
TRACE::2026-07-26.14:31:41::SCWMssOS::Checking the sw design at  /home/ran/Documents/uni/s10/asip_lab/vitis_ws/milestone2/zynq_fsbl/zynq_fsbl_bsp/system.mss
TRACE::2026-07-26.14:31:41::SCWMssOS::DEBUG:  swdes dump  /home/ran/Documents/uni/s10/asip_lab/vitis_ws/milestone2/zynq_fsbl/zynq_fsbl_bsp/system.mss|system||

TRACE::2026-07-26.14:31:41::SCWMssOS::Sw design exists and opened at  /home/ran/Documents/uni/s10/asip_lab/vitis_ws/milestone2/zynq_fsbl/zynq_fsbl_bsp/system.mss
TRACE::2026-07-26.14:31:41::SCWMssOS:: library already available in sw design:  xilrsa:1.6
TRACE::2026-07-26.14:31:41::SCWPlatform::Trying to open the hw design at /home/ran/Documents/uni/s10/asip_lab/vitis_ws/milestone2/hw/design_1_wrapper.xsa
TRACE::2026-07-26.14:31:41::SCWPlatform::DSA given /home/ran/Documents/uni/s10/asip_lab/vitis_ws/milestone2/hw/design_1_wrapper.xsa
TRACE::2026-07-26.14:31:41::SCWPlatform::DSA absoulate path /home/ran/Documents/uni/s10/asip_lab/vitis_ws/milestone2/hw/design_1_wrapper.xsa
TRACE::2026-07-26.14:31:41::SCWPlatform::DSA directory /home/ran/Documents/uni/s10/asip_lab/vitis_ws/milestone2/hw
TRACE::2026-07-26.14:31:41::SCWPlatform:: Platform Path /home/ran/Documents/uni/s10/asip_lab/vitis_ws/milestone2/hw/design_1_wrapper.xsa
TRACE::2026-07-26.14:31:41::SCWPlatform:: Unique name xilinx:::0.0
TRACE::2026-07-26.14:31:41::SCWPlatform::Trying to set the existing hwdb with name design_1_wrapper_6
TRACE::2026-07-26.14:31:41::SCWPlatform::Opened existing hwdb design_1_wrapper_6
TRACE::2026-07-26.14:31:41::SCWPlatform::Found the Hw Db part of the input DSA
TRACE::2026-07-26.14:31:41::SCWMssOS::Checking the sw design at  /home/ran/Documents/uni/s10/asip_lab/vitis_ws/milestone2/zynq_fsbl/zynq_fsbl_bsp/system.mss
TRACE::2026-07-26.14:31:41::SCWMssOS::DEBUG:  swdes dump  /home/ran/Documents/uni/s10/asip_lab/vitis_ws/milestone2/zynq_fsbl/zynq_fsbl_bsp/system.mss|system||

TRACE::2026-07-26.14:31:41::SCWMssOS::Sw design exists and opened at  /home/ran/Documents/uni/s10/asip_lab/vitis_ws/milestone2/zynq_fsbl/zynq_fsbl_bsp/system.mss
TRACE::2026-07-26.14:31:41::SCWPlatform::Trying to open the hw design at /home/ran/Documents/uni/s10/asip_lab/vitis_ws/milestone2/hw/design_1_wrapper.xsa
TRACE::2026-07-26.14:31:41::SCWPlatform::DSA given /home/ran/Documents/uni/s10/asip_lab/vitis_ws/milestone2/hw/design_1_wrapper.xsa
TRACE::2026-07-26.14:31:41::SCWPlatform::DSA absoulate path /home/ran/Documents/uni/s10/asip_lab/vitis_ws/milestone2/hw/design_1_wrapper.xsa
TRACE::2026-07-26.14:31:41::SCWPlatform::DSA directory /home/ran/Documents/uni/s10/asip_lab/vitis_ws/milestone2/hw
TRACE::2026-07-26.14:31:41::SCWPlatform:: Platform Path /home/ran/Documents/uni/s10/asip_lab/vitis_ws/milestone2/hw/design_1_wrapper.xsa
TRACE::2026-07-26.14:31:41::SCWPlatform:: Unique name xilinx:::0.0
TRACE::2026-07-26.14:31:41::SCWPlatform::Trying to set the existing hwdb with name design_1_wrapper_6
TRACE::2026-07-26.14:31:41::SCWPlatform::Opened existing hwdb design_1_wrapper_6
TRACE::2026-07-26.14:31:41::SCWPlatform::Found the Hw Db part of the input DSA
TRACE::2026-07-26.14:31:41::SCWMssOS::Checking the sw design at  /home/ran/Documents/uni/s10/asip_lab/vitis_ws/milestone2/zynq_fsbl/zynq_fsbl_bsp/system.mss
TRACE::2026-07-26.14:31:41::SCWMssOS::DEBUG:  swdes dump  /home/ran/Documents/uni/s10/asip_lab/vitis_ws/milestone2/zynq_fsbl/zynq_fsbl_bsp/system.mss|system||

TRACE::2026-07-26.14:31:41::SCWMssOS::Sw design exists and opened at  /home/ran/Documents/uni/s10/asip_lab/vitis_ws/milestone2/zynq_fsbl/zynq_fsbl_bsp/system.mss
TRACE::2026-07-26.14:31:41::SCWPlatform::Trying to open the hw design at /home/ran/Documents/uni/s10/asip_lab/vitis_ws/milestone2/hw/design_1_wrapper.xsa
TRACE::2026-07-26.14:31:41::SCWPlatform::DSA given /home/ran/Documents/uni/s10/asip_lab/vitis_ws/milestone2/hw/design_1_wrapper.xsa
TRACE::2026-07-26.14:31:41::SCWPlatform::DSA absoulate path /home/ran/Documents/uni/s10/asip_lab/vitis_ws/milestone2/hw/design_1_wrapper.xsa
TRACE::2026-07-26.14:31:41::SCWPlatform::DSA directory /home/ran/Documents/uni/s10/asip_lab/vitis_ws/milestone2/hw
TRACE::2026-07-26.14:31:41::SCWPlatform:: Platform Path /home/ran/Documents/uni/s10/asip_lab/vitis_ws/milestone2/hw/design_1_wrapper.xsa
TRACE::2026-07-26.14:31:41::SCWPlatform:: Unique name xilinx:::0.0
TRACE::2026-07-26.14:31:41::SCWPlatform::Trying to set the existing hwdb with name design_1_wrapper_6
TRACE::2026-07-26.14:31:41::SCWPlatform::Opened existing hwdb design_1_wrapper_6
TRACE::2026-07-26.14:31:41::SCWPlatform::Found the Hw Db part of the input DSA
TRACE::2026-07-26.14:31:41::SCWMssOS::Checking the sw design at  /home/ran/Documents/uni/s10/asip_lab/vitis_ws/milestone2/zynq_fsbl/zynq_fsbl_bsp/system.mss
TRACE::2026-07-26.14:31:41::SCWMssOS::DEBUG:  swdes dump  /home/ran/Documents/uni/s10/asip_lab/vitis_ws/milestone2/zynq_fsbl/zynq_fsbl_bsp/system.mss|system||

TRACE::2026-07-26.14:31:41::SCWMssOS::Sw design exists and opened at  /home/ran/Documents/uni/s10/asip_lab/vitis_ws/milestone2/zynq_fsbl/zynq_fsbl_bsp/system.mss
TRACE::2026-07-26.14:31:41::SCWPlatform::Trying to open the hw design at /home/ran/Documents/uni/s10/asip_lab/vitis_ws/milestone2/hw/design_1_wrapper.xsa
TRACE::2026-07-26.14:31:41::SCWPlatform::DSA given /home/ran/Documents/uni/s10/asip_lab/vitis_ws/milestone2/hw/design_1_wrapper.xsa
TRACE::2026-07-26.14:31:41::SCWPlatform::DSA absoulate path /home/ran/Documents/uni/s10/asip_lab/vitis_ws/milestone2/hw/design_1_wrapper.xsa
TRACE::2026-07-26.14:31:41::SCWPlatform::DSA directory /home/ran/Documents/uni/s10/asip_lab/vitis_ws/milestone2/hw
TRACE::2026-07-26.14:31:41::SCWPlatform:: Platform Path /home/ran/Documents/uni/s10/asip_lab/vitis_ws/milestone2/hw/design_1_wrapper.xsa
TRACE::2026-07-26.14:31:41::SCWPlatform:: Unique name xilinx:::0.0
TRACE::2026-07-26.14:31:41::SCWPlatform::Trying to set the existing hwdb with name design_1_wrapper_6
TRACE::2026-07-26.14:31:41::SCWPlatform::Opened existing hwdb design_1_wrapper_6
TRACE::2026-07-26.14:31:41::SCWPlatform::Found the Hw Db part of the input DSA
TRACE::2026-07-26.14:31:41::SCWMssOS::Checking the sw design at  /home/ran/Documents/uni/s10/asip_lab/vitis_ws/milestone2/zynq_fsbl/zynq_fsbl_bsp/system.mss
TRACE::2026-07-26.14:31:41::SCWMssOS::DEBUG:  swdes dump  /home/ran/Documents/uni/s10/asip_lab/vitis_ws/milestone2/zynq_fsbl/zynq_fsbl_bsp/system.mss|system||

TRACE::2026-07-26.14:31:41::SCWMssOS::Sw design exists and opened at  /home/ran/Documents/uni/s10/asip_lab/vitis_ws/milestone2/zynq_fsbl/zynq_fsbl_bsp/system.mss
TRACE::2026-07-26.14:31:41::SCWMssOS::Saving the mss changes /home/ran/Documents/uni/s10/asip_lab/vitis_ws/milestone2/zynq_fsbl/zynq_fsbl_bsp/system.mss
TRACE::2026-07-26.14:31:41::SCWMssOS::Found a swdesign opened with the mssfile.
TRACE::2026-07-26.14:31:41::SCWMssOS::Completed writemss as part of save.
TRACE::2026-07-26.14:31:41::SCWMssOS::Commit changes completed.
TRACE::2026-07-26.14:31:41::SCWReader::Adding prebuilt librarypaths as   
TRACE::2026-07-26.14:31:41::SCWReader::Adding prebuilt incpaths  as   
TRACE::2026-07-26.14:31:41::SCWPlatform::Trying to open the hw design at /home/ran/Documents/uni/s10/asip_lab/vitis_ws/milestone2/hw/design_1_wrapper.xsa
TRACE::2026-07-26.14:31:41::SCWPlatform::DSA given /home/ran/Documents/uni/s10/asip_lab/vitis_ws/milestone2/hw/design_1_wrapper.xsa
TRACE::2026-07-26.14:31:41::SCWPlatform::DSA absoulate path /home/ran/Documents/uni/s10/asip_lab/vitis_ws/milestone2/hw/design_1_wrapper.xsa
TRACE::2026-07-26.14:31:41::SCWPlatform::DSA directory /home/ran/Documents/uni/s10/asip_lab/vitis_ws/milestone2/hw
TRACE::2026-07-26.14:31:41::SCWPlatform:: Platform Path /home/ran/Documents/uni/s10/asip_lab/vitis_ws/milestone2/hw/design_1_wrapper.xsa
TRACE::2026-07-26.14:31:41::SCWPlatform:: Unique name xilinx:::0.0
TRACE::2026-07-26.14:31:41::SCWPlatform::Trying to set the existing hwdb with name design_1_wrapper_6
TRACE::2026-07-26.14:31:41::SCWPlatform::Opened existing hwdb design_1_wrapper_6
TRACE::2026-07-26.14:31:41::SCWPlatform::Found the Hw Db part of the input DSA
TRACE::2026-07-26.14:31:41::SCWMssOS::Checking the sw design at  /home/ran/Documents/uni/s10/asip_lab/vitis_ws/milestone2/zynq_fsbl/zynq_fsbl_bsp/system.mss
TRACE::2026-07-26.14:31:41::SCWMssOS::DEBUG:  swdes dump  /home/ran/Documents/uni/s10/asip_lab/vitis_ws/milestone2/zynq_fsbl/zynq_fsbl_bsp/system.mss|system||

TRACE::2026-07-26.14:31:41::SCWMssOS::Sw design exists and opened at  /home/ran/Documents/uni/s10/asip_lab/vitis_ws/milestone2/zynq_fsbl/zynq_fsbl_bsp/system.mss
TRACE::2026-07-26.14:31:41::SCWReader::No isolation master present  
TRACE::2026-07-26.14:31:41::SCWDomain::checking for install qemu data   : 
TRACE::2026-07-26.14:31:41::SCWDomain:: Using the QEMU Data from install at  : /home/ran/bin/Xilinx/Vitis/2022.2/data/emulation/platforms/zynq/sw/a9_standalone/qemu/
TRACE::2026-07-26.14:31:41::SCWDomain:: Using the QEMU args  from install at  : /home/ran/bin/Xilinx/Vitis/2022.2/data/emulation/platforms/zynq/sw/a9_standalone/qemu/qemu_args.txt
TRACE::2026-07-26.14:31:41::SCWPlatform::Trying to open the hw design at /home/ran/Documents/uni/s10/asip_lab/vitis_ws/milestone2/hw/design_1_wrapper.xsa
TRACE::2026-07-26.14:31:41::SCWPlatform::DSA given /home/ran/Documents/uni/s10/asip_lab/vitis_ws/milestone2/hw/design_1_wrapper.xsa
TRACE::2026-07-26.14:31:41::SCWPlatform::DSA absoulate path /home/ran/Documents/uni/s10/asip_lab/vitis_ws/milestone2/hw/design_1_wrapper.xsa
TRACE::2026-07-26.14:31:41::SCWPlatform::DSA directory /home/ran/Documents/uni/s10/asip_lab/vitis_ws/milestone2/hw
TRACE::2026-07-26.14:31:41::SCWPlatform:: Platform Path /home/ran/Documents/uni/s10/asip_lab/vitis_ws/milestone2/hw/design_1_wrapper.xsa
TRACE::2026-07-26.14:31:41::SCWPlatform:: Unique name xilinx:::0.0
TRACE::2026-07-26.14:31:41::SCWPlatform::Trying to set the existing hwdb with name design_1_wrapper_6
TRACE::2026-07-26.14:31:41::SCWPlatform::Opened existing hwdb design_1_wrapper_6
TRACE::2026-07-26.14:31:41::SCWPlatform::Found the Hw Db part of the input DSA
TRACE::2026-07-26.14:31:41::SCWPlatform::Trying to open the hw design at /home/ran/Documents/uni/s10/asip_lab/vitis_ws/milestone2/hw/design_1_wrapper.xsa
TRACE::2026-07-26.14:31:41::SCWPlatform::DSA given /home/ran/Documents/uni/s10/asip_lab/vitis_ws/milestone2/hw/design_1_wrapper.xsa
TRACE::2026-07-26.14:31:41::SCWPlatform::DSA absoulate path /home/ran/Documents/uni/s10/asip_lab/vitis_ws/milestone2/hw/design_1_wrapper.xsa
TRACE::2026-07-26.14:31:41::SCWPlatform::DSA directory /home/ran/Documents/uni/s10/asip_lab/vitis_ws/milestone2/hw
TRACE::2026-07-26.14:31:41::SCWPlatform:: Platform Path /home/ran/Documents/uni/s10/asip_lab/vitis_ws/milestone2/hw/design_1_wrapper.xsa
TRACE::2026-07-26.14:31:41::SCWPlatform:: Unique name xilinx:::0.0
TRACE::2026-07-26.14:31:41::SCWPlatform::Trying to set the existing hwdb with name design_1_wrapper_6
TRACE::2026-07-26.14:31:41::SCWPlatform::Opened existing hwdb design_1_wrapper_6
TRACE::2026-07-26.14:31:41::SCWPlatform::Found the Hw Db part of the input DSA
TRACE::2026-07-26.14:31:41::SCWPlatform::Trying to open the hw design at /home/ran/Documents/uni/s10/asip_lab/vitis_ws/milestone2/hw/design_1_wrapper.xsa
TRACE::2026-07-26.14:31:41::SCWPlatform::DSA given /home/ran/Documents/uni/s10/asip_lab/vitis_ws/milestone2/hw/design_1_wrapper.xsa
TRACE::2026-07-26.14:31:41::SCWPlatform::DSA absoulate path /home/ran/Documents/uni/s10/asip_lab/vitis_ws/milestone2/hw/design_1_wrapper.xsa
TRACE::2026-07-26.14:31:41::SCWPlatform::DSA directory /home/ran/Documents/uni/s10/asip_lab/vitis_ws/milestone2/hw
TRACE::2026-07-26.14:31:41::SCWPlatform:: Platform Path /home/ran/Documents/uni/s10/asip_lab/vitis_ws/milestone2/hw/design_1_wrapper.xsa
TRACE::2026-07-26.14:31:41::SCWPlatform:: Unique name xilinx:::0.0
TRACE::2026-07-26.14:31:41::SCWPlatform::Trying to set the existing hwdb with name design_1_wrapper_6
TRACE::2026-07-26.14:31:41::SCWPlatform::Opened existing hwdb design_1_wrapper_6
TRACE::2026-07-26.14:31:41::SCWPlatform::Found the Hw Db part of the input DSA
TRACE::2026-07-26.14:31:41::SCWMssOS::Checking the sw design at  /home/ran/Documents/uni/s10/asip_lab/vitis_ws/milestone2/ps7_cortexa9_0/standalone_domain/bsp/system.mss
TRACE::2026-07-26.14:31:41::SCWMssOS::DEBUG:  swdes dump  /home/ran/Documents/uni/s10/asip_lab/vitis_ws/milestone2/zynq_fsbl/zynq_fsbl_bsp/system.mss|system||

TRACE::2026-07-26.14:31:41::SCWMssOS::No sw design opened at  /home/ran/Documents/uni/s10/asip_lab/vitis_ws/milestone2/ps7_cortexa9_0/standalone_domain/bsp/system.mss
TRACE::2026-07-26.14:31:41::SCWMssOS::mss exists loading the mss file  /home/ran/Documents/uni/s10/asip_lab/vitis_ws/milestone2/ps7_cortexa9_0/standalone_domain/bsp/system.mss
TRACE::2026-07-26.14:31:41::SCWMssOS::Opened the sw design from mss  /home/ran/Documents/uni/s10/asip_lab/vitis_ws/milestone2/ps7_cortexa9_0/standalone_domain/bsp/system.mss
TRACE::2026-07-26.14:31:41::SCWMssOS::Adding the swdes entry /home/ran/Documents/uni/s10/asip_lab/vitis_ws/milestone2/ps7_cortexa9_0/standalone_domain/bsp/system.mss with des name system_0
TRACE::2026-07-26.14:31:41::SCWMssOS::updating the scw layer about changes
TRACE::2026-07-26.14:31:41::SCWMssOS::Opened the sw design.  /home/ran/Documents/uni/s10/asip_lab/vitis_ws/milestone2/ps7_cortexa9_0/standalone_domain/bsp/system.mss
TRACE::2026-07-26.14:31:41::SCWPlatform::Trying to open the hw design at /home/ran/Documents/uni/s10/asip_lab/vitis_ws/milestone2/hw/design_1_wrapper.xsa
TRACE::2026-07-26.14:31:41::SCWPlatform::DSA given /home/ran/Documents/uni/s10/asip_lab/vitis_ws/milestone2/hw/design_1_wrapper.xsa
TRACE::2026-07-26.14:31:41::SCWPlatform::DSA absoulate path /home/ran/Documents/uni/s10/asip_lab/vitis_ws/milestone2/hw/design_1_wrapper.xsa
TRACE::2026-07-26.14:31:41::SCWPlatform::DSA directory /home/ran/Documents/uni/s10/asip_lab/vitis_ws/milestone2/hw
TRACE::2026-07-26.14:31:41::SCWPlatform:: Platform Path /home/ran/Documents/uni/s10/asip_lab/vitis_ws/milestone2/hw/design_1_wrapper.xsa
TRACE::2026-07-26.14:31:41::SCWPlatform:: Unique name xilinx:::0.0
TRACE::2026-07-26.14:31:41::SCWPlatform::Trying to set the existing hwdb with name design_1_wrapper_6
TRACE::2026-07-26.14:31:41::SCWPlatform::Opened existing hwdb design_1_wrapper_6
TRACE::2026-07-26.14:31:41::SCWPlatform::Found the Hw Db part of the input DSA
TRACE::2026-07-26.14:31:41::SCWMssOS::Checking the sw design at  /home/ran/Documents/uni/s10/asip_lab/vitis_ws/milestone2/ps7_cortexa9_0/standalone_domain/bsp/system.mss
TRACE::2026-07-26.14:31:41::SCWMssOS::DEBUG:  swdes dump  /home/ran/Documents/uni/s10/asip_lab/vitis_ws/milestone2/ps7_cortexa9_0/standalone_domain/bsp/system.mss|system_0||
/home/ran/Documents/uni/s10/asip_lab/vitis_ws/milestone2/zynq_fsbl/zynq_fsbl_bsp/system.mss|system||

TRACE::2026-07-26.14:31:41::SCWMssOS::Sw design exists and opened at  /home/ran/Documents/uni/s10/asip_lab/vitis_ws/milestone2/ps7_cortexa9_0/standalone_domain/bsp/system.mss
TRACE::2026-07-26.14:31:41::SCWPlatform::Trying to open the hw design at /home/ran/Documents/uni/s10/asip_lab/vitis_ws/milestone2/hw/design_1_wrapper.xsa
TRACE::2026-07-26.14:31:41::SCWPlatform::DSA given /home/ran/Documents/uni/s10/asip_lab/vitis_ws/milestone2/hw/design_1_wrapper.xsa
TRACE::2026-07-26.14:31:41::SCWPlatform::DSA absoulate path /home/ran/Documents/uni/s10/asip_lab/vitis_ws/milestone2/hw/design_1_wrapper.xsa
TRACE::2026-07-26.14:31:41::SCWPlatform::DSA directory /home/ran/Documents/uni/s10/asip_lab/vitis_ws/milestone2/hw
TRACE::2026-07-26.14:31:41::SCWPlatform:: Platform Path /home/ran/Documents/uni/s10/asip_lab/vitis_ws/milestone2/hw/design_1_wrapper.xsa
TRACE::2026-07-26.14:31:41::SCWPlatform:: Unique name xilinx:::0.0
TRACE::2026-07-26.14:31:41::SCWPlatform::Trying to set the existing hwdb with name design_1_wrapper_6
TRACE::2026-07-26.14:31:41::SCWPlatform::Opened existing hwdb design_1_wrapper_6
TRACE::2026-07-26.14:31:41::SCWPlatform::Found the Hw Db part of the input DSA
TRACE::2026-07-26.14:31:41::SCWMssOS::Checking the sw design at  /home/ran/Documents/uni/s10/asip_lab/vitis_ws/milestone2/ps7_cortexa9_0/standalone_domain/bsp/system.mss
TRACE::2026-07-26.14:31:41::SCWMssOS::DEBUG:  swdes dump  /home/ran/Documents/uni/s10/asip_lab/vitis_ws/milestone2/ps7_cortexa9_0/standalone_domain/bsp/system.mss|system_0||
/home/ran/Documents/uni/s10/asip_lab/vitis_ws/milestone2/zynq_fsbl/zynq_fsbl_bsp/system.mss|system||

TRACE::2026-07-26.14:31:41::SCWMssOS::Sw design exists and opened at  /home/ran/Documents/uni/s10/asip_lab/vitis_ws/milestone2/ps7_cortexa9_0/standalone_domain/bsp/system.mss
TRACE::2026-07-26.14:31:41::SCWPlatform::Trying to open the hw design at /home/ran/Documents/uni/s10/asip_lab/vitis_ws/milestone2/hw/design_1_wrapper.xsa
TRACE::2026-07-26.14:31:41::SCWPlatform::DSA given /home/ran/Documents/uni/s10/asip_lab/vitis_ws/milestone2/hw/design_1_wrapper.xsa
TRACE::2026-07-26.14:31:41::SCWPlatform::DSA absoulate path /home/ran/Documents/uni/s10/asip_lab/vitis_ws/milestone2/hw/design_1_wrapper.xsa
TRACE::2026-07-26.14:31:41::SCWPlatform::DSA directory /home/ran/Documents/uni/s10/asip_lab/vitis_ws/milestone2/hw
TRACE::2026-07-26.14:31:41::SCWPlatform:: Platform Path /home/ran/Documents/uni/s10/asip_lab/vitis_ws/milestone2/hw/design_1_wrapper.xsa
TRACE::2026-07-26.14:31:41::SCWPlatform:: Unique name xilinx:::0.0
TRACE::2026-07-26.14:31:41::SCWPlatform::Trying to set the existing hwdb with name design_1_wrapper_6
TRACE::2026-07-26.14:31:41::SCWPlatform::Opened existing hwdb design_1_wrapper_6
TRACE::2026-07-26.14:31:41::SCWPlatform::Found the Hw Db part of the input DSA
TRACE::2026-07-26.14:31:41::SCWMssOS::Checking the sw design at  /home/ran/Documents/uni/s10/asip_lab/vitis_ws/milestone2/ps7_cortexa9_0/standalone_domain/bsp/system.mss
TRACE::2026-07-26.14:31:41::SCWMssOS::DEBUG:  swdes dump  /home/ran/Documents/uni/s10/asip_lab/vitis_ws/milestone2/ps7_cortexa9_0/standalone_domain/bsp/system.mss|system_0||
/home/ran/Documents/uni/s10/asip_lab/vitis_ws/milestone2/zynq_fsbl/zynq_fsbl_bsp/system.mss|system||

TRACE::2026-07-26.14:31:41::SCWMssOS::Sw design exists and opened at  /home/ran/Documents/uni/s10/asip_lab/vitis_ws/milestone2/ps7_cortexa9_0/standalone_domain/bsp/system.mss
TRACE::2026-07-26.14:31:41::SCWPlatform::Trying to open the hw design at /home/ran/Documents/uni/s10/asip_lab/vitis_ws/milestone2/hw/design_1_wrapper.xsa
TRACE::2026-07-26.14:31:41::SCWPlatform::DSA given /home/ran/Documents/uni/s10/asip_lab/vitis_ws/milestone2/hw/design_1_wrapper.xsa
TRACE::2026-07-26.14:31:41::SCWPlatform::DSA absoulate path /home/ran/Documents/uni/s10/asip_lab/vitis_ws/milestone2/hw/design_1_wrapper.xsa
TRACE::2026-07-26.14:31:41::SCWPlatform::DSA directory /home/ran/Documents/uni/s10/asip_lab/vitis_ws/milestone2/hw
TRACE::2026-07-26.14:31:41::SCWPlatform:: Platform Path /home/ran/Documents/uni/s10/asip_lab/vitis_ws/milestone2/hw/design_1_wrapper.xsa
TRACE::2026-07-26.14:31:41::SCWPlatform:: Unique name xilinx:::0.0
TRACE::2026-07-26.14:31:41::SCWPlatform::Trying to set the existing hwdb with name design_1_wrapper_6
TRACE::2026-07-26.14:31:41::SCWPlatform::Opened existing hwdb design_1_wrapper_6
TRACE::2026-07-26.14:31:41::SCWPlatform::Found the Hw Db part of the input DSA
TRACE::2026-07-26.14:31:41::SCWMssOS::Checking the sw design at  /home/ran/Documents/uni/s10/asip_lab/vitis_ws/milestone2/ps7_cortexa9_0/standalone_domain/bsp/system.mss
TRACE::2026-07-26.14:31:41::SCWMssOS::DEBUG:  swdes dump  /home/ran/Documents/uni/s10/asip_lab/vitis_ws/milestone2/ps7_cortexa9_0/standalone_domain/bsp/system.mss|system_0||
/home/ran/Documents/uni/s10/asip_lab/vitis_ws/milestone2/zynq_fsbl/zynq_fsbl_bsp/system.mss|system||

TRACE::2026-07-26.14:31:41::SCWMssOS::Sw design exists and opened at  /home/ran/Documents/uni/s10/asip_lab/vitis_ws/milestone2/ps7_cortexa9_0/standalone_domain/bsp/system.mss
TRACE::2026-07-26.14:31:41::SCWMssOS::Saving the mss changes /home/ran/Documents/uni/s10/asip_lab/vitis_ws/milestone2/ps7_cortexa9_0/standalone_domain/bsp/system.mss
TRACE::2026-07-26.14:31:41::SCWMssOS::Found a swdesign opened with the mssfile.
TRACE::2026-07-26.14:31:41::SCWMssOS::Completed writemss as part of save.
TRACE::2026-07-26.14:31:41::SCWMssOS::Commit changes completed.
TRACE::2026-07-26.14:31:41::SCWReader::Adding prebuilt librarypaths as   
TRACE::2026-07-26.14:31:41::SCWReader::Adding prebuilt incpaths  as   
TRACE::2026-07-26.14:31:41::SCWPlatform::Trying to open the hw design at /home/ran/Documents/uni/s10/asip_lab/vitis_ws/milestone2/hw/design_1_wrapper.xsa
TRACE::2026-07-26.14:31:41::SCWPlatform::DSA given /home/ran/Documents/uni/s10/asip_lab/vitis_ws/milestone2/hw/design_1_wrapper.xsa
TRACE::2026-07-26.14:31:41::SCWPlatform::DSA absoulate path /home/ran/Documents/uni/s10/asip_lab/vitis_ws/milestone2/hw/design_1_wrapper.xsa
TRACE::2026-07-26.14:31:41::SCWPlatform::DSA directory /home/ran/Documents/uni/s10/asip_lab/vitis_ws/milestone2/hw
TRACE::2026-07-26.14:31:41::SCWPlatform:: Platform Path /home/ran/Documents/uni/s10/asip_lab/vitis_ws/milestone2/hw/design_1_wrapper.xsa
TRACE::2026-07-26.14:31:41::SCWPlatform:: Unique name xilinx:::0.0
TRACE::2026-07-26.14:31:41::SCWPlatform::Trying to set the existing hwdb with name design_1_wrapper_6
TRACE::2026-07-26.14:31:41::SCWPlatform::Opened existing hwdb design_1_wrapper_6
TRACE::2026-07-26.14:31:41::SCWPlatform::Found the Hw Db part of the input DSA
TRACE::2026-07-26.14:31:41::SCWMssOS::Checking the sw design at  /home/ran/Documents/uni/s10/asip_lab/vitis_ws/milestone2/ps7_cortexa9_0/standalone_domain/bsp/system.mss
TRACE::2026-07-26.14:31:41::SCWMssOS::DEBUG:  swdes dump  /home/ran/Documents/uni/s10/asip_lab/vitis_ws/milestone2/ps7_cortexa9_0/standalone_domain/bsp/system.mss|system_0||
/home/ran/Documents/uni/s10/asip_lab/vitis_ws/milestone2/zynq_fsbl/zynq_fsbl_bsp/system.mss|system||

TRACE::2026-07-26.14:31:41::SCWMssOS::Sw design exists and opened at  /home/ran/Documents/uni/s10/asip_lab/vitis_ws/milestone2/ps7_cortexa9_0/standalone_domain/bsp/system.mss
TRACE::2026-07-26.14:31:41::SCWReader::No isolation master present  
LOG::2026-07-26.14:32:59::SCWPlatform::Started generating the artifacts platform milestone2
TRACE::2026-07-26.14:32:59::SCWPlatform::Sanity checking of platform is completed
LOG::2026-07-26.14:32:59::SCWPlatform::Started generating the artifacts for system configuration milestone2
LOG::2026-07-26.14:32:59::SCWSystem::Checking the domain zynq_fsbl
LOG::2026-07-26.14:32:59::SCWSystem::Doing application build for :  zynq_fsbl
TRACE::2026-07-26.14:32:59::SCWBDomain::Not a forced makefile updation, No changes are present. 
TRACE::2026-07-26.14:32:59::SCWDomain::Skipping the build for domain :  zynq_fsbl
LOG::2026-07-26.14:32:59::SCWSystem::Checking the domain standalone_domain
LOG::2026-07-26.14:32:59::SCWSystem::Not a boot domain 
LOG::2026-07-26.14:32:59::SCWSystem::Started Processing the domain standalone_domain
TRACE::2026-07-26.14:32:59::SCWDomain::Generating domain artifcats
TRACE::2026-07-26.14:32:59::SCWMssOS::Generating standalone artifcats
TRACE::2026-07-26.14:32:59::SCWMssOS::Copying the qemu file from  /home/ran/Documents/uni/s10/asip_lab/vitis_ws/milestone2/resources/milestone2/standalone_domain/qemu_args.txt To /home/ran/Documents/uni/s10/asip_lab/vitis_ws/milestone2/export/milestone2/sw/milestone2/qemu/
TRACE::2026-07-26.14:32:59::SCWMssOS::Copying the qemu file from  /home/ran/Documents/uni/s10/asip_lab/vitis_ws/milestone2/resources/milestone2/standalone_domain/qemu_args.txt To /home/ran/Documents/uni/s10/asip_lab/vitis_ws/milestone2/export/milestone2/sw/milestone2/standalone_domain/qemu/
TRACE::2026-07-26.14:32:59::SCWMssOS:: Copying the user libraries. 
TRACE::2026-07-26.14:32:59::SCWPlatform::Trying to open the hw design at /home/ran/Documents/uni/s10/asip_lab/vitis_ws/milestone2/hw/design_1_wrapper.xsa
TRACE::2026-07-26.14:32:59::SCWPlatform::DSA given /home/ran/Documents/uni/s10/asip_lab/vitis_ws/milestone2/hw/design_1_wrapper.xsa
TRACE::2026-07-26.14:32:59::SCWPlatform::DSA absoulate path /home/ran/Documents/uni/s10/asip_lab/vitis_ws/milestone2/hw/design_1_wrapper.xsa
TRACE::2026-07-26.14:32:59::SCWPlatform::DSA directory /home/ran/Documents/uni/s10/asip_lab/vitis_ws/milestone2/hw
TRACE::2026-07-26.14:32:59::SCWPlatform:: Platform Path /home/ran/Documents/uni/s10/asip_lab/vitis_ws/milestone2/hw/design_1_wrapper.xsa
TRACE::2026-07-26.14:32:59::SCWPlatform:: Unique name xilinx:::0.0
TRACE::2026-07-26.14:32:59::SCWPlatform::Trying to set the existing hwdb with name design_1_wrapper_6
TRACE::2026-07-26.14:32:59::SCWPlatform::Opened existing hwdb design_1_wrapper_6
TRACE::2026-07-26.14:32:59::SCWPlatform::Found the Hw Db part of the input DSA
TRACE::2026-07-26.14:32:59::SCWMssOS::Checking the sw design at  /home/ran/Documents/uni/s10/asip_lab/vitis_ws/milestone2/ps7_cortexa9_0/standalone_domain/bsp/system.mss
TRACE::2026-07-26.14:32:59::SCWMssOS::DEBUG:  swdes dump  /home/ran/Documents/uni/s10/asip_lab/vitis_ws/milestone2/ps7_cortexa9_0/standalone_domain/bsp/system.mss|system_0||
/home/ran/Documents/uni/s10/asip_lab/vitis_ws/milestone2/zynq_fsbl/zynq_fsbl_bsp/system.mss|system||

TRACE::2026-07-26.14:32:59::SCWMssOS::Sw design exists and opened at  /home/ran/Documents/uni/s10/asip_lab/vitis_ws/milestone2/ps7_cortexa9_0/standalone_domain/bsp/system.mss
TRACE::2026-07-26.14:32:59::SCWMssOS::Completed writing the mss file at /home/ran/Documents/uni/s10/asip_lab/vitis_ws/milestone2/ps7_cortexa9_0/standalone_domain/bsp
TRACE::2026-07-26.14:32:59::SCWMssOS::Mss edits present, copying mssfile into export location /home/ran/Documents/uni/s10/asip_lab/vitis_ws/milestone2/ps7_cortexa9_0/standalone_domain/bsp/system.mss
TRACE::2026-07-26.14:32:59::SCWMssOS::bsp generated is upto date with the mss file. Skipping bsp generation.
TRACE::2026-07-26.14:32:59::SCWMssOS::BSP is already built. skipping the bsp build ... 
TRACE::2026-07-26.14:32:59::SCWDomain::Skipping the build for domain :  standalone_domain
TRACE::2026-07-26.14:32:59::SCWMssOS::skipping the bsp build ... 
TRACE::2026-07-26.14:32:59::SCWMssOS::Copying to export directory.
TRACE::2026-07-26.14:32:59::SCWMssOS:: Checking if to create the Supporting Applications
TRACE::2026-07-26.14:32:59::SCWMssOS:: No Linux domain exists, trying to generate FSBL 
LOG::2026-07-26.14:32:59::SCWSystem::Completed Processing the domain standalone_domain
LOG::2026-07-26.14:32:59::SCWSystem::Completed Processing the sysconfig milestone2
LOG::2026-07-26.14:32:59::SCWPlatform::Completed generating the artifacts for system configuration milestone2
TRACE::2026-07-26.14:32:59::SCWPlatform::Started preparing the platform 
TRACE::2026-07-26.14:32:59::SCWSystem::Writing the bif file for system config milestone2
TRACE::2026-07-26.14:32:59::SCWSystem::dir created 
TRACE::2026-07-26.14:32:59::SCWSystem::Writing the bif 
TRACE::2026-07-26.14:32:59::SCWPlatform::Started writing the spfm file 
TRACE::2026-07-26.14:32:59::SCWPlatform::Started writing the xpfm file 
TRACE::2026-07-26.14:32:59::SCWPlatform::Completed generating the platform
TRACE::2026-07-26.14:32:59::SCWMssOS::Saving the mss changes /home/ran/Documents/uni/s10/asip_lab/vitis_ws/milestone2/zynq_fsbl/zynq_fsbl_bsp/system.mss
TRACE::2026-07-26.14:32:59::SCWMssOS::Found a swdesign opened with the mssfile.
TRACE::2026-07-26.14:32:59::SCWMssOS::Completed writemss as part of save.
TRACE::2026-07-26.14:32:59::SCWMssOS::Commit changes completed.
TRACE::2026-07-26.14:32:59::SCWMssOS::Saving the mss changes /home/ran/Documents/uni/s10/asip_lab/vitis_ws/milestone2/ps7_cortexa9_0/standalone_domain/bsp/system.mss
TRACE::2026-07-26.14:32:59::SCWMssOS::Found a swdesign opened with the mssfile.
TRACE::2026-07-26.14:32:59::SCWMssOS::Completed writemss as part of save.
TRACE::2026-07-26.14:32:59::SCWMssOS::Commit changes completed.
TRACE::2026-07-26.14:32:59::SCWPlatform::Trying to open the hw design at /home/ran/Documents/uni/s10/asip_lab/vitis_ws/milestone2/hw/design_1_wrapper.xsa
TRACE::2026-07-26.14:32:59::SCWPlatform::DSA given /home/ran/Documents/uni/s10/asip_lab/vitis_ws/milestone2/hw/design_1_wrapper.xsa
TRACE::2026-07-26.14:32:59::SCWPlatform::DSA absoulate path /home/ran/Documents/uni/s10/asip_lab/vitis_ws/milestone2/hw/design_1_wrapper.xsa
TRACE::2026-07-26.14:32:59::SCWPlatform::DSA directory /home/ran/Documents/uni/s10/asip_lab/vitis_ws/milestone2/hw
TRACE::2026-07-26.14:32:59::SCWPlatform:: Platform Path /home/ran/Documents/uni/s10/asip_lab/vitis_ws/milestone2/hw/design_1_wrapper.xsa
TRACE::2026-07-26.14:32:59::SCWPlatform:: Unique name xilinx:::0.0
TRACE::2026-07-26.14:32:59::SCWPlatform::Trying to set the existing hwdb with name design_1_wrapper_6
TRACE::2026-07-26.14:32:59::SCWPlatform::Opened existing hwdb design_1_wrapper_6
TRACE::2026-07-26.14:32:59::SCWPlatform::Found the Hw Db part of the input DSA
TRACE::2026-07-26.14:32:59::SCWMssOS::Checking the sw design at  /home/ran/Documents/uni/s10/asip_lab/vitis_ws/milestone2/zynq_fsbl/zynq_fsbl_bsp/system.mss
TRACE::2026-07-26.14:32:59::SCWMssOS::DEBUG:  swdes dump  /home/ran/Documents/uni/s10/asip_lab/vitis_ws/milestone2/ps7_cortexa9_0/standalone_domain/bsp/system.mss|system_0||
/home/ran/Documents/uni/s10/asip_lab/vitis_ws/milestone2/zynq_fsbl/zynq_fsbl_bsp/system.mss|system||

TRACE::2026-07-26.14:32:59::SCWMssOS::Sw design exists and opened at  /home/ran/Documents/uni/s10/asip_lab/vitis_ws/milestone2/zynq_fsbl/zynq_fsbl_bsp/system.mss
TRACE::2026-07-26.14:32:59::SCWPlatform::Trying to open the hw design at /home/ran/Documents/uni/s10/asip_lab/vitis_ws/milestone2/hw/design_1_wrapper.xsa
TRACE::2026-07-26.14:32:59::SCWPlatform::DSA given /home/ran/Documents/uni/s10/asip_lab/vitis_ws/milestone2/hw/design_1_wrapper.xsa
TRACE::2026-07-26.14:32:59::SCWPlatform::DSA absoulate path /home/ran/Documents/uni/s10/asip_lab/vitis_ws/milestone2/hw/design_1_wrapper.xsa
TRACE::2026-07-26.14:32:59::SCWPlatform::DSA directory /home/ran/Documents/uni/s10/asip_lab/vitis_ws/milestone2/hw
TRACE::2026-07-26.14:32:59::SCWPlatform:: Platform Path /home/ran/Documents/uni/s10/asip_lab/vitis_ws/milestone2/hw/design_1_wrapper.xsa
TRACE::2026-07-26.14:32:59::SCWPlatform:: Unique name xilinx:::0.0
TRACE::2026-07-26.14:32:59::SCWPlatform::Trying to set the existing hwdb with name design_1_wrapper_6
TRACE::2026-07-26.14:32:59::SCWPlatform::Opened existing hwdb design_1_wrapper_6
TRACE::2026-07-26.14:32:59::SCWPlatform::Found the Hw Db part of the input DSA
TRACE::2026-07-26.14:32:59::SCWMssOS::Checking the sw design at  /home/ran/Documents/uni/s10/asip_lab/vitis_ws/milestone2/ps7_cortexa9_0/standalone_domain/bsp/system.mss
TRACE::2026-07-26.14:32:59::SCWMssOS::DEBUG:  swdes dump  /home/ran/Documents/uni/s10/asip_lab/vitis_ws/milestone2/ps7_cortexa9_0/standalone_domain/bsp/system.mss|system_0||
/home/ran/Documents/uni/s10/asip_lab/vitis_ws/milestone2/zynq_fsbl/zynq_fsbl_bsp/system.mss|system||

TRACE::2026-07-26.14:32:59::SCWMssOS::Sw design exists and opened at  /home/ran/Documents/uni/s10/asip_lab/vitis_ws/milestone2/ps7_cortexa9_0/standalone_domain/bsp/system.mss
TRACE::2026-07-26.14:32:59::SCWWriter::formatted JSON is {
	"platformName":	"milestone2",
	"sprVersion":	"2.0",
	"mode":	"gui",
	"dsaType":	"Fixed",
	"platformDesc":	"milestone2",
	"platHandOff":	"/home/ran/Documents/uni/s10/asip_lab/final_project/design_1_wrapper.xsa",
	"platIntHandOff":	"<platformDir>/hw/design_1_wrapper.xsa",
	"deviceType":	"zynq",
	"platIsPrebuiltAutogen":	"false",
	"platIsNoBootBsp":	"false",
	"hasFsblMakeHasChanges":	"false",
	"hasPmufwMakeHasChanges":	"false",
	"fsblExtraCompilerFlags":	"-MMD -MP       -mcpu=cortex-a9 -mfpu=vfpv3 -mfloat-abi=hard ",
	"platPreBuiltFlag":	false,
	"platformSamplesDir":	"",
	"platActiveSys":	"milestone2",
	"systems":	[{
			"systemName":	"milestone2",
			"systemDesc":	"milestone2",
			"sysIsBootAutoGen":	"true",
			"systemDispName":	"milestone2",
			"sysActiveDom":	"zynq_fsbl",
			"sysDefaultDom":	"standalone_domain",
			"domains":	[{
					"domainName":	"zynq_fsbl",
					"domainDispName":	"zynq_fsbl",
					"domainDesc":	"FSBL Application BSP - Auto Generated.",
					"processors":	"ps7_cortexa9_0",
					"os":	"standalone",
					"sdxOs":	"standalone",
					"debugEnable":	"",
					"domRuntimes":	["cpp"],
					"swRepo":	"",
					"mssOsVer":	"8.0",
					"mssFile":	"",
					"md5Digest":	"5190a0a8ca228895166de3d006f5d4d11",
					"compatibleApp":	"zynq_fsbl",
					"domType":	"bootDomain",
					"arch":	"32-bit",
					"appSettings":	{
						"appCompilerFlags":	"",
						"appLinkerFlags":	""
					},
					"addedLibs":	["xilffs:4.8", "xilrsa:1.6"],
					"libOptions":	{
						"standalone":	{
							"stdin":	"ps7_coresight_comp_0",
							"stdout":	"ps7_coresight_comp_0",
							"libOptionNames":	["stdin", "stdout"]
						},
						"libsContainingOptions":	["standalone"]
					},
					"prebuiltLibs":	{
						"prebuiltIncPath":	[],
						"prebuiltLibPath":	[]
					},
					"isolation":	{
					}
				}, {
					"domainName":	"standalone_domain",
					"domainDispName":	"standalone on ps7_cortexa9_0",
					"domainDesc":	"standalone_domain",
					"processors":	"ps7_cortexa9_0",
					"os":	"standalone",
					"sdxOs":	"standalone",
					"qemuArgs":	"<platformDir>/resources/milestone2/standalone_domain/qemu_args.txt",
					"qemuData":	"<platformDir>/resources/milestone2/standalone_domain/qemu",
					"debugEnable":	"False",
					"domRuntimes":	["cpp"],
					"swRepo":	"",
					"mssOsVer":	"8.0",
					"mssFile":	"",
					"md5Digest":	"25886e0fbe9d4ff5df7468588603f3f0",
					"compatibleApp":	"",
					"domType":	"mssDomain",
					"appSettings":	{
						"appCompilerFlags":	"",
						"appLinkerFlags":	""
					},
					"addedLibs":	[],
					"libOptions":	{
						"standalone":	{
							"stdin":	"ps7_coresight_comp_0",
							"stdout":	"ps7_coresight_comp_0",
							"libOptionNames":	["stdin", "stdout"]
						},
						"libsContainingOptions":	["standalone"]
					},
					"prebuiltLibs":	{
						"prebuiltIncPath":	[],
						"prebuiltLibPath":	[]
					},
					"isolation":	{
					}
				}]
		}]
}
KEYINFO::2026-07-26.14:32:59::SCWPlatform::updated the xpfm file.
TRACE::2026-07-26.14:32:59::SCWPlatform::Trying to open the hw design at /home/ran/Documents/uni/s10/asip_lab/vitis_ws/milestone2/hw/design_1_wrapper.xsa
TRACE::2026-07-26.14:32:59::SCWPlatform::DSA given /home/ran/Documents/uni/s10/asip_lab/vitis_ws/milestone2/hw/design_1_wrapper.xsa
TRACE::2026-07-26.14:32:59::SCWPlatform::DSA absoulate path /home/ran/Documents/uni/s10/asip_lab/vitis_ws/milestone2/hw/design_1_wrapper.xsa
TRACE::2026-07-26.14:32:59::SCWPlatform::DSA directory /home/ran/Documents/uni/s10/asip_lab/vitis_ws/milestone2/hw
TRACE::2026-07-26.14:32:59::SCWPlatform:: Platform Path /home/ran/Documents/uni/s10/asip_lab/vitis_ws/milestone2/hw/design_1_wrapper.xsa
TRACE::2026-07-26.14:32:59::SCWPlatform:: Unique name xilinx:::0.0
TRACE::2026-07-26.14:32:59::SCWPlatform::Trying to set the existing hwdb with name design_1_wrapper_6
TRACE::2026-07-26.14:32:59::SCWPlatform::Opened existing hwdb design_1_wrapper_6
TRACE::2026-07-26.14:32:59::SCWPlatform::Found the Hw Db part of the input DSA
TRACE::2026-07-26.14:32:59::SCWMssOS::Checking the sw design at  /home/ran/Documents/uni/s10/asip_lab/vitis_ws/milestone2/ps7_cortexa9_0/standalone_domain/bsp/system.mss
TRACE::2026-07-26.14:32:59::SCWMssOS::DEBUG:  swdes dump  /home/ran/Documents/uni/s10/asip_lab/vitis_ws/milestone2/ps7_cortexa9_0/standalone_domain/bsp/system.mss|system_0||
/home/ran/Documents/uni/s10/asip_lab/vitis_ws/milestone2/zynq_fsbl/zynq_fsbl_bsp/system.mss|system||

TRACE::2026-07-26.14:32:59::SCWMssOS::Sw design exists and opened at  /home/ran/Documents/uni/s10/asip_lab/vitis_ws/milestone2/ps7_cortexa9_0/standalone_domain/bsp/system.mss
TRACE::2026-07-26.18:36:50::SCWPlatform::Trying to open the hw design at /home/ran/Documents/uni/s10/asip_lab/vitis_ws/milestone2/hw/design_1_wrapper.xsa
TRACE::2026-07-26.18:36:50::SCWPlatform::DSA given /home/ran/Documents/uni/s10/asip_lab/vitis_ws/milestone2/hw/design_1_wrapper.xsa
TRACE::2026-07-26.18:36:50::SCWPlatform::DSA absoulate path /home/ran/Documents/uni/s10/asip_lab/vitis_ws/milestone2/hw/design_1_wrapper.xsa
TRACE::2026-07-26.18:36:50::SCWPlatform::DSA directory /home/ran/Documents/uni/s10/asip_lab/vitis_ws/milestone2/hw
TRACE::2026-07-26.18:36:50::SCWPlatform:: Platform Path /home/ran/Documents/uni/s10/asip_lab/vitis_ws/milestone2/hw/design_1_wrapper.xsa
TRACE::2026-07-26.18:36:50::SCWPlatform:: Unique name xilinx:::0.0
TRACE::2026-07-26.18:36:50::SCWPlatform::Do not have an existing db opened. 
TRACE::2026-07-26.18:36:51::SCWPlatform::Opened new HwDB with name design_1_wrapper_17
TRACE::2026-07-26.18:36:51::SCWReader::Active system found as  milestone2
TRACE::2026-07-26.18:36:51::SCWReader::Handling sysconfig milestone2
TRACE::2026-07-26.18:36:51::SCWDomain::checking for install qemu data   : 
TRACE::2026-07-26.18:36:51::SCWDomain:: Using the QEMU Data from install at  : /home/ran/bin/Xilinx/Vitis/2022.2/data/emulation/platforms/zynq/sw/a9_standalone/qemu/
TRACE::2026-07-26.18:36:51::SCWDomain:: Using the QEMU args  from install at  : /home/ran/bin/Xilinx/Vitis/2022.2/data/emulation/platforms/zynq/sw/a9_standalone/qemu/qemu_args.txt
TRACE::2026-07-26.18:36:51::SCWPlatform::Trying to open the hw design at /home/ran/Documents/uni/s10/asip_lab/vitis_ws/milestone2/hw/design_1_wrapper.xsa
TRACE::2026-07-26.18:36:51::SCWPlatform::DSA given /home/ran/Documents/uni/s10/asip_lab/vitis_ws/milestone2/hw/design_1_wrapper.xsa
TRACE::2026-07-26.18:36:51::SCWPlatform::DSA absoulate path /home/ran/Documents/uni/s10/asip_lab/vitis_ws/milestone2/hw/design_1_wrapper.xsa
TRACE::2026-07-26.18:36:51::SCWPlatform::DSA directory /home/ran/Documents/uni/s10/asip_lab/vitis_ws/milestone2/hw
TRACE::2026-07-26.18:36:51::SCWPlatform:: Platform Path /home/ran/Documents/uni/s10/asip_lab/vitis_ws/milestone2/hw/design_1_wrapper.xsa
TRACE::2026-07-26.18:36:51::SCWPlatform:: Unique name xilinx:::0.0
TRACE::2026-07-26.18:36:51::SCWPlatform::Trying to set the existing hwdb with name design_1_wrapper_17
TRACE::2026-07-26.18:36:51::SCWPlatform::Opened existing hwdb design_1_wrapper_17
TRACE::2026-07-26.18:36:51::SCWPlatform::Found the Hw Db part of the input DSA
TRACE::2026-07-26.18:36:51::SCWPlatform::Trying to open the hw design at /home/ran/Documents/uni/s10/asip_lab/vitis_ws/milestone2/hw/design_1_wrapper.xsa
TRACE::2026-07-26.18:36:51::SCWPlatform::DSA given /home/ran/Documents/uni/s10/asip_lab/vitis_ws/milestone2/hw/design_1_wrapper.xsa
TRACE::2026-07-26.18:36:51::SCWPlatform::DSA absoulate path /home/ran/Documents/uni/s10/asip_lab/vitis_ws/milestone2/hw/design_1_wrapper.xsa
TRACE::2026-07-26.18:36:51::SCWPlatform::DSA directory /home/ran/Documents/uni/s10/asip_lab/vitis_ws/milestone2/hw
TRACE::2026-07-26.18:36:51::SCWPlatform:: Platform Path /home/ran/Documents/uni/s10/asip_lab/vitis_ws/milestone2/hw/design_1_wrapper.xsa
TRACE::2026-07-26.18:36:51::SCWPlatform:: Unique name xilinx:::0.0
TRACE::2026-07-26.18:36:51::SCWPlatform::Trying to set the existing hwdb with name design_1_wrapper_17
TRACE::2026-07-26.18:36:51::SCWPlatform::Opened existing hwdb design_1_wrapper_17
TRACE::2026-07-26.18:36:51::SCWPlatform::Found the Hw Db part of the input DSA
TRACE::2026-07-26.18:36:51::SCWPlatform::Trying to open the hw design at /home/ran/Documents/uni/s10/asip_lab/vitis_ws/milestone2/hw/design_1_wrapper.xsa
TRACE::2026-07-26.18:36:51::SCWPlatform::DSA given /home/ran/Documents/uni/s10/asip_lab/vitis_ws/milestone2/hw/design_1_wrapper.xsa
TRACE::2026-07-26.18:36:51::SCWPlatform::DSA absoulate path /home/ran/Documents/uni/s10/asip_lab/vitis_ws/milestone2/hw/design_1_wrapper.xsa
TRACE::2026-07-26.18:36:51::SCWPlatform::DSA directory /home/ran/Documents/uni/s10/asip_lab/vitis_ws/milestone2/hw
TRACE::2026-07-26.18:36:51::SCWPlatform:: Platform Path /home/ran/Documents/uni/s10/asip_lab/vitis_ws/milestone2/hw/design_1_wrapper.xsa
TRACE::2026-07-26.18:36:51::SCWPlatform:: Unique name xilinx:::0.0
TRACE::2026-07-26.18:36:51::SCWPlatform::Trying to set the existing hwdb with name design_1_wrapper_17
TRACE::2026-07-26.18:36:51::SCWPlatform::Opened existing hwdb design_1_wrapper_17
TRACE::2026-07-26.18:36:51::SCWPlatform::Found the Hw Db part of the input DSA
TRACE::2026-07-26.18:36:51::SCWReader::Boot application domain added for zynq_fsbl
TRACE::2026-07-26.18:36:51::SCWPlatform::Trying to open the hw design at /home/ran/Documents/uni/s10/asip_lab/vitis_ws/milestone2/hw/design_1_wrapper.xsa
TRACE::2026-07-26.18:36:51::SCWPlatform::DSA given /home/ran/Documents/uni/s10/asip_lab/vitis_ws/milestone2/hw/design_1_wrapper.xsa
TRACE::2026-07-26.18:36:51::SCWPlatform::DSA absoulate path /home/ran/Documents/uni/s10/asip_lab/vitis_ws/milestone2/hw/design_1_wrapper.xsa
TRACE::2026-07-26.18:36:51::SCWPlatform::DSA directory /home/ran/Documents/uni/s10/asip_lab/vitis_ws/milestone2/hw
TRACE::2026-07-26.18:36:51::SCWPlatform:: Platform Path /home/ran/Documents/uni/s10/asip_lab/vitis_ws/milestone2/hw/design_1_wrapper.xsa
TRACE::2026-07-26.18:36:51::SCWPlatform:: Unique name xilinx:::0.0
TRACE::2026-07-26.18:36:51::SCWPlatform::Trying to set the existing hwdb with name design_1_wrapper_17
TRACE::2026-07-26.18:36:51::SCWPlatform::Opened existing hwdb design_1_wrapper_17
TRACE::2026-07-26.18:36:51::SCWPlatform::Found the Hw Db part of the input DSA
TRACE::2026-07-26.18:36:51::SCWMssOS::Checking the sw design at  /home/ran/Documents/uni/s10/asip_lab/vitis_ws/milestone2/zynq_fsbl/zynq_fsbl_bsp/system.mss
TRACE::2026-07-26.18:36:51::SCWMssOS::DEBUG:  swdes dump  
TRACE::2026-07-26.18:36:51::SCWMssOS::No sw design opened at  /home/ran/Documents/uni/s10/asip_lab/vitis_ws/milestone2/zynq_fsbl/zynq_fsbl_bsp/system.mss
TRACE::2026-07-26.18:36:51::SCWMssOS::mss exists loading the mss file  /home/ran/Documents/uni/s10/asip_lab/vitis_ws/milestone2/zynq_fsbl/zynq_fsbl_bsp/system.mss
TRACE::2026-07-26.18:36:51::SCWMssOS::Opened the sw design from mss  /home/ran/Documents/uni/s10/asip_lab/vitis_ws/milestone2/zynq_fsbl/zynq_fsbl_bsp/system.mss
TRACE::2026-07-26.18:36:51::SCWMssOS::Adding the swdes entry /home/ran/Documents/uni/s10/asip_lab/vitis_ws/milestone2/zynq_fsbl/zynq_fsbl_bsp/system.mss with des name system
TRACE::2026-07-26.18:36:51::SCWMssOS::updating the scw layer about changes
TRACE::2026-07-26.18:36:51::SCWMssOS::Opened the sw design.  /home/ran/Documents/uni/s10/asip_lab/vitis_ws/milestone2/zynq_fsbl/zynq_fsbl_bsp/system.mss
TRACE::2026-07-26.18:36:51::SCWPlatform::Trying to open the hw design at /home/ran/Documents/uni/s10/asip_lab/vitis_ws/milestone2/hw/design_1_wrapper.xsa
TRACE::2026-07-26.18:36:51::SCWPlatform::DSA given /home/ran/Documents/uni/s10/asip_lab/vitis_ws/milestone2/hw/design_1_wrapper.xsa
TRACE::2026-07-26.18:36:51::SCWPlatform::DSA absoulate path /home/ran/Documents/uni/s10/asip_lab/vitis_ws/milestone2/hw/design_1_wrapper.xsa
TRACE::2026-07-26.18:36:51::SCWPlatform::DSA directory /home/ran/Documents/uni/s10/asip_lab/vitis_ws/milestone2/hw
TRACE::2026-07-26.18:36:51::SCWPlatform:: Platform Path /home/ran/Documents/uni/s10/asip_lab/vitis_ws/milestone2/hw/design_1_wrapper.xsa
TRACE::2026-07-26.18:36:51::SCWPlatform:: Unique name xilinx:::0.0
TRACE::2026-07-26.18:36:51::SCWPlatform::Trying to set the existing hwdb with name design_1_wrapper_17
TRACE::2026-07-26.18:36:51::SCWPlatform::Opened existing hwdb design_1_wrapper_17
TRACE::2026-07-26.18:36:51::SCWPlatform::Found the Hw Db part of the input DSA
TRACE::2026-07-26.18:36:51::SCWMssOS::Checking the sw design at  /home/ran/Documents/uni/s10/asip_lab/vitis_ws/milestone2/zynq_fsbl/zynq_fsbl_bsp/system.mss
TRACE::2026-07-26.18:36:51::SCWMssOS::DEBUG:  swdes dump  /home/ran/Documents/uni/s10/asip_lab/vitis_ws/milestone2/zynq_fsbl/zynq_fsbl_bsp/system.mss|system||

TRACE::2026-07-26.18:36:51::SCWMssOS::Sw design exists and opened at  /home/ran/Documents/uni/s10/asip_lab/vitis_ws/milestone2/zynq_fsbl/zynq_fsbl_bsp/system.mss
TRACE::2026-07-26.18:36:51::SCWMssOS:: library already available in sw design:  xilffs:4.8
TRACE::2026-07-26.18:36:51::SCWPlatform::Trying to open the hw design at /home/ran/Documents/uni/s10/asip_lab/vitis_ws/milestone2/hw/design_1_wrapper.xsa
TRACE::2026-07-26.18:36:51::SCWPlatform::DSA given /home/ran/Documents/uni/s10/asip_lab/vitis_ws/milestone2/hw/design_1_wrapper.xsa
TRACE::2026-07-26.18:36:51::SCWPlatform::DSA absoulate path /home/ran/Documents/uni/s10/asip_lab/vitis_ws/milestone2/hw/design_1_wrapper.xsa
TRACE::2026-07-26.18:36:51::SCWPlatform::DSA directory /home/ran/Documents/uni/s10/asip_lab/vitis_ws/milestone2/hw
TRACE::2026-07-26.18:36:51::SCWPlatform:: Platform Path /home/ran/Documents/uni/s10/asip_lab/vitis_ws/milestone2/hw/design_1_wrapper.xsa
TRACE::2026-07-26.18:36:51::SCWPlatform:: Unique name xilinx:::0.0
TRACE::2026-07-26.18:36:51::SCWPlatform::Trying to set the existing hwdb with name design_1_wrapper_17
TRACE::2026-07-26.18:36:51::SCWPlatform::Opened existing hwdb design_1_wrapper_17
TRACE::2026-07-26.18:36:51::SCWPlatform::Found the Hw Db part of the input DSA
TRACE::2026-07-26.18:36:51::SCWMssOS::Checking the sw design at  /home/ran/Documents/uni/s10/asip_lab/vitis_ws/milestone2/zynq_fsbl/zynq_fsbl_bsp/system.mss
TRACE::2026-07-26.18:36:51::SCWMssOS::DEBUG:  swdes dump  /home/ran/Documents/uni/s10/asip_lab/vitis_ws/milestone2/zynq_fsbl/zynq_fsbl_bsp/system.mss|system||

TRACE::2026-07-26.18:36:51::SCWMssOS::Sw design exists and opened at  /home/ran/Documents/uni/s10/asip_lab/vitis_ws/milestone2/zynq_fsbl/zynq_fsbl_bsp/system.mss
TRACE::2026-07-26.18:36:51::SCWMssOS:: library already available in sw design:  xilrsa:1.6
TRACE::2026-07-26.18:36:51::SCWPlatform::Trying to open the hw design at /home/ran/Documents/uni/s10/asip_lab/vitis_ws/milestone2/hw/design_1_wrapper.xsa
TRACE::2026-07-26.18:36:51::SCWPlatform::DSA given /home/ran/Documents/uni/s10/asip_lab/vitis_ws/milestone2/hw/design_1_wrapper.xsa
TRACE::2026-07-26.18:36:51::SCWPlatform::DSA absoulate path /home/ran/Documents/uni/s10/asip_lab/vitis_ws/milestone2/hw/design_1_wrapper.xsa
TRACE::2026-07-26.18:36:51::SCWPlatform::DSA directory /home/ran/Documents/uni/s10/asip_lab/vitis_ws/milestone2/hw
TRACE::2026-07-26.18:36:51::SCWPlatform:: Platform Path /home/ran/Documents/uni/s10/asip_lab/vitis_ws/milestone2/hw/design_1_wrapper.xsa
TRACE::2026-07-26.18:36:51::SCWPlatform:: Unique name xilinx:::0.0
TRACE::2026-07-26.18:36:51::SCWPlatform::Trying to set the existing hwdb with name design_1_wrapper_17
TRACE::2026-07-26.18:36:51::SCWPlatform::Opened existing hwdb design_1_wrapper_17
TRACE::2026-07-26.18:36:51::SCWPlatform::Found the Hw Db part of the input DSA
TRACE::2026-07-26.18:36:51::SCWMssOS::Checking the sw design at  /home/ran/Documents/uni/s10/asip_lab/vitis_ws/milestone2/zynq_fsbl/zynq_fsbl_bsp/system.mss
TRACE::2026-07-26.18:36:51::SCWMssOS::DEBUG:  swdes dump  /home/ran/Documents/uni/s10/asip_lab/vitis_ws/milestone2/zynq_fsbl/zynq_fsbl_bsp/system.mss|system||

TRACE::2026-07-26.18:36:51::SCWMssOS::Sw design exists and opened at  /home/ran/Documents/uni/s10/asip_lab/vitis_ws/milestone2/zynq_fsbl/zynq_fsbl_bsp/system.mss
TRACE::2026-07-26.18:36:51::SCWPlatform::Trying to open the hw design at /home/ran/Documents/uni/s10/asip_lab/vitis_ws/milestone2/hw/design_1_wrapper.xsa
TRACE::2026-07-26.18:36:51::SCWPlatform::DSA given /home/ran/Documents/uni/s10/asip_lab/vitis_ws/milestone2/hw/design_1_wrapper.xsa
TRACE::2026-07-26.18:36:51::SCWPlatform::DSA absoulate path /home/ran/Documents/uni/s10/asip_lab/vitis_ws/milestone2/hw/design_1_wrapper.xsa
TRACE::2026-07-26.18:36:51::SCWPlatform::DSA directory /home/ran/Documents/uni/s10/asip_lab/vitis_ws/milestone2/hw
TRACE::2026-07-26.18:36:51::SCWPlatform:: Platform Path /home/ran/Documents/uni/s10/asip_lab/vitis_ws/milestone2/hw/design_1_wrapper.xsa
TRACE::2026-07-26.18:36:51::SCWPlatform:: Unique name xilinx:::0.0
TRACE::2026-07-26.18:36:51::SCWPlatform::Trying to set the existing hwdb with name design_1_wrapper_17
TRACE::2026-07-26.18:36:51::SCWPlatform::Opened existing hwdb design_1_wrapper_17
TRACE::2026-07-26.18:36:51::SCWPlatform::Found the Hw Db part of the input DSA
TRACE::2026-07-26.18:36:51::SCWMssOS::Checking the sw design at  /home/ran/Documents/uni/s10/asip_lab/vitis_ws/milestone2/zynq_fsbl/zynq_fsbl_bsp/system.mss
TRACE::2026-07-26.18:36:51::SCWMssOS::DEBUG:  swdes dump  /home/ran/Documents/uni/s10/asip_lab/vitis_ws/milestone2/zynq_fsbl/zynq_fsbl_bsp/system.mss|system||

TRACE::2026-07-26.18:36:51::SCWMssOS::Sw design exists and opened at  /home/ran/Documents/uni/s10/asip_lab/vitis_ws/milestone2/zynq_fsbl/zynq_fsbl_bsp/system.mss
TRACE::2026-07-26.18:36:51::SCWPlatform::Trying to open the hw design at /home/ran/Documents/uni/s10/asip_lab/vitis_ws/milestone2/hw/design_1_wrapper.xsa
TRACE::2026-07-26.18:36:51::SCWPlatform::DSA given /home/ran/Documents/uni/s10/asip_lab/vitis_ws/milestone2/hw/design_1_wrapper.xsa
TRACE::2026-07-26.18:36:51::SCWPlatform::DSA absoulate path /home/ran/Documents/uni/s10/asip_lab/vitis_ws/milestone2/hw/design_1_wrapper.xsa
TRACE::2026-07-26.18:36:51::SCWPlatform::DSA directory /home/ran/Documents/uni/s10/asip_lab/vitis_ws/milestone2/hw
TRACE::2026-07-26.18:36:51::SCWPlatform:: Platform Path /home/ran/Documents/uni/s10/asip_lab/vitis_ws/milestone2/hw/design_1_wrapper.xsa
TRACE::2026-07-26.18:36:51::SCWPlatform:: Unique name xilinx:::0.0
TRACE::2026-07-26.18:36:51::SCWPlatform::Trying to set the existing hwdb with name design_1_wrapper_17
TRACE::2026-07-26.18:36:51::SCWPlatform::Opened existing hwdb design_1_wrapper_17
TRACE::2026-07-26.18:36:51::SCWPlatform::Found the Hw Db part of the input DSA
TRACE::2026-07-26.18:36:51::SCWMssOS::Checking the sw design at  /home/ran/Documents/uni/s10/asip_lab/vitis_ws/milestone2/zynq_fsbl/zynq_fsbl_bsp/system.mss
TRACE::2026-07-26.18:36:51::SCWMssOS::DEBUG:  swdes dump  /home/ran/Documents/uni/s10/asip_lab/vitis_ws/milestone2/zynq_fsbl/zynq_fsbl_bsp/system.mss|system||

TRACE::2026-07-26.18:36:51::SCWMssOS::Sw design exists and opened at  /home/ran/Documents/uni/s10/asip_lab/vitis_ws/milestone2/zynq_fsbl/zynq_fsbl_bsp/system.mss
TRACE::2026-07-26.18:36:51::SCWPlatform::Trying to open the hw design at /home/ran/Documents/uni/s10/asip_lab/vitis_ws/milestone2/hw/design_1_wrapper.xsa
TRACE::2026-07-26.18:36:51::SCWPlatform::DSA given /home/ran/Documents/uni/s10/asip_lab/vitis_ws/milestone2/hw/design_1_wrapper.xsa
TRACE::2026-07-26.18:36:51::SCWPlatform::DSA absoulate path /home/ran/Documents/uni/s10/asip_lab/vitis_ws/milestone2/hw/design_1_wrapper.xsa
TRACE::2026-07-26.18:36:51::SCWPlatform::DSA directory /home/ran/Documents/uni/s10/asip_lab/vitis_ws/milestone2/hw
TRACE::2026-07-26.18:36:51::SCWPlatform:: Platform Path /home/ran/Documents/uni/s10/asip_lab/vitis_ws/milestone2/hw/design_1_wrapper.xsa
TRACE::2026-07-26.18:36:51::SCWPlatform:: Unique name xilinx:::0.0
TRACE::2026-07-26.18:36:51::SCWPlatform::Trying to set the existing hwdb with name design_1_wrapper_17
TRACE::2026-07-26.18:36:51::SCWPlatform::Opened existing hwdb design_1_wrapper_17
TRACE::2026-07-26.18:36:51::SCWPlatform::Found the Hw Db part of the input DSA
TRACE::2026-07-26.18:36:51::SCWMssOS::Checking the sw design at  /home/ran/Documents/uni/s10/asip_lab/vitis_ws/milestone2/zynq_fsbl/zynq_fsbl_bsp/system.mss
TRACE::2026-07-26.18:36:51::SCWMssOS::DEBUG:  swdes dump  /home/ran/Documents/uni/s10/asip_lab/vitis_ws/milestone2/zynq_fsbl/zynq_fsbl_bsp/system.mss|system||

TRACE::2026-07-26.18:36:51::SCWMssOS::Sw design exists and opened at  /home/ran/Documents/uni/s10/asip_lab/vitis_ws/milestone2/zynq_fsbl/zynq_fsbl_bsp/system.mss
TRACE::2026-07-26.18:36:51::SCWMssOS::Saving the mss changes /home/ran/Documents/uni/s10/asip_lab/vitis_ws/milestone2/zynq_fsbl/zynq_fsbl_bsp/system.mss
TRACE::2026-07-26.18:36:51::SCWMssOS::Found a swdesign opened with the mssfile.
TRACE::2026-07-26.18:36:51::SCWMssOS::Completed writemss as part of save.
TRACE::2026-07-26.18:36:51::SCWMssOS::Commit changes completed.
TRACE::2026-07-26.18:36:51::SCWReader::Adding prebuilt librarypaths as   
TRACE::2026-07-26.18:36:51::SCWReader::Adding prebuilt incpaths  as   
TRACE::2026-07-26.18:36:51::SCWPlatform::Trying to open the hw design at /home/ran/Documents/uni/s10/asip_lab/vitis_ws/milestone2/hw/design_1_wrapper.xsa
TRACE::2026-07-26.18:36:51::SCWPlatform::DSA given /home/ran/Documents/uni/s10/asip_lab/vitis_ws/milestone2/hw/design_1_wrapper.xsa
TRACE::2026-07-26.18:36:51::SCWPlatform::DSA absoulate path /home/ran/Documents/uni/s10/asip_lab/vitis_ws/milestone2/hw/design_1_wrapper.xsa
TRACE::2026-07-26.18:36:51::SCWPlatform::DSA directory /home/ran/Documents/uni/s10/asip_lab/vitis_ws/milestone2/hw
TRACE::2026-07-26.18:36:51::SCWPlatform:: Platform Path /home/ran/Documents/uni/s10/asip_lab/vitis_ws/milestone2/hw/design_1_wrapper.xsa
TRACE::2026-07-26.18:36:51::SCWPlatform:: Unique name xilinx:::0.0
TRACE::2026-07-26.18:36:51::SCWPlatform::Trying to set the existing hwdb with name design_1_wrapper_17
TRACE::2026-07-26.18:36:51::SCWPlatform::Opened existing hwdb design_1_wrapper_17
TRACE::2026-07-26.18:36:51::SCWPlatform::Found the Hw Db part of the input DSA
TRACE::2026-07-26.18:36:51::SCWMssOS::Checking the sw design at  /home/ran/Documents/uni/s10/asip_lab/vitis_ws/milestone2/zynq_fsbl/zynq_fsbl_bsp/system.mss
TRACE::2026-07-26.18:36:51::SCWMssOS::DEBUG:  swdes dump  /home/ran/Documents/uni/s10/asip_lab/vitis_ws/milestone2/zynq_fsbl/zynq_fsbl_bsp/system.mss|system||

TRACE::2026-07-26.18:36:51::SCWMssOS::Sw design exists and opened at  /home/ran/Documents/uni/s10/asip_lab/vitis_ws/milestone2/zynq_fsbl/zynq_fsbl_bsp/system.mss
TRACE::2026-07-26.18:36:51::SCWReader::No isolation master present  
TRACE::2026-07-26.18:36:51::SCWDomain::checking for install qemu data   : 
TRACE::2026-07-26.18:36:51::SCWDomain:: Using the QEMU Data from install at  : /home/ran/bin/Xilinx/Vitis/2022.2/data/emulation/platforms/zynq/sw/a9_standalone/qemu/
TRACE::2026-07-26.18:36:51::SCWDomain:: Using the QEMU args  from install at  : /home/ran/bin/Xilinx/Vitis/2022.2/data/emulation/platforms/zynq/sw/a9_standalone/qemu/qemu_args.txt
TRACE::2026-07-26.18:36:51::SCWPlatform::Trying to open the hw design at /home/ran/Documents/uni/s10/asip_lab/vitis_ws/milestone2/hw/design_1_wrapper.xsa
TRACE::2026-07-26.18:36:51::SCWPlatform::DSA given /home/ran/Documents/uni/s10/asip_lab/vitis_ws/milestone2/hw/design_1_wrapper.xsa
TRACE::2026-07-26.18:36:51::SCWPlatform::DSA absoulate path /home/ran/Documents/uni/s10/asip_lab/vitis_ws/milestone2/hw/design_1_wrapper.xsa
TRACE::2026-07-26.18:36:51::SCWPlatform::DSA directory /home/ran/Documents/uni/s10/asip_lab/vitis_ws/milestone2/hw
TRACE::2026-07-26.18:36:51::SCWPlatform:: Platform Path /home/ran/Documents/uni/s10/asip_lab/vitis_ws/milestone2/hw/design_1_wrapper.xsa
TRACE::2026-07-26.18:36:51::SCWPlatform:: Unique name xilinx:::0.0
TRACE::2026-07-26.18:36:51::SCWPlatform::Trying to set the existing hwdb with name design_1_wrapper_17
TRACE::2026-07-26.18:36:51::SCWPlatform::Opened existing hwdb design_1_wrapper_17
TRACE::2026-07-26.18:36:51::SCWPlatform::Found the Hw Db part of the input DSA
TRACE::2026-07-26.18:36:51::SCWPlatform::Trying to open the hw design at /home/ran/Documents/uni/s10/asip_lab/vitis_ws/milestone2/hw/design_1_wrapper.xsa
TRACE::2026-07-26.18:36:51::SCWPlatform::DSA given /home/ran/Documents/uni/s10/asip_lab/vitis_ws/milestone2/hw/design_1_wrapper.xsa
TRACE::2026-07-26.18:36:51::SCWPlatform::DSA absoulate path /home/ran/Documents/uni/s10/asip_lab/vitis_ws/milestone2/hw/design_1_wrapper.xsa
TRACE::2026-07-26.18:36:51::SCWPlatform::DSA directory /home/ran/Documents/uni/s10/asip_lab/vitis_ws/milestone2/hw
TRACE::2026-07-26.18:36:51::SCWPlatform:: Platform Path /home/ran/Documents/uni/s10/asip_lab/vitis_ws/milestone2/hw/design_1_wrapper.xsa
TRACE::2026-07-26.18:36:51::SCWPlatform:: Unique name xilinx:::0.0
TRACE::2026-07-26.18:36:51::SCWPlatform::Trying to set the existing hwdb with name design_1_wrapper_17
TRACE::2026-07-26.18:36:51::SCWPlatform::Opened existing hwdb design_1_wrapper_17
TRACE::2026-07-26.18:36:51::SCWPlatform::Found the Hw Db part of the input DSA
TRACE::2026-07-26.18:36:51::SCWPlatform::Trying to open the hw design at /home/ran/Documents/uni/s10/asip_lab/vitis_ws/milestone2/hw/design_1_wrapper.xsa
TRACE::2026-07-26.18:36:51::SCWPlatform::DSA given /home/ran/Documents/uni/s10/asip_lab/vitis_ws/milestone2/hw/design_1_wrapper.xsa
TRACE::2026-07-26.18:36:51::SCWPlatform::DSA absoulate path /home/ran/Documents/uni/s10/asip_lab/vitis_ws/milestone2/hw/design_1_wrapper.xsa
TRACE::2026-07-26.18:36:51::SCWPlatform::DSA directory /home/ran/Documents/uni/s10/asip_lab/vitis_ws/milestone2/hw
TRACE::2026-07-26.18:36:51::SCWPlatform:: Platform Path /home/ran/Documents/uni/s10/asip_lab/vitis_ws/milestone2/hw/design_1_wrapper.xsa
TRACE::2026-07-26.18:36:51::SCWPlatform:: Unique name xilinx:::0.0
TRACE::2026-07-26.18:36:51::SCWPlatform::Trying to set the existing hwdb with name design_1_wrapper_17
TRACE::2026-07-26.18:36:51::SCWPlatform::Opened existing hwdb design_1_wrapper_17
TRACE::2026-07-26.18:36:51::SCWPlatform::Found the Hw Db part of the input DSA
TRACE::2026-07-26.18:36:51::SCWMssOS::Checking the sw design at  /home/ran/Documents/uni/s10/asip_lab/vitis_ws/milestone2/ps7_cortexa9_0/standalone_domain/bsp/system.mss
TRACE::2026-07-26.18:36:51::SCWMssOS::DEBUG:  swdes dump  /home/ran/Documents/uni/s10/asip_lab/vitis_ws/milestone2/zynq_fsbl/zynq_fsbl_bsp/system.mss|system||

TRACE::2026-07-26.18:36:51::SCWMssOS::No sw design opened at  /home/ran/Documents/uni/s10/asip_lab/vitis_ws/milestone2/ps7_cortexa9_0/standalone_domain/bsp/system.mss
TRACE::2026-07-26.18:36:51::SCWMssOS::mss exists loading the mss file  /home/ran/Documents/uni/s10/asip_lab/vitis_ws/milestone2/ps7_cortexa9_0/standalone_domain/bsp/system.mss
TRACE::2026-07-26.18:36:51::SCWMssOS::Opened the sw design from mss  /home/ran/Documents/uni/s10/asip_lab/vitis_ws/milestone2/ps7_cortexa9_0/standalone_domain/bsp/system.mss
TRACE::2026-07-26.18:36:51::SCWMssOS::Adding the swdes entry /home/ran/Documents/uni/s10/asip_lab/vitis_ws/milestone2/ps7_cortexa9_0/standalone_domain/bsp/system.mss with des name system_0
TRACE::2026-07-26.18:36:51::SCWMssOS::updating the scw layer about changes
TRACE::2026-07-26.18:36:51::SCWMssOS::Opened the sw design.  /home/ran/Documents/uni/s10/asip_lab/vitis_ws/milestone2/ps7_cortexa9_0/standalone_domain/bsp/system.mss
TRACE::2026-07-26.18:36:51::SCWPlatform::Trying to open the hw design at /home/ran/Documents/uni/s10/asip_lab/vitis_ws/milestone2/hw/design_1_wrapper.xsa
TRACE::2026-07-26.18:36:51::SCWPlatform::DSA given /home/ran/Documents/uni/s10/asip_lab/vitis_ws/milestone2/hw/design_1_wrapper.xsa
TRACE::2026-07-26.18:36:51::SCWPlatform::DSA absoulate path /home/ran/Documents/uni/s10/asip_lab/vitis_ws/milestone2/hw/design_1_wrapper.xsa
TRACE::2026-07-26.18:36:51::SCWPlatform::DSA directory /home/ran/Documents/uni/s10/asip_lab/vitis_ws/milestone2/hw
TRACE::2026-07-26.18:36:51::SCWPlatform:: Platform Path /home/ran/Documents/uni/s10/asip_lab/vitis_ws/milestone2/hw/design_1_wrapper.xsa
TRACE::2026-07-26.18:36:51::SCWPlatform:: Unique name xilinx:::0.0
TRACE::2026-07-26.18:36:51::SCWPlatform::Trying to set the existing hwdb with name design_1_wrapper_17
TRACE::2026-07-26.18:36:51::SCWPlatform::Opened existing hwdb design_1_wrapper_17
TRACE::2026-07-26.18:36:51::SCWPlatform::Found the Hw Db part of the input DSA
TRACE::2026-07-26.18:36:51::SCWMssOS::Checking the sw design at  /home/ran/Documents/uni/s10/asip_lab/vitis_ws/milestone2/ps7_cortexa9_0/standalone_domain/bsp/system.mss
TRACE::2026-07-26.18:36:51::SCWMssOS::DEBUG:  swdes dump  /home/ran/Documents/uni/s10/asip_lab/vitis_ws/milestone2/ps7_cortexa9_0/standalone_domain/bsp/system.mss|system_0||
/home/ran/Documents/uni/s10/asip_lab/vitis_ws/milestone2/zynq_fsbl/zynq_fsbl_bsp/system.mss|system||

TRACE::2026-07-26.18:36:51::SCWMssOS::Sw design exists and opened at  /home/ran/Documents/uni/s10/asip_lab/vitis_ws/milestone2/ps7_cortexa9_0/standalone_domain/bsp/system.mss
TRACE::2026-07-26.18:36:51::SCWPlatform::Trying to open the hw design at /home/ran/Documents/uni/s10/asip_lab/vitis_ws/milestone2/hw/design_1_wrapper.xsa
TRACE::2026-07-26.18:36:51::SCWPlatform::DSA given /home/ran/Documents/uni/s10/asip_lab/vitis_ws/milestone2/hw/design_1_wrapper.xsa
TRACE::2026-07-26.18:36:51::SCWPlatform::DSA absoulate path /home/ran/Documents/uni/s10/asip_lab/vitis_ws/milestone2/hw/design_1_wrapper.xsa
TRACE::2026-07-26.18:36:51::SCWPlatform::DSA directory /home/ran/Documents/uni/s10/asip_lab/vitis_ws/milestone2/hw
TRACE::2026-07-26.18:36:51::SCWPlatform:: Platform Path /home/ran/Documents/uni/s10/asip_lab/vitis_ws/milestone2/hw/design_1_wrapper.xsa
TRACE::2026-07-26.18:36:51::SCWPlatform:: Unique name xilinx:::0.0
TRACE::2026-07-26.18:36:51::SCWPlatform::Trying to set the existing hwdb with name design_1_wrapper_17
TRACE::2026-07-26.18:36:51::SCWPlatform::Opened existing hwdb design_1_wrapper_17
TRACE::2026-07-26.18:36:51::SCWPlatform::Found the Hw Db part of the input DSA
TRACE::2026-07-26.18:36:51::SCWMssOS::Checking the sw design at  /home/ran/Documents/uni/s10/asip_lab/vitis_ws/milestone2/ps7_cortexa9_0/standalone_domain/bsp/system.mss
TRACE::2026-07-26.18:36:51::SCWMssOS::DEBUG:  swdes dump  /home/ran/Documents/uni/s10/asip_lab/vitis_ws/milestone2/ps7_cortexa9_0/standalone_domain/bsp/system.mss|system_0||
/home/ran/Documents/uni/s10/asip_lab/vitis_ws/milestone2/zynq_fsbl/zynq_fsbl_bsp/system.mss|system||

TRACE::2026-07-26.18:36:51::SCWMssOS::Sw design exists and opened at  /home/ran/Documents/uni/s10/asip_lab/vitis_ws/milestone2/ps7_cortexa9_0/standalone_domain/bsp/system.mss
TRACE::2026-07-26.18:36:51::SCWPlatform::Trying to open the hw design at /home/ran/Documents/uni/s10/asip_lab/vitis_ws/milestone2/hw/design_1_wrapper.xsa
TRACE::2026-07-26.18:36:51::SCWPlatform::DSA given /home/ran/Documents/uni/s10/asip_lab/vitis_ws/milestone2/hw/design_1_wrapper.xsa
TRACE::2026-07-26.18:36:51::SCWPlatform::DSA absoulate path /home/ran/Documents/uni/s10/asip_lab/vitis_ws/milestone2/hw/design_1_wrapper.xsa
TRACE::2026-07-26.18:36:51::SCWPlatform::DSA directory /home/ran/Documents/uni/s10/asip_lab/vitis_ws/milestone2/hw
TRACE::2026-07-26.18:36:51::SCWPlatform:: Platform Path /home/ran/Documents/uni/s10/asip_lab/vitis_ws/milestone2/hw/design_1_wrapper.xsa
TRACE::2026-07-26.18:36:51::SCWPlatform:: Unique name xilinx:::0.0
TRACE::2026-07-26.18:36:51::SCWPlatform::Trying to set the existing hwdb with name design_1_wrapper_17
TRACE::2026-07-26.18:36:51::SCWPlatform::Opened existing hwdb design_1_wrapper_17
TRACE::2026-07-26.18:36:51::SCWPlatform::Found the Hw Db part of the input DSA
TRACE::2026-07-26.18:36:51::SCWMssOS::Checking the sw design at  /home/ran/Documents/uni/s10/asip_lab/vitis_ws/milestone2/ps7_cortexa9_0/standalone_domain/bsp/system.mss
TRACE::2026-07-26.18:36:51::SCWMssOS::DEBUG:  swdes dump  /home/ran/Documents/uni/s10/asip_lab/vitis_ws/milestone2/ps7_cortexa9_0/standalone_domain/bsp/system.mss|system_0||
/home/ran/Documents/uni/s10/asip_lab/vitis_ws/milestone2/zynq_fsbl/zynq_fsbl_bsp/system.mss|system||

TRACE::2026-07-26.18:36:51::SCWMssOS::Sw design exists and opened at  /home/ran/Documents/uni/s10/asip_lab/vitis_ws/milestone2/ps7_cortexa9_0/standalone_domain/bsp/system.mss
TRACE::2026-07-26.18:36:51::SCWPlatform::Trying to open the hw design at /home/ran/Documents/uni/s10/asip_lab/vitis_ws/milestone2/hw/design_1_wrapper.xsa
TRACE::2026-07-26.18:36:51::SCWPlatform::DSA given /home/ran/Documents/uni/s10/asip_lab/vitis_ws/milestone2/hw/design_1_wrapper.xsa
TRACE::2026-07-26.18:36:51::SCWPlatform::DSA absoulate path /home/ran/Documents/uni/s10/asip_lab/vitis_ws/milestone2/hw/design_1_wrapper.xsa
TRACE::2026-07-26.18:36:51::SCWPlatform::DSA directory /home/ran/Documents/uni/s10/asip_lab/vitis_ws/milestone2/hw
TRACE::2026-07-26.18:36:51::SCWPlatform:: Platform Path /home/ran/Documents/uni/s10/asip_lab/vitis_ws/milestone2/hw/design_1_wrapper.xsa
TRACE::2026-07-26.18:36:51::SCWPlatform:: Unique name xilinx:::0.0
TRACE::2026-07-26.18:36:51::SCWPlatform::Trying to set the existing hwdb with name design_1_wrapper_17
TRACE::2026-07-26.18:36:51::SCWPlatform::Opened existing hwdb design_1_wrapper_17
TRACE::2026-07-26.18:36:51::SCWPlatform::Found the Hw Db part of the input DSA
TRACE::2026-07-26.18:36:51::SCWMssOS::Checking the sw design at  /home/ran/Documents/uni/s10/asip_lab/vitis_ws/milestone2/ps7_cortexa9_0/standalone_domain/bsp/system.mss
TRACE::2026-07-26.18:36:51::SCWMssOS::DEBUG:  swdes dump  /home/ran/Documents/uni/s10/asip_lab/vitis_ws/milestone2/ps7_cortexa9_0/standalone_domain/bsp/system.mss|system_0||
/home/ran/Documents/uni/s10/asip_lab/vitis_ws/milestone2/zynq_fsbl/zynq_fsbl_bsp/system.mss|system||

TRACE::2026-07-26.18:36:51::SCWMssOS::Sw design exists and opened at  /home/ran/Documents/uni/s10/asip_lab/vitis_ws/milestone2/ps7_cortexa9_0/standalone_domain/bsp/system.mss
TRACE::2026-07-26.18:36:51::SCWMssOS::Saving the mss changes /home/ran/Documents/uni/s10/asip_lab/vitis_ws/milestone2/ps7_cortexa9_0/standalone_domain/bsp/system.mss
TRACE::2026-07-26.18:36:51::SCWMssOS::Found a swdesign opened with the mssfile.
TRACE::2026-07-26.18:36:51::SCWMssOS::Completed writemss as part of save.
TRACE::2026-07-26.18:36:51::SCWMssOS::Commit changes completed.
TRACE::2026-07-26.18:36:51::SCWReader::Adding prebuilt librarypaths as   
TRACE::2026-07-26.18:36:51::SCWReader::Adding prebuilt incpaths  as   
TRACE::2026-07-26.18:36:51::SCWPlatform::Trying to open the hw design at /home/ran/Documents/uni/s10/asip_lab/vitis_ws/milestone2/hw/design_1_wrapper.xsa
TRACE::2026-07-26.18:36:51::SCWPlatform::DSA given /home/ran/Documents/uni/s10/asip_lab/vitis_ws/milestone2/hw/design_1_wrapper.xsa
TRACE::2026-07-26.18:36:51::SCWPlatform::DSA absoulate path /home/ran/Documents/uni/s10/asip_lab/vitis_ws/milestone2/hw/design_1_wrapper.xsa
TRACE::2026-07-26.18:36:51::SCWPlatform::DSA directory /home/ran/Documents/uni/s10/asip_lab/vitis_ws/milestone2/hw
TRACE::2026-07-26.18:36:51::SCWPlatform:: Platform Path /home/ran/Documents/uni/s10/asip_lab/vitis_ws/milestone2/hw/design_1_wrapper.xsa
TRACE::2026-07-26.18:36:51::SCWPlatform:: Unique name xilinx:::0.0
TRACE::2026-07-26.18:36:51::SCWPlatform::Trying to set the existing hwdb with name design_1_wrapper_17
TRACE::2026-07-26.18:36:51::SCWPlatform::Opened existing hwdb design_1_wrapper_17
TRACE::2026-07-26.18:36:51::SCWPlatform::Found the Hw Db part of the input DSA
TRACE::2026-07-26.18:36:51::SCWMssOS::Checking the sw design at  /home/ran/Documents/uni/s10/asip_lab/vitis_ws/milestone2/ps7_cortexa9_0/standalone_domain/bsp/system.mss
TRACE::2026-07-26.18:36:51::SCWMssOS::DEBUG:  swdes dump  /home/ran/Documents/uni/s10/asip_lab/vitis_ws/milestone2/ps7_cortexa9_0/standalone_domain/bsp/system.mss|system_0||
/home/ran/Documents/uni/s10/asip_lab/vitis_ws/milestone2/zynq_fsbl/zynq_fsbl_bsp/system.mss|system||

TRACE::2026-07-26.18:36:51::SCWMssOS::Sw design exists and opened at  /home/ran/Documents/uni/s10/asip_lab/vitis_ws/milestone2/ps7_cortexa9_0/standalone_domain/bsp/system.mss
TRACE::2026-07-26.18:36:51::SCWReader::No isolation master present  
TRACE::2026-07-26.18:36:52::SCWPlatform::Trying to open the hw design at /home/ran/Documents/uni/s10/asip_lab/vitis_ws/milestone2/hw/design_1_wrapper.xsa
TRACE::2026-07-26.18:36:52::SCWPlatform::DSA given /home/ran/Documents/uni/s10/asip_lab/vitis_ws/milestone2/hw/design_1_wrapper.xsa
TRACE::2026-07-26.18:36:52::SCWPlatform::DSA absoulate path /home/ran/Documents/uni/s10/asip_lab/vitis_ws/milestone2/hw/design_1_wrapper.xsa
TRACE::2026-07-26.18:36:52::SCWPlatform::DSA directory /home/ran/Documents/uni/s10/asip_lab/vitis_ws/milestone2/hw
TRACE::2026-07-26.18:36:52::SCWPlatform:: Platform Path /home/ran/Documents/uni/s10/asip_lab/vitis_ws/milestone2/hw/design_1_wrapper.xsa
TRACE::2026-07-26.18:36:52::SCWPlatform:: Unique name xilinx:::0.0
TRACE::2026-07-26.18:36:52::SCWPlatform::Trying to set the existing hwdb with name design_1_wrapper_17
TRACE::2026-07-26.18:36:52::SCWPlatform::Opened existing hwdb design_1_wrapper_17
TRACE::2026-07-26.18:36:52::SCWPlatform::Found the Hw Db part of the input DSA
TRACE::2026-07-26.18:36:52::SCWMssOS::Checking the sw design at  /home/ran/Documents/uni/s10/asip_lab/vitis_ws/milestone2/ps7_cortexa9_0/standalone_domain/bsp/system.mss
TRACE::2026-07-26.18:36:52::SCWMssOS::DEBUG:  swdes dump  /home/ran/Documents/uni/s10/asip_lab/vitis_ws/milestone2/ps7_cortexa9_0/standalone_domain/bsp/system.mss|system_0||
/home/ran/Documents/uni/s10/asip_lab/vitis_ws/milestone2/zynq_fsbl/zynq_fsbl_bsp/system.mss|system||

TRACE::2026-07-26.18:36:52::SCWMssOS::Sw design exists and opened at  /home/ran/Documents/uni/s10/asip_lab/vitis_ws/milestone2/ps7_cortexa9_0/standalone_domain/bsp/system.mss
TRACE::2026-07-26.18:36:52::SCWMssOS::In reload Mss file.
TRACE::2026-07-26.18:36:52::SCWPlatform::Trying to open the hw design at /home/ran/Documents/uni/s10/asip_lab/vitis_ws/milestone2/hw/design_1_wrapper.xsa
TRACE::2026-07-26.18:36:52::SCWPlatform::DSA given /home/ran/Documents/uni/s10/asip_lab/vitis_ws/milestone2/hw/design_1_wrapper.xsa
TRACE::2026-07-26.18:36:52::SCWPlatform::DSA absoulate path /home/ran/Documents/uni/s10/asip_lab/vitis_ws/milestone2/hw/design_1_wrapper.xsa
TRACE::2026-07-26.18:36:52::SCWPlatform::DSA directory /home/ran/Documents/uni/s10/asip_lab/vitis_ws/milestone2/hw
TRACE::2026-07-26.18:36:52::SCWPlatform:: Platform Path /home/ran/Documents/uni/s10/asip_lab/vitis_ws/milestone2/hw/design_1_wrapper.xsa
TRACE::2026-07-26.18:36:52::SCWPlatform:: Unique name xilinx:::0.0
TRACE::2026-07-26.18:36:52::SCWPlatform::Trying to set the existing hwdb with name design_1_wrapper_17
TRACE::2026-07-26.18:36:52::SCWPlatform::Opened existing hwdb design_1_wrapper_17
TRACE::2026-07-26.18:36:52::SCWPlatform::Found the Hw Db part of the input DSA
TRACE::2026-07-26.18:36:52::SCWMssOS::Checking the sw design at  /home/ran/Documents/uni/s10/asip_lab/vitis_ws/milestone2/ps7_cortexa9_0/standalone_domain/bsp/system.mss
TRACE::2026-07-26.18:36:52::SCWMssOS::DEBUG:  swdes dump  /home/ran/Documents/uni/s10/asip_lab/vitis_ws/milestone2/zynq_fsbl/zynq_fsbl_bsp/system.mss|system||

TRACE::2026-07-26.18:36:52::SCWMssOS::No sw design opened at  /home/ran/Documents/uni/s10/asip_lab/vitis_ws/milestone2/ps7_cortexa9_0/standalone_domain/bsp/system.mss
TRACE::2026-07-26.18:36:52::SCWMssOS::mss exists loading the mss file  /home/ran/Documents/uni/s10/asip_lab/vitis_ws/milestone2/ps7_cortexa9_0/standalone_domain/bsp/system.mss
TRACE::2026-07-26.18:36:52::SCWMssOS::Opened the sw design from mss  /home/ran/Documents/uni/s10/asip_lab/vitis_ws/milestone2/ps7_cortexa9_0/standalone_domain/bsp/system.mss
TRACE::2026-07-26.18:36:52::SCWMssOS::Adding the swdes entry /home/ran/Documents/uni/s10/asip_lab/vitis_ws/milestone2/ps7_cortexa9_0/standalone_domain/bsp/system.mss with des name system_0
TRACE::2026-07-26.18:36:52::SCWMssOS::updating the scw layer about changes
TRACE::2026-07-26.18:36:52::SCWMssOS::Opened the sw design.  /home/ran/Documents/uni/s10/asip_lab/vitis_ws/milestone2/ps7_cortexa9_0/standalone_domain/bsp/system.mss
TRACE::2026-07-26.18:36:52::SCWPlatform::Trying to open the hw design at /home/ran/Documents/uni/s10/asip_lab/vitis_ws/milestone2/hw/design_1_wrapper.xsa
TRACE::2026-07-26.18:36:52::SCWPlatform::DSA given /home/ran/Documents/uni/s10/asip_lab/vitis_ws/milestone2/hw/design_1_wrapper.xsa
TRACE::2026-07-26.18:36:52::SCWPlatform::DSA absoulate path /home/ran/Documents/uni/s10/asip_lab/vitis_ws/milestone2/hw/design_1_wrapper.xsa
TRACE::2026-07-26.18:36:52::SCWPlatform::DSA directory /home/ran/Documents/uni/s10/asip_lab/vitis_ws/milestone2/hw
TRACE::2026-07-26.18:36:52::SCWPlatform:: Platform Path /home/ran/Documents/uni/s10/asip_lab/vitis_ws/milestone2/hw/design_1_wrapper.xsa
TRACE::2026-07-26.18:36:52::SCWPlatform:: Unique name xilinx:::0.0
TRACE::2026-07-26.18:36:52::SCWPlatform::Trying to set the existing hwdb with name design_1_wrapper_17
TRACE::2026-07-26.18:36:52::SCWPlatform::Opened existing hwdb design_1_wrapper_17
TRACE::2026-07-26.18:36:52::SCWPlatform::Found the Hw Db part of the input DSA
TRACE::2026-07-26.18:36:52::SCWMssOS::Checking the sw design at  /home/ran/Documents/uni/s10/asip_lab/vitis_ws/milestone2/ps7_cortexa9_0/standalone_domain/bsp/system.mss
TRACE::2026-07-26.18:36:52::SCWMssOS::DEBUG:  swdes dump  /home/ran/Documents/uni/s10/asip_lab/vitis_ws/milestone2/ps7_cortexa9_0/standalone_domain/bsp/system.mss|system_0||
/home/ran/Documents/uni/s10/asip_lab/vitis_ws/milestone2/zynq_fsbl/zynq_fsbl_bsp/system.mss|system||

TRACE::2026-07-26.18:36:52::SCWMssOS::Sw design exists and opened at  /home/ran/Documents/uni/s10/asip_lab/vitis_ws/milestone2/ps7_cortexa9_0/standalone_domain/bsp/system.mss
TRACE::2026-07-26.18:36:52::SCWPlatform::Trying to open the hw design at /home/ran/Documents/uni/s10/asip_lab/vitis_ws/milestone2/hw/design_1_wrapper.xsa
TRACE::2026-07-26.18:36:52::SCWPlatform::DSA given /home/ran/Documents/uni/s10/asip_lab/vitis_ws/milestone2/hw/design_1_wrapper.xsa
TRACE::2026-07-26.18:36:52::SCWPlatform::DSA absoulate path /home/ran/Documents/uni/s10/asip_lab/vitis_ws/milestone2/hw/design_1_wrapper.xsa
TRACE::2026-07-26.18:36:52::SCWPlatform::DSA directory /home/ran/Documents/uni/s10/asip_lab/vitis_ws/milestone2/hw
TRACE::2026-07-26.18:36:52::SCWPlatform:: Platform Path /home/ran/Documents/uni/s10/asip_lab/vitis_ws/milestone2/hw/design_1_wrapper.xsa
TRACE::2026-07-26.18:36:52::SCWPlatform:: Unique name xilinx:::0.0
TRACE::2026-07-26.18:36:52::SCWPlatform::Trying to set the existing hwdb with name design_1_wrapper_17
TRACE::2026-07-26.18:36:52::SCWPlatform::Opened existing hwdb design_1_wrapper_17
TRACE::2026-07-26.18:36:52::SCWPlatform::Found the Hw Db part of the input DSA
TRACE::2026-07-26.18:36:52::SCWMssOS::Checking the sw design at  /home/ran/Documents/uni/s10/asip_lab/vitis_ws/milestone2/ps7_cortexa9_0/standalone_domain/bsp/system.mss
TRACE::2026-07-26.18:36:52::SCWMssOS::DEBUG:  swdes dump  /home/ran/Documents/uni/s10/asip_lab/vitis_ws/milestone2/ps7_cortexa9_0/standalone_domain/bsp/system.mss|system_0||
/home/ran/Documents/uni/s10/asip_lab/vitis_ws/milestone2/zynq_fsbl/zynq_fsbl_bsp/system.mss|system||

TRACE::2026-07-26.18:36:52::SCWMssOS::Sw design exists and opened at  /home/ran/Documents/uni/s10/asip_lab/vitis_ws/milestone2/ps7_cortexa9_0/standalone_domain/bsp/system.mss
TRACE::2026-07-26.18:36:52::SCWPlatform::Trying to open the hw design at /home/ran/Documents/uni/s10/asip_lab/vitis_ws/milestone2/hw/design_1_wrapper.xsa
TRACE::2026-07-26.18:36:52::SCWPlatform::DSA given /home/ran/Documents/uni/s10/asip_lab/vitis_ws/milestone2/hw/design_1_wrapper.xsa
TRACE::2026-07-26.18:36:52::SCWPlatform::DSA absoulate path /home/ran/Documents/uni/s10/asip_lab/vitis_ws/milestone2/hw/design_1_wrapper.xsa
TRACE::2026-07-26.18:36:52::SCWPlatform::DSA directory /home/ran/Documents/uni/s10/asip_lab/vitis_ws/milestone2/hw
TRACE::2026-07-26.18:36:52::SCWPlatform:: Platform Path /home/ran/Documents/uni/s10/asip_lab/vitis_ws/milestone2/hw/design_1_wrapper.xsa
TRACE::2026-07-26.18:36:52::SCWPlatform:: Unique name xilinx:::0.0
TRACE::2026-07-26.18:36:52::SCWPlatform::Trying to set the existing hwdb with name design_1_wrapper_17
TRACE::2026-07-26.18:36:52::SCWPlatform::Opened existing hwdb design_1_wrapper_17
TRACE::2026-07-26.18:36:52::SCWPlatform::Found the Hw Db part of the input DSA
TRACE::2026-07-26.18:36:52::SCWMssOS::Checking the sw design at  /home/ran/Documents/uni/s10/asip_lab/vitis_ws/milestone2/ps7_cortexa9_0/standalone_domain/bsp/system.mss
TRACE::2026-07-26.18:36:52::SCWMssOS::DEBUG:  swdes dump  /home/ran/Documents/uni/s10/asip_lab/vitis_ws/milestone2/ps7_cortexa9_0/standalone_domain/bsp/system.mss|system_0||
/home/ran/Documents/uni/s10/asip_lab/vitis_ws/milestone2/zynq_fsbl/zynq_fsbl_bsp/system.mss|system||

TRACE::2026-07-26.18:36:52::SCWMssOS::Sw design exists and opened at  /home/ran/Documents/uni/s10/asip_lab/vitis_ws/milestone2/ps7_cortexa9_0/standalone_domain/bsp/system.mss
TRACE::2026-07-26.18:36:52::SCWPlatform::Trying to open the hw design at /home/ran/Documents/uni/s10/asip_lab/vitis_ws/milestone2/hw/design_1_wrapper.xsa
TRACE::2026-07-26.18:36:52::SCWPlatform::DSA given /home/ran/Documents/uni/s10/asip_lab/vitis_ws/milestone2/hw/design_1_wrapper.xsa
TRACE::2026-07-26.18:36:52::SCWPlatform::DSA absoulate path /home/ran/Documents/uni/s10/asip_lab/vitis_ws/milestone2/hw/design_1_wrapper.xsa
TRACE::2026-07-26.18:36:52::SCWPlatform::DSA directory /home/ran/Documents/uni/s10/asip_lab/vitis_ws/milestone2/hw
TRACE::2026-07-26.18:36:52::SCWPlatform:: Platform Path /home/ran/Documents/uni/s10/asip_lab/vitis_ws/milestone2/hw/design_1_wrapper.xsa
TRACE::2026-07-26.18:36:52::SCWPlatform:: Unique name xilinx:::0.0
TRACE::2026-07-26.18:36:52::SCWPlatform::Trying to set the existing hwdb with name design_1_wrapper_17
TRACE::2026-07-26.18:36:52::SCWPlatform::Opened existing hwdb design_1_wrapper_17
TRACE::2026-07-26.18:36:52::SCWPlatform::Found the Hw Db part of the input DSA
TRACE::2026-07-26.18:36:52::SCWMssOS::Checking the sw design at  /home/ran/Documents/uni/s10/asip_lab/vitis_ws/milestone2/ps7_cortexa9_0/standalone_domain/bsp/system.mss
TRACE::2026-07-26.18:36:52::SCWMssOS::DEBUG:  swdes dump  /home/ran/Documents/uni/s10/asip_lab/vitis_ws/milestone2/ps7_cortexa9_0/standalone_domain/bsp/system.mss|system_0||
/home/ran/Documents/uni/s10/asip_lab/vitis_ws/milestone2/zynq_fsbl/zynq_fsbl_bsp/system.mss|system||

TRACE::2026-07-26.18:36:52::SCWMssOS::Sw design exists and opened at  /home/ran/Documents/uni/s10/asip_lab/vitis_ws/milestone2/ps7_cortexa9_0/standalone_domain/bsp/system.mss
TRACE::2026-07-26.18:36:52::SCWMssOS::Saving the mss changes /home/ran/Documents/uni/s10/asip_lab/vitis_ws/milestone2/ps7_cortexa9_0/standalone_domain/bsp/system.mss
TRACE::2026-07-26.18:36:52::SCWMssOS::Found a swdesign opened with the mssfile.
TRACE::2026-07-26.18:36:52::SCWMssOS::Completed writemss as part of save.
TRACE::2026-07-26.18:36:52::SCWMssOS::Commit changes completed.
TRACE::2026-07-26.18:36:52::SCWPlatform::Trying to open the hw design at /home/ran/Documents/uni/s10/asip_lab/vitis_ws/milestone2/hw/design_1_wrapper.xsa
TRACE::2026-07-26.18:36:52::SCWPlatform::DSA given /home/ran/Documents/uni/s10/asip_lab/vitis_ws/milestone2/hw/design_1_wrapper.xsa
TRACE::2026-07-26.18:36:52::SCWPlatform::DSA absoulate path /home/ran/Documents/uni/s10/asip_lab/vitis_ws/milestone2/hw/design_1_wrapper.xsa
TRACE::2026-07-26.18:36:52::SCWPlatform::DSA directory /home/ran/Documents/uni/s10/asip_lab/vitis_ws/milestone2/hw
TRACE::2026-07-26.18:36:52::SCWPlatform:: Platform Path /home/ran/Documents/uni/s10/asip_lab/vitis_ws/milestone2/hw/design_1_wrapper.xsa
TRACE::2026-07-26.18:36:52::SCWPlatform:: Unique name xilinx:::0.0
TRACE::2026-07-26.18:36:52::SCWPlatform::Trying to set the existing hwdb with name design_1_wrapper_17
TRACE::2026-07-26.18:36:52::SCWPlatform::Opened existing hwdb design_1_wrapper_17
TRACE::2026-07-26.18:36:52::SCWPlatform::Found the Hw Db part of the input DSA
TRACE::2026-07-26.18:36:52::SCWMssOS::Checking the sw design at  /home/ran/Documents/uni/s10/asip_lab/vitis_ws/milestone2/ps7_cortexa9_0/standalone_domain/bsp/system.mss
TRACE::2026-07-26.18:36:52::SCWMssOS::DEBUG:  swdes dump  /home/ran/Documents/uni/s10/asip_lab/vitis_ws/milestone2/ps7_cortexa9_0/standalone_domain/bsp/system.mss|system_0||
/home/ran/Documents/uni/s10/asip_lab/vitis_ws/milestone2/zynq_fsbl/zynq_fsbl_bsp/system.mss|system||

TRACE::2026-07-26.18:36:52::SCWMssOS::Sw design exists and opened at  /home/ran/Documents/uni/s10/asip_lab/vitis_ws/milestone2/ps7_cortexa9_0/standalone_domain/bsp/system.mss
TRACE::2026-07-26.18:36:52::SCWMssOS::Removing the swdes entry for  /home/ran/Documents/uni/s10/asip_lab/vitis_ws/milestone2/ps7_cortexa9_0/standalone_domain/bsp/system.mss
TRACE::2026-07-26.18:39:00::SCWPlatform::Trying to open the hw design at /home/ran/Documents/uni/s10/asip_lab/vitis_ws/milestone2/hw/design_1_wrapper.xsa
TRACE::2026-07-26.18:39:00::SCWPlatform::DSA given /home/ran/Documents/uni/s10/asip_lab/vitis_ws/milestone2/hw/design_1_wrapper.xsa
TRACE::2026-07-26.18:39:00::SCWPlatform::DSA absoulate path /home/ran/Documents/uni/s10/asip_lab/vitis_ws/milestone2/hw/design_1_wrapper.xsa
TRACE::2026-07-26.18:39:00::SCWPlatform::DSA directory /home/ran/Documents/uni/s10/asip_lab/vitis_ws/milestone2/hw
TRACE::2026-07-26.18:39:00::SCWPlatform:: Platform Path /home/ran/Documents/uni/s10/asip_lab/vitis_ws/milestone2/hw/design_1_wrapper.xsa
TRACE::2026-07-26.18:39:00::SCWPlatform:: Unique name xilinx:::0.0
TRACE::2026-07-26.18:39:00::SCWPlatform::Trying to set the existing hwdb with name design_1_wrapper_17
TRACE::2026-07-26.18:39:00::SCWPlatform::Opened existing hwdb design_1_wrapper_17
TRACE::2026-07-26.18:39:00::SCWPlatform::Found the Hw Db part of the input DSA
TRACE::2026-07-26.18:39:00::SCWMssOS::Checking the sw design at  /home/ran/Documents/uni/s10/asip_lab/vitis_ws/milestone2/zynq_fsbl/zynq_fsbl_bsp/system.mss
TRACE::2026-07-26.18:39:00::SCWMssOS::DEBUG:  swdes dump  /home/ran/Documents/uni/s10/asip_lab/vitis_ws/milestone2/zynq_fsbl/zynq_fsbl_bsp/system.mss|system||

TRACE::2026-07-26.18:39:00::SCWMssOS::Sw design exists and opened at  /home/ran/Documents/uni/s10/asip_lab/vitis_ws/milestone2/zynq_fsbl/zynq_fsbl_bsp/system.mss
TRACE::2026-07-26.18:39:00::SCWMssOS::In reload Mss file.
TRACE::2026-07-26.18:39:00::SCWPlatform::Trying to open the hw design at /home/ran/Documents/uni/s10/asip_lab/vitis_ws/milestone2/hw/design_1_wrapper.xsa
TRACE::2026-07-26.18:39:00::SCWPlatform::DSA given /home/ran/Documents/uni/s10/asip_lab/vitis_ws/milestone2/hw/design_1_wrapper.xsa
TRACE::2026-07-26.18:39:00::SCWPlatform::DSA absoulate path /home/ran/Documents/uni/s10/asip_lab/vitis_ws/milestone2/hw/design_1_wrapper.xsa
TRACE::2026-07-26.18:39:00::SCWPlatform::DSA directory /home/ran/Documents/uni/s10/asip_lab/vitis_ws/milestone2/hw
TRACE::2026-07-26.18:39:00::SCWPlatform:: Platform Path /home/ran/Documents/uni/s10/asip_lab/vitis_ws/milestone2/hw/design_1_wrapper.xsa
TRACE::2026-07-26.18:39:00::SCWPlatform:: Unique name xilinx:::0.0
TRACE::2026-07-26.18:39:00::SCWPlatform::Trying to set the existing hwdb with name design_1_wrapper_17
TRACE::2026-07-26.18:39:00::SCWPlatform::Opened existing hwdb design_1_wrapper_17
TRACE::2026-07-26.18:39:00::SCWPlatform::Found the Hw Db part of the input DSA
TRACE::2026-07-26.18:39:00::SCWMssOS::Checking the sw design at  /home/ran/Documents/uni/s10/asip_lab/vitis_ws/milestone2/zynq_fsbl/zynq_fsbl_bsp/system.mss
TRACE::2026-07-26.18:39:00::SCWMssOS::DEBUG:  swdes dump  
TRACE::2026-07-26.18:39:00::SCWMssOS::No sw design opened at  /home/ran/Documents/uni/s10/asip_lab/vitis_ws/milestone2/zynq_fsbl/zynq_fsbl_bsp/system.mss
TRACE::2026-07-26.18:39:00::SCWMssOS::mss exists loading the mss file  /home/ran/Documents/uni/s10/asip_lab/vitis_ws/milestone2/zynq_fsbl/zynq_fsbl_bsp/system.mss
TRACE::2026-07-26.18:39:00::SCWMssOS::Opened the sw design from mss  /home/ran/Documents/uni/s10/asip_lab/vitis_ws/milestone2/zynq_fsbl/zynq_fsbl_bsp/system.mss
TRACE::2026-07-26.18:39:00::SCWMssOS::Adding the swdes entry /home/ran/Documents/uni/s10/asip_lab/vitis_ws/milestone2/zynq_fsbl/zynq_fsbl_bsp/system.mss with des name system
TRACE::2026-07-26.18:39:00::SCWMssOS::updating the scw layer about changes
TRACE::2026-07-26.18:39:00::SCWMssOS::Opened the sw design.  /home/ran/Documents/uni/s10/asip_lab/vitis_ws/milestone2/zynq_fsbl/zynq_fsbl_bsp/system.mss
TRACE::2026-07-26.18:39:00::SCWPlatform::Trying to open the hw design at /home/ran/Documents/uni/s10/asip_lab/vitis_ws/milestone2/hw/design_1_wrapper.xsa
TRACE::2026-07-26.18:39:00::SCWPlatform::DSA given /home/ran/Documents/uni/s10/asip_lab/vitis_ws/milestone2/hw/design_1_wrapper.xsa
TRACE::2026-07-26.18:39:00::SCWPlatform::DSA absoulate path /home/ran/Documents/uni/s10/asip_lab/vitis_ws/milestone2/hw/design_1_wrapper.xsa
TRACE::2026-07-26.18:39:00::SCWPlatform::DSA directory /home/ran/Documents/uni/s10/asip_lab/vitis_ws/milestone2/hw
TRACE::2026-07-26.18:39:00::SCWPlatform:: Platform Path /home/ran/Documents/uni/s10/asip_lab/vitis_ws/milestone2/hw/design_1_wrapper.xsa
TRACE::2026-07-26.18:39:00::SCWPlatform:: Unique name xilinx:::0.0
TRACE::2026-07-26.18:39:00::SCWPlatform::Trying to set the existing hwdb with name design_1_wrapper_17
TRACE::2026-07-26.18:39:00::SCWPlatform::Opened existing hwdb design_1_wrapper_17
TRACE::2026-07-26.18:39:00::SCWPlatform::Found the Hw Db part of the input DSA
TRACE::2026-07-26.18:39:00::SCWMssOS::Checking the sw design at  /home/ran/Documents/uni/s10/asip_lab/vitis_ws/milestone2/zynq_fsbl/zynq_fsbl_bsp/system.mss
TRACE::2026-07-26.18:39:00::SCWMssOS::DEBUG:  swdes dump  /home/ran/Documents/uni/s10/asip_lab/vitis_ws/milestone2/zynq_fsbl/zynq_fsbl_bsp/system.mss|system||

TRACE::2026-07-26.18:39:00::SCWMssOS::Sw design exists and opened at  /home/ran/Documents/uni/s10/asip_lab/vitis_ws/milestone2/zynq_fsbl/zynq_fsbl_bsp/system.mss
TRACE::2026-07-26.18:39:00::SCWMssOS:: library already available in sw design:  xilffs:4.8
TRACE::2026-07-26.18:39:00::SCWPlatform::Trying to open the hw design at /home/ran/Documents/uni/s10/asip_lab/vitis_ws/milestone2/hw/design_1_wrapper.xsa
TRACE::2026-07-26.18:39:00::SCWPlatform::DSA given /home/ran/Documents/uni/s10/asip_lab/vitis_ws/milestone2/hw/design_1_wrapper.xsa
TRACE::2026-07-26.18:39:00::SCWPlatform::DSA absoulate path /home/ran/Documents/uni/s10/asip_lab/vitis_ws/milestone2/hw/design_1_wrapper.xsa
TRACE::2026-07-26.18:39:00::SCWPlatform::DSA directory /home/ran/Documents/uni/s10/asip_lab/vitis_ws/milestone2/hw
TRACE::2026-07-26.18:39:00::SCWPlatform:: Platform Path /home/ran/Documents/uni/s10/asip_lab/vitis_ws/milestone2/hw/design_1_wrapper.xsa
TRACE::2026-07-26.18:39:00::SCWPlatform:: Unique name xilinx:::0.0
TRACE::2026-07-26.18:39:00::SCWPlatform::Trying to set the existing hwdb with name design_1_wrapper_17
TRACE::2026-07-26.18:39:00::SCWPlatform::Opened existing hwdb design_1_wrapper_17
TRACE::2026-07-26.18:39:00::SCWPlatform::Found the Hw Db part of the input DSA
TRACE::2026-07-26.18:39:00::SCWMssOS::Checking the sw design at  /home/ran/Documents/uni/s10/asip_lab/vitis_ws/milestone2/zynq_fsbl/zynq_fsbl_bsp/system.mss
TRACE::2026-07-26.18:39:00::SCWMssOS::DEBUG:  swdes dump  /home/ran/Documents/uni/s10/asip_lab/vitis_ws/milestone2/zynq_fsbl/zynq_fsbl_bsp/system.mss|system||

TRACE::2026-07-26.18:39:00::SCWMssOS::Sw design exists and opened at  /home/ran/Documents/uni/s10/asip_lab/vitis_ws/milestone2/zynq_fsbl/zynq_fsbl_bsp/system.mss
TRACE::2026-07-26.18:39:00::SCWMssOS:: library already available in sw design:  xilrsa:1.6
TRACE::2026-07-26.18:39:00::SCWPlatform::Trying to open the hw design at /home/ran/Documents/uni/s10/asip_lab/vitis_ws/milestone2/hw/design_1_wrapper.xsa
TRACE::2026-07-26.18:39:00::SCWPlatform::DSA given /home/ran/Documents/uni/s10/asip_lab/vitis_ws/milestone2/hw/design_1_wrapper.xsa
TRACE::2026-07-26.18:39:00::SCWPlatform::DSA absoulate path /home/ran/Documents/uni/s10/asip_lab/vitis_ws/milestone2/hw/design_1_wrapper.xsa
TRACE::2026-07-26.18:39:00::SCWPlatform::DSA directory /home/ran/Documents/uni/s10/asip_lab/vitis_ws/milestone2/hw
TRACE::2026-07-26.18:39:00::SCWPlatform:: Platform Path /home/ran/Documents/uni/s10/asip_lab/vitis_ws/milestone2/hw/design_1_wrapper.xsa
TRACE::2026-07-26.18:39:00::SCWPlatform:: Unique name xilinx:::0.0
TRACE::2026-07-26.18:39:00::SCWPlatform::Trying to set the existing hwdb with name design_1_wrapper_17
TRACE::2026-07-26.18:39:00::SCWPlatform::Opened existing hwdb design_1_wrapper_17
TRACE::2026-07-26.18:39:00::SCWPlatform::Found the Hw Db part of the input DSA
TRACE::2026-07-26.18:39:00::SCWMssOS::Checking the sw design at  /home/ran/Documents/uni/s10/asip_lab/vitis_ws/milestone2/zynq_fsbl/zynq_fsbl_bsp/system.mss
TRACE::2026-07-26.18:39:00::SCWMssOS::DEBUG:  swdes dump  /home/ran/Documents/uni/s10/asip_lab/vitis_ws/milestone2/zynq_fsbl/zynq_fsbl_bsp/system.mss|system||

TRACE::2026-07-26.18:39:00::SCWMssOS::Sw design exists and opened at  /home/ran/Documents/uni/s10/asip_lab/vitis_ws/milestone2/zynq_fsbl/zynq_fsbl_bsp/system.mss
TRACE::2026-07-26.18:39:00::SCWPlatform::Trying to open the hw design at /home/ran/Documents/uni/s10/asip_lab/vitis_ws/milestone2/hw/design_1_wrapper.xsa
TRACE::2026-07-26.18:39:00::SCWPlatform::DSA given /home/ran/Documents/uni/s10/asip_lab/vitis_ws/milestone2/hw/design_1_wrapper.xsa
TRACE::2026-07-26.18:39:00::SCWPlatform::DSA absoulate path /home/ran/Documents/uni/s10/asip_lab/vitis_ws/milestone2/hw/design_1_wrapper.xsa
TRACE::2026-07-26.18:39:00::SCWPlatform::DSA directory /home/ran/Documents/uni/s10/asip_lab/vitis_ws/milestone2/hw
TRACE::2026-07-26.18:39:00::SCWPlatform:: Platform Path /home/ran/Documents/uni/s10/asip_lab/vitis_ws/milestone2/hw/design_1_wrapper.xsa
TRACE::2026-07-26.18:39:00::SCWPlatform:: Unique name xilinx:::0.0
TRACE::2026-07-26.18:39:00::SCWPlatform::Trying to set the existing hwdb with name design_1_wrapper_17
TRACE::2026-07-26.18:39:00::SCWPlatform::Opened existing hwdb design_1_wrapper_17
TRACE::2026-07-26.18:39:00::SCWPlatform::Found the Hw Db part of the input DSA
TRACE::2026-07-26.18:39:00::SCWMssOS::Checking the sw design at  /home/ran/Documents/uni/s10/asip_lab/vitis_ws/milestone2/zynq_fsbl/zynq_fsbl_bsp/system.mss
TRACE::2026-07-26.18:39:00::SCWMssOS::DEBUG:  swdes dump  /home/ran/Documents/uni/s10/asip_lab/vitis_ws/milestone2/zynq_fsbl/zynq_fsbl_bsp/system.mss|system||

TRACE::2026-07-26.18:39:00::SCWMssOS::Sw design exists and opened at  /home/ran/Documents/uni/s10/asip_lab/vitis_ws/milestone2/zynq_fsbl/zynq_fsbl_bsp/system.mss
TRACE::2026-07-26.18:39:00::SCWPlatform::Trying to open the hw design at /home/ran/Documents/uni/s10/asip_lab/vitis_ws/milestone2/hw/design_1_wrapper.xsa
TRACE::2026-07-26.18:39:00::SCWPlatform::DSA given /home/ran/Documents/uni/s10/asip_lab/vitis_ws/milestone2/hw/design_1_wrapper.xsa
TRACE::2026-07-26.18:39:00::SCWPlatform::DSA absoulate path /home/ran/Documents/uni/s10/asip_lab/vitis_ws/milestone2/hw/design_1_wrapper.xsa
TRACE::2026-07-26.18:39:00::SCWPlatform::DSA directory /home/ran/Documents/uni/s10/asip_lab/vitis_ws/milestone2/hw
TRACE::2026-07-26.18:39:00::SCWPlatform:: Platform Path /home/ran/Documents/uni/s10/asip_lab/vitis_ws/milestone2/hw/design_1_wrapper.xsa
TRACE::2026-07-26.18:39:00::SCWPlatform:: Unique name xilinx:::0.0
TRACE::2026-07-26.18:39:00::SCWPlatform::Trying to set the existing hwdb with name design_1_wrapper_17
TRACE::2026-07-26.18:39:00::SCWPlatform::Opened existing hwdb design_1_wrapper_17
TRACE::2026-07-26.18:39:00::SCWPlatform::Found the Hw Db part of the input DSA
TRACE::2026-07-26.18:39:00::SCWMssOS::Checking the sw design at  /home/ran/Documents/uni/s10/asip_lab/vitis_ws/milestone2/zynq_fsbl/zynq_fsbl_bsp/system.mss
TRACE::2026-07-26.18:39:00::SCWMssOS::DEBUG:  swdes dump  /home/ran/Documents/uni/s10/asip_lab/vitis_ws/milestone2/zynq_fsbl/zynq_fsbl_bsp/system.mss|system||

TRACE::2026-07-26.18:39:00::SCWMssOS::Sw design exists and opened at  /home/ran/Documents/uni/s10/asip_lab/vitis_ws/milestone2/zynq_fsbl/zynq_fsbl_bsp/system.mss
TRACE::2026-07-26.18:39:00::SCWPlatform::Trying to open the hw design at /home/ran/Documents/uni/s10/asip_lab/vitis_ws/milestone2/hw/design_1_wrapper.xsa
TRACE::2026-07-26.18:39:00::SCWPlatform::DSA given /home/ran/Documents/uni/s10/asip_lab/vitis_ws/milestone2/hw/design_1_wrapper.xsa
TRACE::2026-07-26.18:39:00::SCWPlatform::DSA absoulate path /home/ran/Documents/uni/s10/asip_lab/vitis_ws/milestone2/hw/design_1_wrapper.xsa
TRACE::2026-07-26.18:39:00::SCWPlatform::DSA directory /home/ran/Documents/uni/s10/asip_lab/vitis_ws/milestone2/hw
TRACE::2026-07-26.18:39:00::SCWPlatform:: Platform Path /home/ran/Documents/uni/s10/asip_lab/vitis_ws/milestone2/hw/design_1_wrapper.xsa
TRACE::2026-07-26.18:39:00::SCWPlatform:: Unique name xilinx:::0.0
TRACE::2026-07-26.18:39:00::SCWPlatform::Trying to set the existing hwdb with name design_1_wrapper_17
TRACE::2026-07-26.18:39:00::SCWPlatform::Opened existing hwdb design_1_wrapper_17
TRACE::2026-07-26.18:39:00::SCWPlatform::Found the Hw Db part of the input DSA
TRACE::2026-07-26.18:39:00::SCWMssOS::Checking the sw design at  /home/ran/Documents/uni/s10/asip_lab/vitis_ws/milestone2/zynq_fsbl/zynq_fsbl_bsp/system.mss
TRACE::2026-07-26.18:39:00::SCWMssOS::DEBUG:  swdes dump  /home/ran/Documents/uni/s10/asip_lab/vitis_ws/milestone2/zynq_fsbl/zynq_fsbl_bsp/system.mss|system||

TRACE::2026-07-26.18:39:00::SCWMssOS::Sw design exists and opened at  /home/ran/Documents/uni/s10/asip_lab/vitis_ws/milestone2/zynq_fsbl/zynq_fsbl_bsp/system.mss
TRACE::2026-07-26.18:39:00::SCWMssOS::Saving the mss changes /home/ran/Documents/uni/s10/asip_lab/vitis_ws/milestone2/zynq_fsbl/zynq_fsbl_bsp/system.mss
TRACE::2026-07-26.18:39:00::SCWMssOS::Found a swdesign opened with the mssfile.
TRACE::2026-07-26.18:39:00::SCWMssOS::Completed writemss as part of save.
TRACE::2026-07-26.18:39:00::SCWMssOS::Commit changes completed.
TRACE::2026-07-26.18:39:00::SCWPlatform::Trying to open the hw design at /home/ran/Documents/uni/s10/asip_lab/vitis_ws/milestone2/hw/design_1_wrapper.xsa
TRACE::2026-07-26.18:39:00::SCWPlatform::DSA given /home/ran/Documents/uni/s10/asip_lab/vitis_ws/milestone2/hw/design_1_wrapper.xsa
TRACE::2026-07-26.18:39:00::SCWPlatform::DSA absoulate path /home/ran/Documents/uni/s10/asip_lab/vitis_ws/milestone2/hw/design_1_wrapper.xsa
TRACE::2026-07-26.18:39:00::SCWPlatform::DSA directory /home/ran/Documents/uni/s10/asip_lab/vitis_ws/milestone2/hw
TRACE::2026-07-26.18:39:00::SCWPlatform:: Platform Path /home/ran/Documents/uni/s10/asip_lab/vitis_ws/milestone2/hw/design_1_wrapper.xsa
TRACE::2026-07-26.18:39:00::SCWPlatform:: Unique name xilinx:::0.0
TRACE::2026-07-26.18:39:00::SCWPlatform::Trying to set the existing hwdb with name design_1_wrapper_17
TRACE::2026-07-26.18:39:00::SCWPlatform::Opened existing hwdb design_1_wrapper_17
TRACE::2026-07-26.18:39:00::SCWPlatform::Found the Hw Db part of the input DSA
TRACE::2026-07-26.18:39:00::SCWMssOS::Checking the sw design at  /home/ran/Documents/uni/s10/asip_lab/vitis_ws/milestone2/zynq_fsbl/zynq_fsbl_bsp/system.mss
TRACE::2026-07-26.18:39:00::SCWMssOS::DEBUG:  swdes dump  /home/ran/Documents/uni/s10/asip_lab/vitis_ws/milestone2/zynq_fsbl/zynq_fsbl_bsp/system.mss|system||

TRACE::2026-07-26.18:39:00::SCWMssOS::Sw design exists and opened at  /home/ran/Documents/uni/s10/asip_lab/vitis_ws/milestone2/zynq_fsbl/zynq_fsbl_bsp/system.mss
TRACE::2026-07-26.18:39:00::SCWMssOS::Removing the swdes entry for  /home/ran/Documents/uni/s10/asip_lab/vitis_ws/milestone2/zynq_fsbl/zynq_fsbl_bsp/system.mss
TRACE::2026-07-26.18:39:25::SCWPlatform::Trying to open the hw design at /home/ran/Documents/uni/s10/asip_lab/vitis_ws/milestone2/hw/design_1_wrapper.xsa
TRACE::2026-07-26.18:39:25::SCWPlatform::DSA given /home/ran/Documents/uni/s10/asip_lab/vitis_ws/milestone2/hw/design_1_wrapper.xsa
TRACE::2026-07-26.18:39:25::SCWPlatform::DSA absoulate path /home/ran/Documents/uni/s10/asip_lab/vitis_ws/milestone2/hw/design_1_wrapper.xsa
TRACE::2026-07-26.18:39:25::SCWPlatform::DSA directory /home/ran/Documents/uni/s10/asip_lab/vitis_ws/milestone2/hw
TRACE::2026-07-26.18:39:25::SCWPlatform:: Platform Path /home/ran/Documents/uni/s10/asip_lab/vitis_ws/milestone2/hw/design_1_wrapper.xsa
TRACE::2026-07-26.18:39:25::SCWPlatform:: Unique name xilinx:::0.0
TRACE::2026-07-26.18:39:25::SCWPlatform::Trying to set the existing hwdb with name design_1_wrapper_17
TRACE::2026-07-26.18:39:25::SCWPlatform::Opened existing hwdb design_1_wrapper_17
TRACE::2026-07-26.18:39:25::SCWPlatform::Found the Hw Db part of the input DSA
TRACE::2026-07-26.18:39:25::SCWMssOS::Checking the sw design at  /home/ran/Documents/uni/s10/asip_lab/vitis_ws/milestone2/ps7_cortexa9_0/standalone_domain/bsp/system.mss
TRACE::2026-07-26.18:39:25::SCWMssOS::DEBUG:  swdes dump  
TRACE::2026-07-26.18:39:25::SCWMssOS::No sw design opened at  /home/ran/Documents/uni/s10/asip_lab/vitis_ws/milestone2/ps7_cortexa9_0/standalone_domain/bsp/system.mss
TRACE::2026-07-26.18:39:25::SCWMssOS::mss exists loading the mss file  /home/ran/Documents/uni/s10/asip_lab/vitis_ws/milestone2/ps7_cortexa9_0/standalone_domain/bsp/system.mss
TRACE::2026-07-26.18:39:25::SCWMssOS::Opened the sw design from mss  /home/ran/Documents/uni/s10/asip_lab/vitis_ws/milestone2/ps7_cortexa9_0/standalone_domain/bsp/system.mss
TRACE::2026-07-26.18:39:25::SCWMssOS::Adding the swdes entry /home/ran/Documents/uni/s10/asip_lab/vitis_ws/milestone2/ps7_cortexa9_0/standalone_domain/bsp/system.mss with des name system
TRACE::2026-07-26.18:39:25::SCWMssOS::updating the scw layer about changes
TRACE::2026-07-26.18:39:25::SCWMssOS::Opened the sw design.  /home/ran/Documents/uni/s10/asip_lab/vitis_ws/milestone2/ps7_cortexa9_0/standalone_domain/bsp/system.mss
TRACE::2026-07-26.18:40:16::SCWPlatform::Trying to open the hw design at /home/ran/Documents/uni/s10/asip_lab/vitis_ws/milestone2/hw/design_1_wrapper.xsa
TRACE::2026-07-26.18:40:16::SCWPlatform::DSA given /home/ran/Documents/uni/s10/asip_lab/vitis_ws/milestone2/hw/design_1_wrapper.xsa
TRACE::2026-07-26.18:40:16::SCWPlatform::DSA absoulate path /home/ran/Documents/uni/s10/asip_lab/vitis_ws/milestone2/hw/design_1_wrapper.xsa
TRACE::2026-07-26.18:40:16::SCWPlatform::DSA directory /home/ran/Documents/uni/s10/asip_lab/vitis_ws/milestone2/hw
TRACE::2026-07-26.18:40:16::SCWPlatform:: Platform Path /home/ran/Documents/uni/s10/asip_lab/vitis_ws/milestone2/hw/design_1_wrapper.xsa
TRACE::2026-07-26.18:40:16::SCWPlatform:: Unique name xilinx:::0.0
TRACE::2026-07-26.18:40:16::SCWPlatform::Trying to set the existing hwdb with name design_1_wrapper_17
TRACE::2026-07-26.18:40:16::SCWPlatform::Opened existing hwdb design_1_wrapper_17
TRACE::2026-07-26.18:40:16::SCWPlatform::Found the Hw Db part of the input DSA
TRACE::2026-07-26.18:40:16::SCWMssOS::Checking the sw design at  /home/ran/Documents/uni/s10/asip_lab/vitis_ws/milestone2/ps7_cortexa9_0/standalone_domain/bsp/system.mss
TRACE::2026-07-26.18:40:16::SCWMssOS::DEBUG:  swdes dump  /home/ran/Documents/uni/s10/asip_lab/vitis_ws/milestone2/ps7_cortexa9_0/standalone_domain/bsp/system.mss|system||

TRACE::2026-07-26.18:40:16::SCWMssOS::Sw design exists and opened at  /home/ran/Documents/uni/s10/asip_lab/vitis_ws/milestone2/ps7_cortexa9_0/standalone_domain/bsp/system.mss
TRACE::2026-07-26.18:40:16::SCWPlatform::Trying to open the hw design at /home/ran/Documents/uni/s10/asip_lab/vitis_ws/milestone2/hw/design_1_wrapper.xsa
TRACE::2026-07-26.18:40:16::SCWPlatform::DSA given /home/ran/Documents/uni/s10/asip_lab/vitis_ws/milestone2/hw/design_1_wrapper.xsa
TRACE::2026-07-26.18:40:16::SCWPlatform::DSA absoulate path /home/ran/Documents/uni/s10/asip_lab/vitis_ws/milestone2/hw/design_1_wrapper.xsa
TRACE::2026-07-26.18:40:16::SCWPlatform::DSA directory /home/ran/Documents/uni/s10/asip_lab/vitis_ws/milestone2/hw
TRACE::2026-07-26.18:40:16::SCWPlatform:: Platform Path /home/ran/Documents/uni/s10/asip_lab/vitis_ws/milestone2/hw/design_1_wrapper.xsa
TRACE::2026-07-26.18:40:16::SCWPlatform:: Unique name xilinx:::0.0
TRACE::2026-07-26.18:40:16::SCWPlatform::Trying to set the existing hwdb with name design_1_wrapper_17
TRACE::2026-07-26.18:40:16::SCWPlatform::Opened existing hwdb design_1_wrapper_17
TRACE::2026-07-26.18:40:16::SCWPlatform::Found the Hw Db part of the input DSA
TRACE::2026-07-26.18:40:16::SCWMssOS::Checking the sw design at  /home/ran/Documents/uni/s10/asip_lab/vitis_ws/milestone2/ps7_cortexa9_0/standalone_domain/bsp/system.mss
TRACE::2026-07-26.18:40:16::SCWMssOS::DEBUG:  swdes dump  /home/ran/Documents/uni/s10/asip_lab/vitis_ws/milestone2/ps7_cortexa9_0/standalone_domain/bsp/system.mss|system||

TRACE::2026-07-26.18:40:16::SCWMssOS::Sw design exists and opened at  /home/ran/Documents/uni/s10/asip_lab/vitis_ws/milestone2/ps7_cortexa9_0/standalone_domain/bsp/system.mss
TRACE::2026-07-26.18:40:16::SCWPlatform::Trying to open the hw design at /home/ran/Documents/uni/s10/asip_lab/vitis_ws/milestone2/hw/design_1_wrapper.xsa
TRACE::2026-07-26.18:40:16::SCWPlatform::DSA given /home/ran/Documents/uni/s10/asip_lab/vitis_ws/milestone2/hw/design_1_wrapper.xsa
TRACE::2026-07-26.18:40:16::SCWPlatform::DSA absoulate path /home/ran/Documents/uni/s10/asip_lab/vitis_ws/milestone2/hw/design_1_wrapper.xsa
TRACE::2026-07-26.18:40:16::SCWPlatform::DSA directory /home/ran/Documents/uni/s10/asip_lab/vitis_ws/milestone2/hw
TRACE::2026-07-26.18:40:16::SCWPlatform:: Platform Path /home/ran/Documents/uni/s10/asip_lab/vitis_ws/milestone2/hw/design_1_wrapper.xsa
TRACE::2026-07-26.18:40:16::SCWPlatform:: Unique name xilinx:::0.0
TRACE::2026-07-26.18:40:16::SCWPlatform::Trying to set the existing hwdb with name design_1_wrapper_17
TRACE::2026-07-26.18:40:16::SCWPlatform::Opened existing hwdb design_1_wrapper_17
TRACE::2026-07-26.18:40:16::SCWPlatform::Found the Hw Db part of the input DSA
TRACE::2026-07-26.18:40:16::SCWMssOS::Checking the sw design at  /home/ran/Documents/uni/s10/asip_lab/vitis_ws/milestone2/ps7_cortexa9_0/standalone_domain/bsp/system.mss
TRACE::2026-07-26.18:40:16::SCWMssOS::DEBUG:  swdes dump  /home/ran/Documents/uni/s10/asip_lab/vitis_ws/milestone2/ps7_cortexa9_0/standalone_domain/bsp/system.mss|system||

TRACE::2026-07-26.18:40:16::SCWMssOS::Sw design exists and opened at  /home/ran/Documents/uni/s10/asip_lab/vitis_ws/milestone2/ps7_cortexa9_0/standalone_domain/bsp/system.mss
TRACE::2026-07-26.18:40:16::SCWPlatform::Trying to open the hw design at /home/ran/Documents/uni/s10/asip_lab/vitis_ws/milestone2/hw/design_1_wrapper.xsa
TRACE::2026-07-26.18:40:16::SCWPlatform::DSA given /home/ran/Documents/uni/s10/asip_lab/vitis_ws/milestone2/hw/design_1_wrapper.xsa
TRACE::2026-07-26.18:40:16::SCWPlatform::DSA absoulate path /home/ran/Documents/uni/s10/asip_lab/vitis_ws/milestone2/hw/design_1_wrapper.xsa
TRACE::2026-07-26.18:40:16::SCWPlatform::DSA directory /home/ran/Documents/uni/s10/asip_lab/vitis_ws/milestone2/hw
TRACE::2026-07-26.18:40:16::SCWPlatform:: Platform Path /home/ran/Documents/uni/s10/asip_lab/vitis_ws/milestone2/hw/design_1_wrapper.xsa
TRACE::2026-07-26.18:40:16::SCWPlatform:: Unique name xilinx:::0.0
TRACE::2026-07-26.18:40:16::SCWPlatform::Trying to set the existing hwdb with name design_1_wrapper_17
TRACE::2026-07-26.18:40:16::SCWPlatform::Opened existing hwdb design_1_wrapper_17
TRACE::2026-07-26.18:40:16::SCWPlatform::Found the Hw Db part of the input DSA
TRACE::2026-07-26.18:40:16::SCWMssOS::Checking the sw design at  /home/ran/Documents/uni/s10/asip_lab/vitis_ws/milestone2/ps7_cortexa9_0/standalone_domain/bsp/system.mss
TRACE::2026-07-26.18:40:16::SCWMssOS::DEBUG:  swdes dump  /home/ran/Documents/uni/s10/asip_lab/vitis_ws/milestone2/ps7_cortexa9_0/standalone_domain/bsp/system.mss|system||

TRACE::2026-07-26.18:40:16::SCWMssOS::Sw design exists and opened at  /home/ran/Documents/uni/s10/asip_lab/vitis_ws/milestone2/ps7_cortexa9_0/standalone_domain/bsp/system.mss
TRACE::2026-07-26.18:40:16::SCWPlatform::Trying to open the hw design at /home/ran/Documents/uni/s10/asip_lab/vitis_ws/milestone2/hw/design_1_wrapper.xsa
TRACE::2026-07-26.18:40:16::SCWPlatform::DSA given /home/ran/Documents/uni/s10/asip_lab/vitis_ws/milestone2/hw/design_1_wrapper.xsa
TRACE::2026-07-26.18:40:16::SCWPlatform::DSA absoulate path /home/ran/Documents/uni/s10/asip_lab/vitis_ws/milestone2/hw/design_1_wrapper.xsa
TRACE::2026-07-26.18:40:16::SCWPlatform::DSA directory /home/ran/Documents/uni/s10/asip_lab/vitis_ws/milestone2/hw
TRACE::2026-07-26.18:40:16::SCWPlatform:: Platform Path /home/ran/Documents/uni/s10/asip_lab/vitis_ws/milestone2/hw/design_1_wrapper.xsa
TRACE::2026-07-26.18:40:16::SCWPlatform:: Unique name xilinx:::0.0
TRACE::2026-07-26.18:40:16::SCWPlatform::Trying to set the existing hwdb with name design_1_wrapper_17
TRACE::2026-07-26.18:40:16::SCWPlatform::Opened existing hwdb design_1_wrapper_17
TRACE::2026-07-26.18:40:16::SCWPlatform::Found the Hw Db part of the input DSA
TRACE::2026-07-26.18:40:16::SCWMssOS::Checking the sw design at  /home/ran/Documents/uni/s10/asip_lab/vitis_ws/milestone2/ps7_cortexa9_0/standalone_domain/bsp/system.mss
TRACE::2026-07-26.18:40:16::SCWMssOS::DEBUG:  swdes dump  /home/ran/Documents/uni/s10/asip_lab/vitis_ws/milestone2/ps7_cortexa9_0/standalone_domain/bsp/system.mss|system||

TRACE::2026-07-26.18:40:16::SCWMssOS::Sw design exists and opened at  /home/ran/Documents/uni/s10/asip_lab/vitis_ws/milestone2/ps7_cortexa9_0/standalone_domain/bsp/system.mss
TRACE::2026-07-26.18:40:19::SCWPlatform::Trying to open the hw design at /home/ran/Documents/uni/s10/asip_lab/vitis_ws/milestone2/hw/design_1_wrapper.xsa
TRACE::2026-07-26.18:40:19::SCWPlatform::DSA given /home/ran/Documents/uni/s10/asip_lab/vitis_ws/milestone2/hw/design_1_wrapper.xsa
TRACE::2026-07-26.18:40:19::SCWPlatform::DSA absoulate path /home/ran/Documents/uni/s10/asip_lab/vitis_ws/milestone2/hw/design_1_wrapper.xsa
TRACE::2026-07-26.18:40:19::SCWPlatform::DSA directory /home/ran/Documents/uni/s10/asip_lab/vitis_ws/milestone2/hw
TRACE::2026-07-26.18:40:19::SCWPlatform:: Platform Path /home/ran/Documents/uni/s10/asip_lab/vitis_ws/milestone2/hw/design_1_wrapper.xsa
TRACE::2026-07-26.18:40:19::SCWPlatform:: Unique name xilinx:::0.0
TRACE::2026-07-26.18:40:19::SCWPlatform::Trying to set the existing hwdb with name design_1_wrapper_17
TRACE::2026-07-26.18:40:19::SCWPlatform::Opened existing hwdb design_1_wrapper_17
TRACE::2026-07-26.18:40:19::SCWPlatform::Found the Hw Db part of the input DSA
TRACE::2026-07-26.18:40:19::SCWMssOS::Checking the sw design at  /home/ran/Documents/uni/s10/asip_lab/vitis_ws/milestone2/ps7_cortexa9_0/standalone_domain/bsp/system.mss
TRACE::2026-07-26.18:40:19::SCWMssOS::DEBUG:  swdes dump  /home/ran/Documents/uni/s10/asip_lab/vitis_ws/milestone2/ps7_cortexa9_0/standalone_domain/bsp/system.mss|system||

TRACE::2026-07-26.18:40:19::SCWMssOS::Sw design exists and opened at  /home/ran/Documents/uni/s10/asip_lab/vitis_ws/milestone2/ps7_cortexa9_0/standalone_domain/bsp/system.mss
TRACE::2026-07-26.18:40:19::SCWPlatform::Trying to open the hw design at /home/ran/Documents/uni/s10/asip_lab/vitis_ws/milestone2/hw/design_1_wrapper.xsa
TRACE::2026-07-26.18:40:19::SCWPlatform::DSA given /home/ran/Documents/uni/s10/asip_lab/vitis_ws/milestone2/hw/design_1_wrapper.xsa
TRACE::2026-07-26.18:40:19::SCWPlatform::DSA absoulate path /home/ran/Documents/uni/s10/asip_lab/vitis_ws/milestone2/hw/design_1_wrapper.xsa
TRACE::2026-07-26.18:40:19::SCWPlatform::DSA directory /home/ran/Documents/uni/s10/asip_lab/vitis_ws/milestone2/hw
TRACE::2026-07-26.18:40:19::SCWPlatform:: Platform Path /home/ran/Documents/uni/s10/asip_lab/vitis_ws/milestone2/hw/design_1_wrapper.xsa
TRACE::2026-07-26.18:40:19::SCWPlatform:: Unique name xilinx:::0.0
TRACE::2026-07-26.18:40:19::SCWPlatform::Trying to set the existing hwdb with name design_1_wrapper_17
TRACE::2026-07-26.18:40:19::SCWPlatform::Opened existing hwdb design_1_wrapper_17
TRACE::2026-07-26.18:40:19::SCWPlatform::Found the Hw Db part of the input DSA
TRACE::2026-07-26.18:40:19::SCWMssOS::Checking the sw design at  /home/ran/Documents/uni/s10/asip_lab/vitis_ws/milestone2/ps7_cortexa9_0/standalone_domain/bsp/system.mss
TRACE::2026-07-26.18:40:19::SCWMssOS::DEBUG:  swdes dump  /home/ran/Documents/uni/s10/asip_lab/vitis_ws/milestone2/ps7_cortexa9_0/standalone_domain/bsp/system.mss|system||

TRACE::2026-07-26.18:40:19::SCWMssOS::Sw design exists and opened at  /home/ran/Documents/uni/s10/asip_lab/vitis_ws/milestone2/ps7_cortexa9_0/standalone_domain/bsp/system.mss
TRACE::2026-07-26.18:40:19::SCWPlatform::Trying to open the hw design at /home/ran/Documents/uni/s10/asip_lab/vitis_ws/milestone2/hw/design_1_wrapper.xsa
TRACE::2026-07-26.18:40:19::SCWPlatform::DSA given /home/ran/Documents/uni/s10/asip_lab/vitis_ws/milestone2/hw/design_1_wrapper.xsa
TRACE::2026-07-26.18:40:19::SCWPlatform::DSA absoulate path /home/ran/Documents/uni/s10/asip_lab/vitis_ws/milestone2/hw/design_1_wrapper.xsa
TRACE::2026-07-26.18:40:19::SCWPlatform::DSA directory /home/ran/Documents/uni/s10/asip_lab/vitis_ws/milestone2/hw
TRACE::2026-07-26.18:40:19::SCWPlatform:: Platform Path /home/ran/Documents/uni/s10/asip_lab/vitis_ws/milestone2/hw/design_1_wrapper.xsa
TRACE::2026-07-26.18:40:19::SCWPlatform:: Unique name xilinx:::0.0
TRACE::2026-07-26.18:40:19::SCWPlatform::Trying to set the existing hwdb with name design_1_wrapper_17
TRACE::2026-07-26.18:40:19::SCWPlatform::Opened existing hwdb design_1_wrapper_17
TRACE::2026-07-26.18:40:19::SCWPlatform::Found the Hw Db part of the input DSA
TRACE::2026-07-26.18:40:19::SCWMssOS::Checking the sw design at  /home/ran/Documents/uni/s10/asip_lab/vitis_ws/milestone2/ps7_cortexa9_0/standalone_domain/bsp/system.mss
TRACE::2026-07-26.18:40:19::SCWMssOS::DEBUG:  swdes dump  /home/ran/Documents/uni/s10/asip_lab/vitis_ws/milestone2/ps7_cortexa9_0/standalone_domain/bsp/system.mss|system||

TRACE::2026-07-26.18:40:19::SCWMssOS::Sw design exists and opened at  /home/ran/Documents/uni/s10/asip_lab/vitis_ws/milestone2/ps7_cortexa9_0/standalone_domain/bsp/system.mss
TRACE::2026-07-26.18:40:19::SCWPlatform::Trying to open the hw design at /home/ran/Documents/uni/s10/asip_lab/vitis_ws/milestone2/hw/design_1_wrapper.xsa
TRACE::2026-07-26.18:40:19::SCWPlatform::DSA given /home/ran/Documents/uni/s10/asip_lab/vitis_ws/milestone2/hw/design_1_wrapper.xsa
TRACE::2026-07-26.18:40:19::SCWPlatform::DSA absoulate path /home/ran/Documents/uni/s10/asip_lab/vitis_ws/milestone2/hw/design_1_wrapper.xsa
TRACE::2026-07-26.18:40:19::SCWPlatform::DSA directory /home/ran/Documents/uni/s10/asip_lab/vitis_ws/milestone2/hw
TRACE::2026-07-26.18:40:19::SCWPlatform:: Platform Path /home/ran/Documents/uni/s10/asip_lab/vitis_ws/milestone2/hw/design_1_wrapper.xsa
TRACE::2026-07-26.18:40:19::SCWPlatform:: Unique name xilinx:::0.0
TRACE::2026-07-26.18:40:19::SCWPlatform::Trying to set the existing hwdb with name design_1_wrapper_17
TRACE::2026-07-26.18:40:19::SCWPlatform::Opened existing hwdb design_1_wrapper_17
TRACE::2026-07-26.18:40:19::SCWPlatform::Found the Hw Db part of the input DSA
TRACE::2026-07-26.18:40:19::SCWMssOS::Checking the sw design at  /home/ran/Documents/uni/s10/asip_lab/vitis_ws/milestone2/ps7_cortexa9_0/standalone_domain/bsp/system.mss
TRACE::2026-07-26.18:40:19::SCWMssOS::DEBUG:  swdes dump  /home/ran/Documents/uni/s10/asip_lab/vitis_ws/milestone2/ps7_cortexa9_0/standalone_domain/bsp/system.mss|system||

TRACE::2026-07-26.18:40:19::SCWMssOS::Sw design exists and opened at  /home/ran/Documents/uni/s10/asip_lab/vitis_ws/milestone2/ps7_cortexa9_0/standalone_domain/bsp/system.mss
TRACE::2026-07-26.18:40:19::SCWPlatform::Trying to open the hw design at /home/ran/Documents/uni/s10/asip_lab/vitis_ws/milestone2/hw/design_1_wrapper.xsa
TRACE::2026-07-26.18:40:19::SCWPlatform::DSA given /home/ran/Documents/uni/s10/asip_lab/vitis_ws/milestone2/hw/design_1_wrapper.xsa
TRACE::2026-07-26.18:40:19::SCWPlatform::DSA absoulate path /home/ran/Documents/uni/s10/asip_lab/vitis_ws/milestone2/hw/design_1_wrapper.xsa
TRACE::2026-07-26.18:40:19::SCWPlatform::DSA directory /home/ran/Documents/uni/s10/asip_lab/vitis_ws/milestone2/hw
TRACE::2026-07-26.18:40:19::SCWPlatform:: Platform Path /home/ran/Documents/uni/s10/asip_lab/vitis_ws/milestone2/hw/design_1_wrapper.xsa
TRACE::2026-07-26.18:40:19::SCWPlatform:: Unique name xilinx:::0.0
TRACE::2026-07-26.18:40:19::SCWPlatform::Trying to set the existing hwdb with name design_1_wrapper_17
TRACE::2026-07-26.18:40:19::SCWPlatform::Opened existing hwdb design_1_wrapper_17
TRACE::2026-07-26.18:40:19::SCWPlatform::Found the Hw Db part of the input DSA
TRACE::2026-07-26.18:40:19::SCWMssOS::Checking the sw design at  /home/ran/Documents/uni/s10/asip_lab/vitis_ws/milestone2/ps7_cortexa9_0/standalone_domain/bsp/system.mss
TRACE::2026-07-26.18:40:19::SCWMssOS::DEBUG:  swdes dump  /home/ran/Documents/uni/s10/asip_lab/vitis_ws/milestone2/ps7_cortexa9_0/standalone_domain/bsp/system.mss|system||

TRACE::2026-07-26.18:40:19::SCWMssOS::Sw design exists and opened at  /home/ran/Documents/uni/s10/asip_lab/vitis_ws/milestone2/ps7_cortexa9_0/standalone_domain/bsp/system.mss
TRACE::2026-07-26.18:40:22::SCWPlatform::Trying to open the hw design at /home/ran/Documents/uni/s10/asip_lab/vitis_ws/milestone2/hw/design_1_wrapper.xsa
TRACE::2026-07-26.18:40:22::SCWPlatform::DSA given /home/ran/Documents/uni/s10/asip_lab/vitis_ws/milestone2/hw/design_1_wrapper.xsa
TRACE::2026-07-26.18:40:22::SCWPlatform::DSA absoulate path /home/ran/Documents/uni/s10/asip_lab/vitis_ws/milestone2/hw/design_1_wrapper.xsa
TRACE::2026-07-26.18:40:22::SCWPlatform::DSA directory /home/ran/Documents/uni/s10/asip_lab/vitis_ws/milestone2/hw
TRACE::2026-07-26.18:40:22::SCWPlatform:: Platform Path /home/ran/Documents/uni/s10/asip_lab/vitis_ws/milestone2/hw/design_1_wrapper.xsa
TRACE::2026-07-26.18:40:22::SCWPlatform:: Unique name xilinx:::0.0
TRACE::2026-07-26.18:40:22::SCWPlatform::Trying to set the existing hwdb with name design_1_wrapper_17
TRACE::2026-07-26.18:40:22::SCWPlatform::Opened existing hwdb design_1_wrapper_17
TRACE::2026-07-26.18:40:22::SCWPlatform::Found the Hw Db part of the input DSA
TRACE::2026-07-26.18:40:22::SCWMssOS::Checking the sw design at  /home/ran/Documents/uni/s10/asip_lab/vitis_ws/milestone2/ps7_cortexa9_0/standalone_domain/bsp/system.mss
TRACE::2026-07-26.18:40:22::SCWMssOS::DEBUG:  swdes dump  /home/ran/Documents/uni/s10/asip_lab/vitis_ws/milestone2/ps7_cortexa9_0/standalone_domain/bsp/system.mss|system||

TRACE::2026-07-26.18:40:22::SCWMssOS::Sw design exists and opened at  /home/ran/Documents/uni/s10/asip_lab/vitis_ws/milestone2/ps7_cortexa9_0/standalone_domain/bsp/system.mss
TRACE::2026-07-26.18:40:22::SCWPlatform::Trying to open the hw design at /home/ran/Documents/uni/s10/asip_lab/vitis_ws/milestone2/hw/design_1_wrapper.xsa
TRACE::2026-07-26.18:40:22::SCWPlatform::DSA given /home/ran/Documents/uni/s10/asip_lab/vitis_ws/milestone2/hw/design_1_wrapper.xsa
TRACE::2026-07-26.18:40:22::SCWPlatform::DSA absoulate path /home/ran/Documents/uni/s10/asip_lab/vitis_ws/milestone2/hw/design_1_wrapper.xsa
TRACE::2026-07-26.18:40:22::SCWPlatform::DSA directory /home/ran/Documents/uni/s10/asip_lab/vitis_ws/milestone2/hw
TRACE::2026-07-26.18:40:22::SCWPlatform:: Platform Path /home/ran/Documents/uni/s10/asip_lab/vitis_ws/milestone2/hw/design_1_wrapper.xsa
TRACE::2026-07-26.18:40:22::SCWPlatform:: Unique name xilinx:::0.0
TRACE::2026-07-26.18:40:22::SCWPlatform::Trying to set the existing hwdb with name design_1_wrapper_17
TRACE::2026-07-26.18:40:22::SCWPlatform::Opened existing hwdb design_1_wrapper_17
TRACE::2026-07-26.18:40:22::SCWPlatform::Found the Hw Db part of the input DSA
TRACE::2026-07-26.18:40:22::SCWMssOS::Checking the sw design at  /home/ran/Documents/uni/s10/asip_lab/vitis_ws/milestone2/ps7_cortexa9_0/standalone_domain/bsp/system.mss
TRACE::2026-07-26.18:40:22::SCWMssOS::DEBUG:  swdes dump  /home/ran/Documents/uni/s10/asip_lab/vitis_ws/milestone2/ps7_cortexa9_0/standalone_domain/bsp/system.mss|system||

TRACE::2026-07-26.18:40:22::SCWMssOS::Sw design exists and opened at  /home/ran/Documents/uni/s10/asip_lab/vitis_ws/milestone2/ps7_cortexa9_0/standalone_domain/bsp/system.mss
TRACE::2026-07-26.18:40:22::SCWPlatform::Trying to open the hw design at /home/ran/Documents/uni/s10/asip_lab/vitis_ws/milestone2/hw/design_1_wrapper.xsa
TRACE::2026-07-26.18:40:22::SCWPlatform::DSA given /home/ran/Documents/uni/s10/asip_lab/vitis_ws/milestone2/hw/design_1_wrapper.xsa
TRACE::2026-07-26.18:40:22::SCWPlatform::DSA absoulate path /home/ran/Documents/uni/s10/asip_lab/vitis_ws/milestone2/hw/design_1_wrapper.xsa
TRACE::2026-07-26.18:40:22::SCWPlatform::DSA directory /home/ran/Documents/uni/s10/asip_lab/vitis_ws/milestone2/hw
TRACE::2026-07-26.18:40:22::SCWPlatform:: Platform Path /home/ran/Documents/uni/s10/asip_lab/vitis_ws/milestone2/hw/design_1_wrapper.xsa
TRACE::2026-07-26.18:40:22::SCWPlatform:: Unique name xilinx:::0.0
TRACE::2026-07-26.18:40:22::SCWPlatform::Trying to set the existing hwdb with name design_1_wrapper_17
TRACE::2026-07-26.18:40:22::SCWPlatform::Opened existing hwdb design_1_wrapper_17
TRACE::2026-07-26.18:40:22::SCWPlatform::Found the Hw Db part of the input DSA
TRACE::2026-07-26.18:40:22::SCWMssOS::Checking the sw design at  /home/ran/Documents/uni/s10/asip_lab/vitis_ws/milestone2/ps7_cortexa9_0/standalone_domain/bsp/system.mss
TRACE::2026-07-26.18:40:22::SCWMssOS::DEBUG:  swdes dump  /home/ran/Documents/uni/s10/asip_lab/vitis_ws/milestone2/ps7_cortexa9_0/standalone_domain/bsp/system.mss|system||

TRACE::2026-07-26.18:40:22::SCWMssOS::Sw design exists and opened at  /home/ran/Documents/uni/s10/asip_lab/vitis_ws/milestone2/ps7_cortexa9_0/standalone_domain/bsp/system.mss
TRACE::2026-07-26.18:40:22::SCWPlatform::Trying to open the hw design at /home/ran/Documents/uni/s10/asip_lab/vitis_ws/milestone2/hw/design_1_wrapper.xsa
TRACE::2026-07-26.18:40:22::SCWPlatform::DSA given /home/ran/Documents/uni/s10/asip_lab/vitis_ws/milestone2/hw/design_1_wrapper.xsa
TRACE::2026-07-26.18:40:22::SCWPlatform::DSA absoulate path /home/ran/Documents/uni/s10/asip_lab/vitis_ws/milestone2/hw/design_1_wrapper.xsa
TRACE::2026-07-26.18:40:22::SCWPlatform::DSA directory /home/ran/Documents/uni/s10/asip_lab/vitis_ws/milestone2/hw
TRACE::2026-07-26.18:40:22::SCWPlatform:: Platform Path /home/ran/Documents/uni/s10/asip_lab/vitis_ws/milestone2/hw/design_1_wrapper.xsa
TRACE::2026-07-26.18:40:22::SCWPlatform:: Unique name xilinx:::0.0
TRACE::2026-07-26.18:40:22::SCWPlatform::Trying to set the existing hwdb with name design_1_wrapper_17
TRACE::2026-07-26.18:40:22::SCWPlatform::Opened existing hwdb design_1_wrapper_17
TRACE::2026-07-26.18:40:22::SCWPlatform::Found the Hw Db part of the input DSA
TRACE::2026-07-26.18:40:22::SCWMssOS::Checking the sw design at  /home/ran/Documents/uni/s10/asip_lab/vitis_ws/milestone2/ps7_cortexa9_0/standalone_domain/bsp/system.mss
TRACE::2026-07-26.18:40:22::SCWMssOS::DEBUG:  swdes dump  /home/ran/Documents/uni/s10/asip_lab/vitis_ws/milestone2/ps7_cortexa9_0/standalone_domain/bsp/system.mss|system||

TRACE::2026-07-26.18:40:22::SCWMssOS::Sw design exists and opened at  /home/ran/Documents/uni/s10/asip_lab/vitis_ws/milestone2/ps7_cortexa9_0/standalone_domain/bsp/system.mss
TRACE::2026-07-26.18:40:22::SCWPlatform::Trying to open the hw design at /home/ran/Documents/uni/s10/asip_lab/vitis_ws/milestone2/hw/design_1_wrapper.xsa
TRACE::2026-07-26.18:40:22::SCWPlatform::DSA given /home/ran/Documents/uni/s10/asip_lab/vitis_ws/milestone2/hw/design_1_wrapper.xsa
TRACE::2026-07-26.18:40:22::SCWPlatform::DSA absoulate path /home/ran/Documents/uni/s10/asip_lab/vitis_ws/milestone2/hw/design_1_wrapper.xsa
TRACE::2026-07-26.18:40:22::SCWPlatform::DSA directory /home/ran/Documents/uni/s10/asip_lab/vitis_ws/milestone2/hw
TRACE::2026-07-26.18:40:22::SCWPlatform:: Platform Path /home/ran/Documents/uni/s10/asip_lab/vitis_ws/milestone2/hw/design_1_wrapper.xsa
TRACE::2026-07-26.18:40:22::SCWPlatform:: Unique name xilinx:::0.0
TRACE::2026-07-26.18:40:22::SCWPlatform::Trying to set the existing hwdb with name design_1_wrapper_17
TRACE::2026-07-26.18:40:22::SCWPlatform::Opened existing hwdb design_1_wrapper_17
TRACE::2026-07-26.18:40:22::SCWPlatform::Found the Hw Db part of the input DSA
TRACE::2026-07-26.18:40:22::SCWMssOS::Checking the sw design at  /home/ran/Documents/uni/s10/asip_lab/vitis_ws/milestone2/ps7_cortexa9_0/standalone_domain/bsp/system.mss
TRACE::2026-07-26.18:40:22::SCWMssOS::DEBUG:  swdes dump  /home/ran/Documents/uni/s10/asip_lab/vitis_ws/milestone2/ps7_cortexa9_0/standalone_domain/bsp/system.mss|system||

TRACE::2026-07-26.18:40:22::SCWMssOS::Sw design exists and opened at  /home/ran/Documents/uni/s10/asip_lab/vitis_ws/milestone2/ps7_cortexa9_0/standalone_domain/bsp/system.mss
TRACE::2026-07-26.18:40:22::SCWMssOS::Saving the mss changes /home/ran/Documents/uni/s10/asip_lab/vitis_ws/milestone2/zynq_fsbl/zynq_fsbl_bsp/system.mss
TRACE::2026-07-26.18:40:22::SCWMssOS::Adding the swdes entry, mss present, able to open swdb /home/ran/Documents/uni/s10/asip_lab/vitis_ws/milestone2/zynq_fsbl/zynq_fsbl_bsp/system.mss with des name system_0
TRACE::2026-07-26.18:40:22::SCWMssOS::Writing the mss file completed /home/ran/Documents/uni/s10/asip_lab/vitis_ws/milestone2/zynq_fsbl/zynq_fsbl_bsp/system.mss
TRACE::2026-07-26.18:40:22::SCWMssOS::Commit changes completed.
TRACE::2026-07-26.18:40:22::SCWMssOS::Saving the mss changes /home/ran/Documents/uni/s10/asip_lab/vitis_ws/milestone2/ps7_cortexa9_0/standalone_domain/bsp/system.mss
TRACE::2026-07-26.18:40:22::SCWMssOS::Found a swdesign opened with the mssfile.
TRACE::2026-07-26.18:40:22::SCWMssOS::Completed writemss as part of save.
TRACE::2026-07-26.18:40:22::SCWMssOS::Commit changes completed.
TRACE::2026-07-26.18:40:22::SCWPlatform::Trying to open the hw design at /home/ran/Documents/uni/s10/asip_lab/vitis_ws/milestone2/hw/design_1_wrapper.xsa
TRACE::2026-07-26.18:40:22::SCWPlatform::DSA given /home/ran/Documents/uni/s10/asip_lab/vitis_ws/milestone2/hw/design_1_wrapper.xsa
TRACE::2026-07-26.18:40:22::SCWPlatform::DSA absoulate path /home/ran/Documents/uni/s10/asip_lab/vitis_ws/milestone2/hw/design_1_wrapper.xsa
TRACE::2026-07-26.18:40:22::SCWPlatform::DSA directory /home/ran/Documents/uni/s10/asip_lab/vitis_ws/milestone2/hw
TRACE::2026-07-26.18:40:22::SCWPlatform:: Platform Path /home/ran/Documents/uni/s10/asip_lab/vitis_ws/milestone2/hw/design_1_wrapper.xsa
TRACE::2026-07-26.18:40:22::SCWPlatform:: Unique name xilinx:::0.0
TRACE::2026-07-26.18:40:22::SCWPlatform::Trying to set the existing hwdb with name design_1_wrapper_17
TRACE::2026-07-26.18:40:22::SCWPlatform::Opened existing hwdb design_1_wrapper_17
TRACE::2026-07-26.18:40:22::SCWPlatform::Found the Hw Db part of the input DSA
TRACE::2026-07-26.18:40:22::SCWMssOS::Checking the sw design at  /home/ran/Documents/uni/s10/asip_lab/vitis_ws/milestone2/zynq_fsbl/zynq_fsbl_bsp/system.mss
TRACE::2026-07-26.18:40:22::SCWMssOS::DEBUG:  swdes dump  /home/ran/Documents/uni/s10/asip_lab/vitis_ws/milestone2/ps7_cortexa9_0/standalone_domain/bsp/system.mss|system||
/home/ran/Documents/uni/s10/asip_lab/vitis_ws/milestone2/zynq_fsbl/zynq_fsbl_bsp/system.mss|system_0||

TRACE::2026-07-26.18:40:22::SCWMssOS::Sw design exists and opened at  /home/ran/Documents/uni/s10/asip_lab/vitis_ws/milestone2/zynq_fsbl/zynq_fsbl_bsp/system.mss
TRACE::2026-07-26.18:40:22::SCWPlatform::Trying to open the hw design at /home/ran/Documents/uni/s10/asip_lab/vitis_ws/milestone2/hw/design_1_wrapper.xsa
TRACE::2026-07-26.18:40:22::SCWPlatform::DSA given /home/ran/Documents/uni/s10/asip_lab/vitis_ws/milestone2/hw/design_1_wrapper.xsa
TRACE::2026-07-26.18:40:22::SCWPlatform::DSA absoulate path /home/ran/Documents/uni/s10/asip_lab/vitis_ws/milestone2/hw/design_1_wrapper.xsa
TRACE::2026-07-26.18:40:22::SCWPlatform::DSA directory /home/ran/Documents/uni/s10/asip_lab/vitis_ws/milestone2/hw
TRACE::2026-07-26.18:40:22::SCWPlatform:: Platform Path /home/ran/Documents/uni/s10/asip_lab/vitis_ws/milestone2/hw/design_1_wrapper.xsa
TRACE::2026-07-26.18:40:22::SCWPlatform:: Unique name xilinx:::0.0
TRACE::2026-07-26.18:40:22::SCWPlatform::Trying to set the existing hwdb with name design_1_wrapper_17
TRACE::2026-07-26.18:40:22::SCWPlatform::Opened existing hwdb design_1_wrapper_17
TRACE::2026-07-26.18:40:22::SCWPlatform::Found the Hw Db part of the input DSA
TRACE::2026-07-26.18:40:22::SCWMssOS::Checking the sw design at  /home/ran/Documents/uni/s10/asip_lab/vitis_ws/milestone2/ps7_cortexa9_0/standalone_domain/bsp/system.mss
TRACE::2026-07-26.18:40:22::SCWMssOS::DEBUG:  swdes dump  /home/ran/Documents/uni/s10/asip_lab/vitis_ws/milestone2/ps7_cortexa9_0/standalone_domain/bsp/system.mss|system||
/home/ran/Documents/uni/s10/asip_lab/vitis_ws/milestone2/zynq_fsbl/zynq_fsbl_bsp/system.mss|system_0||

TRACE::2026-07-26.18:40:22::SCWMssOS::Sw design exists and opened at  /home/ran/Documents/uni/s10/asip_lab/vitis_ws/milestone2/ps7_cortexa9_0/standalone_domain/bsp/system.mss
TRACE::2026-07-26.18:40:22::SCWWriter::formatted JSON is {
	"platformName":	"milestone2",
	"sprVersion":	"2.0",
	"mode":	"gui",
	"dsaType":	"Fixed",
	"platformDesc":	"milestone2",
	"platHandOff":	"/home/ran/Documents/uni/s10/asip_lab/final_project/design_1_wrapper.xsa",
	"platIntHandOff":	"<platformDir>/hw/design_1_wrapper.xsa",
	"deviceType":	"zynq",
	"platIsPrebuiltAutogen":	"false",
	"platIsNoBootBsp":	"false",
	"hasFsblMakeHasChanges":	"false",
	"hasPmufwMakeHasChanges":	"false",
	"fsblExtraCompilerFlags":	"-MMD -MP       -mcpu=cortex-a9 -mfpu=vfpv3 -mfloat-abi=hard ",
	"platPreBuiltFlag":	false,
	"platformSamplesDir":	"",
	"platActiveSys":	"milestone2",
	"systems":	[{
			"systemName":	"milestone2",
			"systemDesc":	"milestone2",
			"sysIsBootAutoGen":	"true",
			"systemDispName":	"milestone2",
			"sysActiveDom":	"standalone_domain",
			"sysDefaultDom":	"standalone_domain",
			"domains":	[{
					"domainName":	"zynq_fsbl",
					"domainDispName":	"zynq_fsbl",
					"domainDesc":	"FSBL Application BSP - Auto Generated.",
					"processors":	"ps7_cortexa9_0",
					"os":	"standalone",
					"sdxOs":	"standalone",
					"debugEnable":	"",
					"domRuntimes":	["cpp"],
					"swRepo":	"",
					"mssOsVer":	"8.0",
					"mssFile":	"",
					"md5Digest":	"5190a0a8ca228895166de3d006f5d4d11",
					"compatibleApp":	"zynq_fsbl",
					"domType":	"bootDomain",
					"arch":	"32-bit",
					"appSettings":	{
						"appCompilerFlags":	"",
						"appLinkerFlags":	""
					},
					"addedLibs":	["xilffs:4.8", "xilrsa:1.6"],
					"libOptions":	{
						"standalone":	{
							"stdin":	"ps7_coresight_comp_0",
							"stdout":	"ps7_coresight_comp_0",
							"libOptionNames":	["stdin", "stdout"]
						},
						"libsContainingOptions":	["standalone"]
					},
					"prebuiltLibs":	{
						"prebuiltIncPath":	[],
						"prebuiltLibPath":	[]
					},
					"isolation":	{
					}
				}, {
					"domainName":	"standalone_domain",
					"domainDispName":	"standalone on ps7_cortexa9_0",
					"domainDesc":	"standalone_domain",
					"processors":	"ps7_cortexa9_0",
					"os":	"standalone",
					"sdxOs":	"standalone",
					"qemuArgs":	"<platformDir>/resources/milestone2/standalone_domain/qemu_args.txt",
					"qemuData":	"<platformDir>/resources/milestone2/standalone_domain/qemu",
					"debugEnable":	"False",
					"domRuntimes":	["cpp"],
					"swRepo":	"",
					"mssOsVer":	"8.0",
					"mssFile":	"",
					"md5Digest":	"25886e0fbe9d4ff5df7468588603f3f0",
					"compatibleApp":	"",
					"domType":	"mssDomain",
					"appSettings":	{
						"appCompilerFlags":	"",
						"appLinkerFlags":	""
					},
					"addedLibs":	[],
					"libOptions":	{
						"standalone":	{
							"stdin":	"ps7_coresight_comp_0",
							"stdout":	"ps7_uart_0",
							"libOptionNames":	["stdin", "stdout"]
						},
						"libsContainingOptions":	["standalone"]
					},
					"prebuiltLibs":	{
						"prebuiltIncPath":	[],
						"prebuiltLibPath":	[]
					},
					"isolation":	{
					}
				}]
		}]
}
TRACE::2026-07-26.18:40:22::SCWMssOS::Saving the mss changes /home/ran/Documents/uni/s10/asip_lab/vitis_ws/milestone2/ps7_cortexa9_0/standalone_domain/bsp/system.mss
TRACE::2026-07-26.18:40:22::SCWMssOS::Found a swdesign opened with the mssfile.
TRACE::2026-07-26.18:40:22::SCWMssOS::Completed writemss as part of save.
TRACE::2026-07-26.18:40:22::SCWMssOS::Commit changes completed.
TRACE::2026-07-26.18:40:22::SCWPlatform::Trying to open the hw design at /home/ran/Documents/uni/s10/asip_lab/vitis_ws/milestone2/hw/design_1_wrapper.xsa
TRACE::2026-07-26.18:40:22::SCWPlatform::DSA given /home/ran/Documents/uni/s10/asip_lab/vitis_ws/milestone2/hw/design_1_wrapper.xsa
TRACE::2026-07-26.18:40:22::SCWPlatform::DSA absoulate path /home/ran/Documents/uni/s10/asip_lab/vitis_ws/milestone2/hw/design_1_wrapper.xsa
TRACE::2026-07-26.18:40:22::SCWPlatform::DSA directory /home/ran/Documents/uni/s10/asip_lab/vitis_ws/milestone2/hw
TRACE::2026-07-26.18:40:22::SCWPlatform:: Platform Path /home/ran/Documents/uni/s10/asip_lab/vitis_ws/milestone2/hw/design_1_wrapper.xsa
TRACE::2026-07-26.18:40:22::SCWPlatform:: Unique name xilinx:::0.0
TRACE::2026-07-26.18:40:22::SCWPlatform::Trying to set the existing hwdb with name design_1_wrapper_17
TRACE::2026-07-26.18:40:22::SCWPlatform::Opened existing hwdb design_1_wrapper_17
TRACE::2026-07-26.18:40:22::SCWPlatform::Found the Hw Db part of the input DSA
TRACE::2026-07-26.18:40:22::SCWMssOS::Checking the sw design at  /home/ran/Documents/uni/s10/asip_lab/vitis_ws/milestone2/ps7_cortexa9_0/standalone_domain/bsp/system.mss
TRACE::2026-07-26.18:40:22::SCWMssOS::DEBUG:  swdes dump  /home/ran/Documents/uni/s10/asip_lab/vitis_ws/milestone2/ps7_cortexa9_0/standalone_domain/bsp/system.mss|system||
/home/ran/Documents/uni/s10/asip_lab/vitis_ws/milestone2/zynq_fsbl/zynq_fsbl_bsp/system.mss|system_0||

TRACE::2026-07-26.18:40:22::SCWMssOS::Sw design exists and opened at  /home/ran/Documents/uni/s10/asip_lab/vitis_ws/milestone2/ps7_cortexa9_0/standalone_domain/bsp/system.mss
TRACE::2026-07-26.18:40:22::SCWMssOS::Removing the swdes entry for  /home/ran/Documents/uni/s10/asip_lab/vitis_ws/milestone2/ps7_cortexa9_0/standalone_domain/bsp/system.mss
TRACE::2026-07-26.18:40:22::SCWMssOS::In reload Mss file.
TRACE::2026-07-26.18:40:22::SCWPlatform::Trying to open the hw design at /home/ran/Documents/uni/s10/asip_lab/vitis_ws/milestone2/hw/design_1_wrapper.xsa
TRACE::2026-07-26.18:40:22::SCWPlatform::DSA given /home/ran/Documents/uni/s10/asip_lab/vitis_ws/milestone2/hw/design_1_wrapper.xsa
TRACE::2026-07-26.18:40:22::SCWPlatform::DSA absoulate path /home/ran/Documents/uni/s10/asip_lab/vitis_ws/milestone2/hw/design_1_wrapper.xsa
TRACE::2026-07-26.18:40:22::SCWPlatform::DSA directory /home/ran/Documents/uni/s10/asip_lab/vitis_ws/milestone2/hw
TRACE::2026-07-26.18:40:22::SCWPlatform:: Platform Path /home/ran/Documents/uni/s10/asip_lab/vitis_ws/milestone2/hw/design_1_wrapper.xsa
TRACE::2026-07-26.18:40:22::SCWPlatform:: Unique name xilinx:::0.0
TRACE::2026-07-26.18:40:22::SCWPlatform::Trying to set the existing hwdb with name design_1_wrapper_17
TRACE::2026-07-26.18:40:22::SCWPlatform::Opened existing hwdb design_1_wrapper_17
TRACE::2026-07-26.18:40:22::SCWPlatform::Found the Hw Db part of the input DSA
TRACE::2026-07-26.18:40:22::SCWMssOS::Checking the sw design at  /home/ran/Documents/uni/s10/asip_lab/vitis_ws/milestone2/ps7_cortexa9_0/standalone_domain/bsp/system.mss
TRACE::2026-07-26.18:40:22::SCWMssOS::DEBUG:  swdes dump  /home/ran/Documents/uni/s10/asip_lab/vitis_ws/milestone2/zynq_fsbl/zynq_fsbl_bsp/system.mss|system_0||

TRACE::2026-07-26.18:40:22::SCWMssOS::No sw design opened at  /home/ran/Documents/uni/s10/asip_lab/vitis_ws/milestone2/ps7_cortexa9_0/standalone_domain/bsp/system.mss
TRACE::2026-07-26.18:40:22::SCWMssOS::mss exists loading the mss file  /home/ran/Documents/uni/s10/asip_lab/vitis_ws/milestone2/ps7_cortexa9_0/standalone_domain/bsp/system.mss
TRACE::2026-07-26.18:40:22::SCWMssOS::Opened the sw design from mss  /home/ran/Documents/uni/s10/asip_lab/vitis_ws/milestone2/ps7_cortexa9_0/standalone_domain/bsp/system.mss
TRACE::2026-07-26.18:40:22::SCWMssOS::Adding the swdes entry /home/ran/Documents/uni/s10/asip_lab/vitis_ws/milestone2/ps7_cortexa9_0/standalone_domain/bsp/system.mss with des name system
TRACE::2026-07-26.18:40:22::SCWMssOS::updating the scw layer about changes
TRACE::2026-07-26.18:40:22::SCWMssOS::Opened the sw design.  /home/ran/Documents/uni/s10/asip_lab/vitis_ws/milestone2/ps7_cortexa9_0/standalone_domain/bsp/system.mss
TRACE::2026-07-26.18:40:22::SCWPlatform::Trying to open the hw design at /home/ran/Documents/uni/s10/asip_lab/vitis_ws/milestone2/hw/design_1_wrapper.xsa
TRACE::2026-07-26.18:40:22::SCWPlatform::DSA given /home/ran/Documents/uni/s10/asip_lab/vitis_ws/milestone2/hw/design_1_wrapper.xsa
TRACE::2026-07-26.18:40:22::SCWPlatform::DSA absoulate path /home/ran/Documents/uni/s10/asip_lab/vitis_ws/milestone2/hw/design_1_wrapper.xsa
TRACE::2026-07-26.18:40:22::SCWPlatform::DSA directory /home/ran/Documents/uni/s10/asip_lab/vitis_ws/milestone2/hw
TRACE::2026-07-26.18:40:22::SCWPlatform:: Platform Path /home/ran/Documents/uni/s10/asip_lab/vitis_ws/milestone2/hw/design_1_wrapper.xsa
TRACE::2026-07-26.18:40:22::SCWPlatform:: Unique name xilinx:::0.0
TRACE::2026-07-26.18:40:22::SCWPlatform::Trying to set the existing hwdb with name design_1_wrapper_17
TRACE::2026-07-26.18:40:22::SCWPlatform::Opened existing hwdb design_1_wrapper_17
TRACE::2026-07-26.18:40:22::SCWPlatform::Found the Hw Db part of the input DSA
TRACE::2026-07-26.18:40:22::SCWMssOS::Checking the sw design at  /home/ran/Documents/uni/s10/asip_lab/vitis_ws/milestone2/ps7_cortexa9_0/standalone_domain/bsp/system.mss
TRACE::2026-07-26.18:40:22::SCWMssOS::DEBUG:  swdes dump  /home/ran/Documents/uni/s10/asip_lab/vitis_ws/milestone2/ps7_cortexa9_0/standalone_domain/bsp/system.mss|system||
/home/ran/Documents/uni/s10/asip_lab/vitis_ws/milestone2/zynq_fsbl/zynq_fsbl_bsp/system.mss|system_0||

TRACE::2026-07-26.18:40:22::SCWMssOS::Sw design exists and opened at  /home/ran/Documents/uni/s10/asip_lab/vitis_ws/milestone2/ps7_cortexa9_0/standalone_domain/bsp/system.mss
TRACE::2026-07-26.18:40:22::SCWPlatform::Trying to open the hw design at /home/ran/Documents/uni/s10/asip_lab/vitis_ws/milestone2/hw/design_1_wrapper.xsa
TRACE::2026-07-26.18:40:22::SCWPlatform::DSA given /home/ran/Documents/uni/s10/asip_lab/vitis_ws/milestone2/hw/design_1_wrapper.xsa
TRACE::2026-07-26.18:40:22::SCWPlatform::DSA absoulate path /home/ran/Documents/uni/s10/asip_lab/vitis_ws/milestone2/hw/design_1_wrapper.xsa
TRACE::2026-07-26.18:40:22::SCWPlatform::DSA directory /home/ran/Documents/uni/s10/asip_lab/vitis_ws/milestone2/hw
TRACE::2026-07-26.18:40:22::SCWPlatform:: Platform Path /home/ran/Documents/uni/s10/asip_lab/vitis_ws/milestone2/hw/design_1_wrapper.xsa
TRACE::2026-07-26.18:40:22::SCWPlatform:: Unique name xilinx:::0.0
TRACE::2026-07-26.18:40:22::SCWPlatform::Trying to set the existing hwdb with name design_1_wrapper_17
TRACE::2026-07-26.18:40:22::SCWPlatform::Opened existing hwdb design_1_wrapper_17
TRACE::2026-07-26.18:40:22::SCWPlatform::Found the Hw Db part of the input DSA
TRACE::2026-07-26.18:40:22::SCWMssOS::Checking the sw design at  /home/ran/Documents/uni/s10/asip_lab/vitis_ws/milestone2/ps7_cortexa9_0/standalone_domain/bsp/system.mss
TRACE::2026-07-26.18:40:22::SCWMssOS::DEBUG:  swdes dump  /home/ran/Documents/uni/s10/asip_lab/vitis_ws/milestone2/ps7_cortexa9_0/standalone_domain/bsp/system.mss|system||
/home/ran/Documents/uni/s10/asip_lab/vitis_ws/milestone2/zynq_fsbl/zynq_fsbl_bsp/system.mss|system_0||

TRACE::2026-07-26.18:40:22::SCWMssOS::Sw design exists and opened at  /home/ran/Documents/uni/s10/asip_lab/vitis_ws/milestone2/ps7_cortexa9_0/standalone_domain/bsp/system.mss
TRACE::2026-07-26.18:40:22::SCWPlatform::Trying to open the hw design at /home/ran/Documents/uni/s10/asip_lab/vitis_ws/milestone2/hw/design_1_wrapper.xsa
TRACE::2026-07-26.18:40:22::SCWPlatform::DSA given /home/ran/Documents/uni/s10/asip_lab/vitis_ws/milestone2/hw/design_1_wrapper.xsa
TRACE::2026-07-26.18:40:22::SCWPlatform::DSA absoulate path /home/ran/Documents/uni/s10/asip_lab/vitis_ws/milestone2/hw/design_1_wrapper.xsa
TRACE::2026-07-26.18:40:22::SCWPlatform::DSA directory /home/ran/Documents/uni/s10/asip_lab/vitis_ws/milestone2/hw
TRACE::2026-07-26.18:40:22::SCWPlatform:: Platform Path /home/ran/Documents/uni/s10/asip_lab/vitis_ws/milestone2/hw/design_1_wrapper.xsa
TRACE::2026-07-26.18:40:22::SCWPlatform:: Unique name xilinx:::0.0
TRACE::2026-07-26.18:40:22::SCWPlatform::Trying to set the existing hwdb with name design_1_wrapper_17
TRACE::2026-07-26.18:40:22::SCWPlatform::Opened existing hwdb design_1_wrapper_17
TRACE::2026-07-26.18:40:22::SCWPlatform::Found the Hw Db part of the input DSA
TRACE::2026-07-26.18:40:22::SCWMssOS::Checking the sw design at  /home/ran/Documents/uni/s10/asip_lab/vitis_ws/milestone2/ps7_cortexa9_0/standalone_domain/bsp/system.mss
TRACE::2026-07-26.18:40:22::SCWMssOS::DEBUG:  swdes dump  /home/ran/Documents/uni/s10/asip_lab/vitis_ws/milestone2/ps7_cortexa9_0/standalone_domain/bsp/system.mss|system||
/home/ran/Documents/uni/s10/asip_lab/vitis_ws/milestone2/zynq_fsbl/zynq_fsbl_bsp/system.mss|system_0||

TRACE::2026-07-26.18:40:22::SCWMssOS::Sw design exists and opened at  /home/ran/Documents/uni/s10/asip_lab/vitis_ws/milestone2/ps7_cortexa9_0/standalone_domain/bsp/system.mss
TRACE::2026-07-26.18:40:22::SCWPlatform::Trying to open the hw design at /home/ran/Documents/uni/s10/asip_lab/vitis_ws/milestone2/hw/design_1_wrapper.xsa
TRACE::2026-07-26.18:40:22::SCWPlatform::DSA given /home/ran/Documents/uni/s10/asip_lab/vitis_ws/milestone2/hw/design_1_wrapper.xsa
TRACE::2026-07-26.18:40:22::SCWPlatform::DSA absoulate path /home/ran/Documents/uni/s10/asip_lab/vitis_ws/milestone2/hw/design_1_wrapper.xsa
TRACE::2026-07-26.18:40:22::SCWPlatform::DSA directory /home/ran/Documents/uni/s10/asip_lab/vitis_ws/milestone2/hw
TRACE::2026-07-26.18:40:22::SCWPlatform:: Platform Path /home/ran/Documents/uni/s10/asip_lab/vitis_ws/milestone2/hw/design_1_wrapper.xsa
TRACE::2026-07-26.18:40:22::SCWPlatform:: Unique name xilinx:::0.0
TRACE::2026-07-26.18:40:22::SCWPlatform::Trying to set the existing hwdb with name design_1_wrapper_17
TRACE::2026-07-26.18:40:22::SCWPlatform::Opened existing hwdb design_1_wrapper_17
TRACE::2026-07-26.18:40:22::SCWPlatform::Found the Hw Db part of the input DSA
TRACE::2026-07-26.18:40:22::SCWMssOS::Checking the sw design at  /home/ran/Documents/uni/s10/asip_lab/vitis_ws/milestone2/ps7_cortexa9_0/standalone_domain/bsp/system.mss
TRACE::2026-07-26.18:40:22::SCWMssOS::DEBUG:  swdes dump  /home/ran/Documents/uni/s10/asip_lab/vitis_ws/milestone2/ps7_cortexa9_0/standalone_domain/bsp/system.mss|system||
/home/ran/Documents/uni/s10/asip_lab/vitis_ws/milestone2/zynq_fsbl/zynq_fsbl_bsp/system.mss|system_0||

TRACE::2026-07-26.18:40:22::SCWMssOS::Sw design exists and opened at  /home/ran/Documents/uni/s10/asip_lab/vitis_ws/milestone2/ps7_cortexa9_0/standalone_domain/bsp/system.mss
TRACE::2026-07-26.18:40:22::SCWMssOS::Saving the mss changes /home/ran/Documents/uni/s10/asip_lab/vitis_ws/milestone2/ps7_cortexa9_0/standalone_domain/bsp/system.mss
TRACE::2026-07-26.18:40:22::SCWMssOS::Found a swdesign opened with the mssfile.
TRACE::2026-07-26.18:40:22::SCWMssOS::Completed writemss as part of save.
TRACE::2026-07-26.18:40:22::SCWMssOS::Commit changes completed.
TRACE::2026-07-26.18:40:22::SCWPlatform::Trying to open the hw design at /home/ran/Documents/uni/s10/asip_lab/vitis_ws/milestone2/hw/design_1_wrapper.xsa
TRACE::2026-07-26.18:40:22::SCWPlatform::DSA given /home/ran/Documents/uni/s10/asip_lab/vitis_ws/milestone2/hw/design_1_wrapper.xsa
TRACE::2026-07-26.18:40:22::SCWPlatform::DSA absoulate path /home/ran/Documents/uni/s10/asip_lab/vitis_ws/milestone2/hw/design_1_wrapper.xsa
TRACE::2026-07-26.18:40:22::SCWPlatform::DSA directory /home/ran/Documents/uni/s10/asip_lab/vitis_ws/milestone2/hw
TRACE::2026-07-26.18:40:22::SCWPlatform:: Platform Path /home/ran/Documents/uni/s10/asip_lab/vitis_ws/milestone2/hw/design_1_wrapper.xsa
TRACE::2026-07-26.18:40:22::SCWPlatform:: Unique name xilinx:::0.0
TRACE::2026-07-26.18:40:22::SCWPlatform::Trying to set the existing hwdb with name design_1_wrapper_17
TRACE::2026-07-26.18:40:22::SCWPlatform::Opened existing hwdb design_1_wrapper_17
TRACE::2026-07-26.18:40:22::SCWPlatform::Found the Hw Db part of the input DSA
TRACE::2026-07-26.18:40:22::SCWMssOS::Checking the sw design at  /home/ran/Documents/uni/s10/asip_lab/vitis_ws/milestone2/ps7_cortexa9_0/standalone_domain/bsp/system.mss
TRACE::2026-07-26.18:40:22::SCWMssOS::DEBUG:  swdes dump  /home/ran/Documents/uni/s10/asip_lab/vitis_ws/milestone2/ps7_cortexa9_0/standalone_domain/bsp/system.mss|system||
/home/ran/Documents/uni/s10/asip_lab/vitis_ws/milestone2/zynq_fsbl/zynq_fsbl_bsp/system.mss|system_0||

TRACE::2026-07-26.18:40:22::SCWMssOS::Sw design exists and opened at  /home/ran/Documents/uni/s10/asip_lab/vitis_ws/milestone2/ps7_cortexa9_0/standalone_domain/bsp/system.mss
TRACE::2026-07-26.18:40:22::SCWMssOS::Removing the swdes entry for  /home/ran/Documents/uni/s10/asip_lab/vitis_ws/milestone2/ps7_cortexa9_0/standalone_domain/bsp/system.mss
TRACE::2026-07-26.18:40:22::SCWPlatform::Trying to open the hw design at /home/ran/Documents/uni/s10/asip_lab/vitis_ws/milestone2/hw/design_1_wrapper.xsa
TRACE::2026-07-26.18:40:22::SCWPlatform::DSA given /home/ran/Documents/uni/s10/asip_lab/vitis_ws/milestone2/hw/design_1_wrapper.xsa
TRACE::2026-07-26.18:40:22::SCWPlatform::DSA absoulate path /home/ran/Documents/uni/s10/asip_lab/vitis_ws/milestone2/hw/design_1_wrapper.xsa
TRACE::2026-07-26.18:40:22::SCWPlatform::DSA directory /home/ran/Documents/uni/s10/asip_lab/vitis_ws/milestone2/hw
TRACE::2026-07-26.18:40:22::SCWPlatform:: Platform Path /home/ran/Documents/uni/s10/asip_lab/vitis_ws/milestone2/hw/design_1_wrapper.xsa
TRACE::2026-07-26.18:40:22::SCWPlatform:: Unique name xilinx:::0.0
TRACE::2026-07-26.18:40:22::SCWPlatform::Trying to set the existing hwdb with name design_1_wrapper_17
TRACE::2026-07-26.18:40:22::SCWPlatform::Opened existing hwdb design_1_wrapper_17
TRACE::2026-07-26.18:40:22::SCWPlatform::Found the Hw Db part of the input DSA
TRACE::2026-07-26.18:40:22::SCWMssOS::Checking the sw design at  /home/ran/Documents/uni/s10/asip_lab/vitis_ws/milestone2/ps7_cortexa9_0/standalone_domain/bsp/system.mss
TRACE::2026-07-26.18:40:22::SCWMssOS::DEBUG:  swdes dump  /home/ran/Documents/uni/s10/asip_lab/vitis_ws/milestone2/zynq_fsbl/zynq_fsbl_bsp/system.mss|system_0||

TRACE::2026-07-26.18:40:22::SCWMssOS::No sw design opened at  /home/ran/Documents/uni/s10/asip_lab/vitis_ws/milestone2/ps7_cortexa9_0/standalone_domain/bsp/system.mss
TRACE::2026-07-26.18:40:22::SCWMssOS::mss exists loading the mss file  /home/ran/Documents/uni/s10/asip_lab/vitis_ws/milestone2/ps7_cortexa9_0/standalone_domain/bsp/system.mss
TRACE::2026-07-26.18:40:22::SCWMssOS::Opened the sw design from mss  /home/ran/Documents/uni/s10/asip_lab/vitis_ws/milestone2/ps7_cortexa9_0/standalone_domain/bsp/system.mss
TRACE::2026-07-26.18:40:22::SCWMssOS::Adding the swdes entry /home/ran/Documents/uni/s10/asip_lab/vitis_ws/milestone2/ps7_cortexa9_0/standalone_domain/bsp/system.mss with des name system
TRACE::2026-07-26.18:40:22::SCWMssOS::updating the scw layer about changes
TRACE::2026-07-26.18:40:22::SCWMssOS::Opened the sw design.  /home/ran/Documents/uni/s10/asip_lab/vitis_ws/milestone2/ps7_cortexa9_0/standalone_domain/bsp/system.mss
TRACE::2026-07-26.18:40:22::SCWMssOS::Completed writing the mss file at /home/ran/Documents/uni/s10/asip_lab/vitis_ws/milestone2/ps7_cortexa9_0/standalone_domain/bsp
TRACE::2026-07-26.18:40:22::SCWMssOS::Forcing BSP Sources regeneration.
LOG::2026-07-26.18:40:27::SCWPlatform::Started generating the artifacts platform milestone2
TRACE::2026-07-26.18:40:27::SCWPlatform::Sanity checking of platform is completed
LOG::2026-07-26.18:40:27::SCWPlatform::Started generating the artifacts for system configuration milestone2
LOG::2026-07-26.18:40:27::SCWSystem::Checking the domain zynq_fsbl
LOG::2026-07-26.18:40:27::SCWSystem::Doing application build for :  zynq_fsbl
TRACE::2026-07-26.18:40:27::SCWBDomain::Not a forced makefile updation, No changes are present. 
TRACE::2026-07-26.18:40:27::SCWDomain::Skipping the build for domain :  zynq_fsbl
LOG::2026-07-26.18:40:27::SCWSystem::Checking the domain standalone_domain
LOG::2026-07-26.18:40:27::SCWSystem::Not a boot domain 
LOG::2026-07-26.18:40:27::SCWSystem::Started Processing the domain standalone_domain
TRACE::2026-07-26.18:40:27::SCWDomain::Generating domain artifcats
TRACE::2026-07-26.18:40:27::SCWMssOS::Generating standalone artifcats
TRACE::2026-07-26.18:40:27::SCWMssOS::Copying the qemu file from  /home/ran/Documents/uni/s10/asip_lab/vitis_ws/milestone2/resources/milestone2/standalone_domain/qemu_args.txt To /home/ran/Documents/uni/s10/asip_lab/vitis_ws/milestone2/export/milestone2/sw/milestone2/qemu/
TRACE::2026-07-26.18:40:27::SCWMssOS::Copying the qemu file from  /home/ran/Documents/uni/s10/asip_lab/vitis_ws/milestone2/resources/milestone2/standalone_domain/qemu_args.txt To /home/ran/Documents/uni/s10/asip_lab/vitis_ws/milestone2/export/milestone2/sw/milestone2/standalone_domain/qemu/
TRACE::2026-07-26.18:40:27::SCWMssOS:: Copying the user libraries. 
TRACE::2026-07-26.18:40:27::SCWPlatform::Trying to open the hw design at /home/ran/Documents/uni/s10/asip_lab/vitis_ws/milestone2/hw/design_1_wrapper.xsa
TRACE::2026-07-26.18:40:27::SCWPlatform::DSA given /home/ran/Documents/uni/s10/asip_lab/vitis_ws/milestone2/hw/design_1_wrapper.xsa
TRACE::2026-07-26.18:40:27::SCWPlatform::DSA absoulate path /home/ran/Documents/uni/s10/asip_lab/vitis_ws/milestone2/hw/design_1_wrapper.xsa
TRACE::2026-07-26.18:40:27::SCWPlatform::DSA directory /home/ran/Documents/uni/s10/asip_lab/vitis_ws/milestone2/hw
TRACE::2026-07-26.18:40:27::SCWPlatform:: Platform Path /home/ran/Documents/uni/s10/asip_lab/vitis_ws/milestone2/hw/design_1_wrapper.xsa
TRACE::2026-07-26.18:40:27::SCWPlatform:: Unique name xilinx:::0.0
TRACE::2026-07-26.18:40:27::SCWPlatform::Trying to set the existing hwdb with name design_1_wrapper_17
TRACE::2026-07-26.18:40:27::SCWPlatform::Opened existing hwdb design_1_wrapper_17
TRACE::2026-07-26.18:40:27::SCWPlatform::Found the Hw Db part of the input DSA
TRACE::2026-07-26.18:40:27::SCWMssOS::Checking the sw design at  /home/ran/Documents/uni/s10/asip_lab/vitis_ws/milestone2/ps7_cortexa9_0/standalone_domain/bsp/system.mss
TRACE::2026-07-26.18:40:27::SCWMssOS::DEBUG:  swdes dump  /home/ran/Documents/uni/s10/asip_lab/vitis_ws/milestone2/zynq_fsbl/zynq_fsbl_bsp/system.mss|system_0||

TRACE::2026-07-26.18:40:27::SCWMssOS::No sw design opened at  /home/ran/Documents/uni/s10/asip_lab/vitis_ws/milestone2/ps7_cortexa9_0/standalone_domain/bsp/system.mss
TRACE::2026-07-26.18:40:27::SCWMssOS::mss exists loading the mss file  /home/ran/Documents/uni/s10/asip_lab/vitis_ws/milestone2/ps7_cortexa9_0/standalone_domain/bsp/system.mss
TRACE::2026-07-26.18:40:27::SCWMssOS::Opened the sw design from mss  /home/ran/Documents/uni/s10/asip_lab/vitis_ws/milestone2/ps7_cortexa9_0/standalone_domain/bsp/system.mss
TRACE::2026-07-26.18:40:27::SCWMssOS::Adding the swdes entry /home/ran/Documents/uni/s10/asip_lab/vitis_ws/milestone2/ps7_cortexa9_0/standalone_domain/bsp/system.mss with des name system
TRACE::2026-07-26.18:40:27::SCWMssOS::updating the scw layer about changes
TRACE::2026-07-26.18:40:27::SCWMssOS::Opened the sw design.  /home/ran/Documents/uni/s10/asip_lab/vitis_ws/milestone2/ps7_cortexa9_0/standalone_domain/bsp/system.mss
TRACE::2026-07-26.18:40:27::SCWMssOS::Completed writing the mss file at /home/ran/Documents/uni/s10/asip_lab/vitis_ws/milestone2/ps7_cortexa9_0/standalone_domain/bsp
TRACE::2026-07-26.18:40:27::SCWMssOS::Mss edits present, copying mssfile into export location /home/ran/Documents/uni/s10/asip_lab/vitis_ws/milestone2/ps7_cortexa9_0/standalone_domain/bsp/system.mss
TRACE::2026-07-26.18:40:27::SCWMssOS::bsp generated is upto date with the mss file. Skipping bsp generation.
TRACE::2026-07-26.18:40:27::SCWMssOS::BSP is already built. skipping the bsp build ... 
TRACE::2026-07-26.18:40:27::SCWDomain::Building the domain :  standalone_domain
TRACE::2026-07-26.18:40:27::SCWMssOS::doing bsp build ... 
TRACE::2026-07-26.18:40:27::SCWMssOS::System Command Ran  cd  /home/ran/Documents/uni/s10/asip_lab/vitis_ws/milestone2/ps7_cortexa9_0/standalone_domain/bsp ; bash -c "make  " 
TRACE::2026-07-26.18:40:27::SCWMssOS::make --no-print-directory seq_libs

TRACE::2026-07-26.18:40:27::SCWMssOS::Finished building libraries sequentially.

TRACE::2026-07-26.18:40:27::SCWMssOS::make -j 10 --no-print-directory par_libs

TRACE::2026-07-26.18:40:27::SCWMssOS::Running Make include in ps7_cortexa9_0/libsrc/coresightps_dcc_v1_8/src

TRACE::2026-07-26.18:40:27::SCWMssOS::Running Make include in ps7_cortexa9_0/libsrc/bram_v4_8/src

TRACE::2026-07-26.18:40:27::SCWMssOS::make -C ps7_cortexa9_0/libsrc/coresightps_dcc_v1_8/src -s include  "SHELL=/bin/sh" "COMPILER=arm-none-eabi-gcc" "ASSEMBLER=arm-
TRACE::2026-07-26.18:40:27::SCWMssOS::none-eabi-as" "ARCHIVER=arm-none-eabi-ar" "COMPILER_FLAGS=  -O2 -c" "EXTRA_COMPILER_FLAGS=-mcpu=cortex-a9 -mfpu=vfpv3 -mfloat-a
TRACE::2026-07-26.18:40:27::SCWMssOS::bi=hard -nostartfiles -g -Wall -Wextra -fno-tree-loop-distribute-patterns"

TRACE::2026-07-26.18:40:27::SCWMssOS::Running Make include in ps7_cortexa9_0/libsrc/ddrps_v1_2/src

TRACE::2026-07-26.18:40:27::SCWMssOS::Running Make include in ps7_cortexa9_0/libsrc/dmaps_v2_8/src

TRACE::2026-07-26.18:40:27::SCWMssOS::Running Make include in ps7_cortexa9_0/libsrc/cpu_cortexa9_v2_11/src

TRACE::2026-07-26.18:40:27::SCWMssOS::make -C ps7_cortexa9_0/libsrc/bram_v4_8/src -s include  "SHELL=/bin/sh" "COMPILER=arm-none-eabi-gcc" "ASSEMBLER=arm-none-eabi-a
TRACE::2026-07-26.18:40:27::SCWMssOS::s" "ARCHIVER=arm-none-eabi-ar" "COMPILER_FLAGS=  -O2 -c" "EXTRA_COMPILER_FLAGS=-mcpu=cortex-a9 -mfpu=vfpv3 -mfloat-abi=hard -no
TRACE::2026-07-26.18:40:27::SCWMssOS::startfiles -g -Wall -Wextra -fno-tree-loop-distribute-patterns"

TRACE::2026-07-26.18:40:27::SCWMssOS::make -C ps7_cortexa9_0/libsrc/ddrps_v1_2/src -s include  "SHELL=/bin/sh" "COMPILER=arm-none-eabi-gcc" "ASSEMBLER=arm-none-eabi-
TRACE::2026-07-26.18:40:27::SCWMssOS::as" "ARCHIVER=arm-none-eabi-ar" "COMPILER_FLAGS=  -O2 -c" "EXTRA_COMPILER_FLAGS=-mcpu=cortex-a9 -mfpu=vfpv3 -mfloat-abi=hard -n
TRACE::2026-07-26.18:40:27::SCWMssOS::ostartfiles -g -Wall -Wextra -fno-tree-loop-distribute-patterns"

TRACE::2026-07-26.18:40:27::SCWMssOS::make -C ps7_cortexa9_0/libsrc/cpu_cortexa9_v2_11/src -s include  "SHELL=/bin/sh" "COMPILER=arm-none-eabi-gcc" "ASSEMBLER=arm-no
TRACE::2026-07-26.18:40:27::SCWMssOS::ne-eabi-as" "ARCHIVER=arm-none-eabi-ar" "COMPILER_FLAGS=  -O2 -c" "EXTRA_COMPILER_FLAGS=-mcpu=cortex-a9 -mfpu=vfpv3 -mfloat-abi
TRACE::2026-07-26.18:40:27::SCWMssOS::=hard -nostartfiles -g -Wall -Wextra -fno-tree-loop-distribute-patterns"

TRACE::2026-07-26.18:40:27::SCWMssOS::Running Make include in ps7_cortexa9_0/libsrc/devcfg_v3_7/src

TRACE::2026-07-26.18:40:27::SCWMssOS::make -C ps7_cortexa9_0/libsrc/dmaps_v2_8/src -s include  "SHELL=/bin/sh" "COMPILER=arm-none-eabi-gcc" "ASSEMBLER=arm-none-eabi-
TRACE::2026-07-26.18:40:27::SCWMssOS::as" "ARCHIVER=arm-none-eabi-ar" "COMPILER_FLAGS=  -O2 -c" "EXTRA_COMPILER_FLAGS=-mcpu=cortex-a9 -mfpu=vfpv3 -mfloat-abi=hard -n
TRACE::2026-07-26.18:40:27::SCWMssOS::ostartfiles -g -Wall -Wextra -fno-tree-loop-distribute-patterns"

TRACE::2026-07-26.18:40:27::SCWMssOS::Running Make include in ps7_cortexa9_0/libsrc/gpiops_v3_10/src

TRACE::2026-07-26.18:40:27::SCWMssOS::make -C ps7_cortexa9_0/libsrc/devcfg_v3_7/src -s include  "SHELL=/bin/sh" "COMPILER=arm-none-eabi-gcc" "ASSEMBLER=arm-none-eabi
TRACE::2026-07-26.18:40:27::SCWMssOS::-as" "ARCHIVER=arm-none-eabi-ar" "COMPILER_FLAGS=  -O2 -c" "EXTRA_COMPILER_FLAGS=-mcpu=cortex-a9 -mfpu=vfpv3 -mfloat-abi=hard -
TRACE::2026-07-26.18:40:27::SCWMssOS::nostartfiles -g -Wall -Wextra -fno-tree-loop-distribute-patterns"

TRACE::2026-07-26.18:40:27::SCWMssOS::Running Make include in ps7_cortexa9_0/libsrc/qspips_v3_10/src

TRACE::2026-07-26.18:40:27::SCWMssOS::make -C ps7_cortexa9_0/libsrc/gpiops_v3_10/src -s include  "SHELL=/bin/sh" "COMPILER=arm-none-eabi-gcc" "ASSEMBLER=arm-none-eab
TRACE::2026-07-26.18:40:27::SCWMssOS::i-as" "ARCHIVER=arm-none-eabi-ar" "COMPILER_FLAGS=  -O2 -c" "EXTRA_COMPILER_FLAGS=-mcpu=cortex-a9 -mfpu=vfpv3 -mfloat-abi=hard 
TRACE::2026-07-26.18:40:27::SCWMssOS::-nostartfiles -g -Wall -Wextra -fno-tree-loop-distribute-patterns"

TRACE::2026-07-26.18:40:27::SCWMssOS::Running Make include in ps7_cortexa9_0/libsrc/scugic_v5_0/src

TRACE::2026-07-26.18:40:27::SCWMssOS::make -C ps7_cortexa9_0/libsrc/qspips_v3_10/src -s include  "SHELL=/bin/sh" "COMPILER=arm-none-eabi-gcc" "ASSEMBLER=arm-none-eab
TRACE::2026-07-26.18:40:27::SCWMssOS::i-as" "ARCHIVER=arm-none-eabi-ar" "COMPILER_FLAGS=  -O2 -c" "EXTRA_COMPILER_FLAGS=-mcpu=cortex-a9 -mfpu=vfpv3 -mfloat-abi=hard 
TRACE::2026-07-26.18:40:27::SCWMssOS::-nostartfiles -g -Wall -Wextra -fno-tree-loop-distribute-patterns"

TRACE::2026-07-26.18:40:27::SCWMssOS::make -C ps7_cortexa9_0/libsrc/scugic_v5_0/src -s include  "SHELL=/bin/sh" "COMPILER=arm-none-eabi-gcc" "ASSEMBLER=arm-none-eabi
TRACE::2026-07-26.18:40:27::SCWMssOS::-as" "ARCHIVER=arm-none-eabi-ar" "COMPILER_FLAGS=  -O2 -c" "EXTRA_COMPILER_FLAGS=-mcpu=cortex-a9 -mfpu=vfpv3 -mfloat-abi=hard -
TRACE::2026-07-26.18:40:27::SCWMssOS::nostartfiles -g -Wall -Wextra -fno-tree-loop-distribute-patterns"

TRACE::2026-07-26.18:40:27::SCWMssOS::Running Make include in ps7_cortexa9_0/libsrc/scutimer_v2_4/src

TRACE::2026-07-26.18:40:27::SCWMssOS::make -C ps7_cortexa9_0/libsrc/scutimer_v2_4/src -s include  "SHELL=/bin/sh" "COMPILER=arm-none-eabi-gcc" "ASSEMBLER=arm-none-ea
TRACE::2026-07-26.18:40:27::SCWMssOS::bi-as" "ARCHIVER=arm-none-eabi-ar" "COMPILER_FLAGS=  -O2 -c" "EXTRA_COMPILER_FLAGS=-mcpu=cortex-a9 -mfpu=vfpv3 -mfloat-abi=hard
TRACE::2026-07-26.18:40:27::SCWMssOS:: -nostartfiles -g -Wall -Wextra -fno-tree-loop-distribute-patterns"

TRACE::2026-07-26.18:40:27::SCWMssOS::Running Make include in ps7_cortexa9_0/libsrc/scuwdt_v2_4/src

TRACE::2026-07-26.18:40:27::SCWMssOS::make -C ps7_cortexa9_0/libsrc/scuwdt_v2_4/src -s include  "SHELL=/bin/sh" "COMPILER=arm-none-eabi-gcc" "ASSEMBLER=arm-none-eabi
TRACE::2026-07-26.18:40:27::SCWMssOS::-as" "ARCHIVER=arm-none-eabi-ar" "COMPILER_FLAGS=  -O2 -c" "EXTRA_COMPILER_FLAGS=-mcpu=cortex-a9 -mfpu=vfpv3 -mfloat-abi=hard -
TRACE::2026-07-26.18:40:27::SCWMssOS::nostartfiles -g -Wall -Wextra -fno-tree-loop-distribute-patterns"

TRACE::2026-07-26.18:40:27::SCWMssOS::Running Make include in ps7_cortexa9_0/libsrc/sdps_v4_0/src

TRACE::2026-07-26.18:40:27::SCWMssOS::Running Make include in ps7_cortexa9_0/libsrc/standalone_v8_0/src

TRACE::2026-07-26.18:40:27::SCWMssOS::Running Make include in ps7_cortexa9_0/libsrc/spips_v3_8/src

TRACE::2026-07-26.18:40:27::SCWMssOS::make -C ps7_cortexa9_0/libsrc/sdps_v4_0/src -s include  "SHELL=/bin/sh" "COMPILER=arm-none-eabi-gcc" "ASSEMBLER=arm-none-eabi-a
TRACE::2026-07-26.18:40:27::SCWMssOS::s" "ARCHIVER=arm-none-eabi-ar" "COMPILER_FLAGS=  -O2 -c" "EXTRA_COMPILER_FLAGS=-mcpu=cortex-a9 -mfpu=vfpv3 -mfloat-abi=hard -no
TRACE::2026-07-26.18:40:27::SCWMssOS::startfiles -g -Wall -Wextra -fno-tree-loop-distribute-patterns"

TRACE::2026-07-26.18:40:27::SCWMssOS::make -C ps7_cortexa9_0/libsrc/spips_v3_8/src -s include  "SHELL=/bin/sh" "COMPILER=arm-none-eabi-gcc" "ASSEMBLER=arm-none-eabi-
TRACE::2026-07-26.18:40:27::SCWMssOS::as" "ARCHIVER=arm-none-eabi-ar" "COMPILER_FLAGS=  -O2 -c" "EXTRA_COMPILER_FLAGS=-mcpu=cortex-a9 -mfpu=vfpv3 -mfloat-abi=hard -n
TRACE::2026-07-26.18:40:27::SCWMssOS::ostartfiles -g -Wall -Wextra -fno-tree-loop-distribute-patterns"

TRACE::2026-07-26.18:40:27::SCWMssOS::make -C ps7_cortexa9_0/libsrc/standalone_v8_0/src -s include  "SHELL=/bin/sh" "COMPILER=arm-none-eabi-gcc" "ASSEMBLER=arm-none-
TRACE::2026-07-26.18:40:27::SCWMssOS::eabi-as" "ARCHIVER=arm-none-eabi-ar" "COMPILER_FLAGS=  -O2 -c" "EXTRA_COMPILER_FLAGS=-mcpu=cortex-a9 -mfpu=vfpv3 -mfloat-abi=ha
TRACE::2026-07-26.18:40:27::SCWMssOS::rd -nostartfiles -g -Wall -Wextra -fno-tree-loop-distribute-patterns"

TRACE::2026-07-26.18:40:27::SCWMssOS::Running Make include in ps7_cortexa9_0/libsrc/uartps_v3_11/src

TRACE::2026-07-26.18:40:27::SCWMssOS::make -C ps7_cortexa9_0/libsrc/uartps_v3_11/src -s include  "SHELL=/bin/sh" "COMPILER=arm-none-eabi-gcc" "ASSEMBLER=arm-none-eab
TRACE::2026-07-26.18:40:27::SCWMssOS::i-as" "ARCHIVER=arm-none-eabi-ar" "COMPILER_FLAGS=  -O2 -c" "EXTRA_COMPILER_FLAGS=-mcpu=cortex-a9 -mfpu=vfpv3 -mfloat-abi=hard 
TRACE::2026-07-26.18:40:27::SCWMssOS::-nostartfiles -g -Wall -Wextra -fno-tree-loop-distribute-patterns"

TRACE::2026-07-26.18:40:27::SCWMssOS::Running Make include in ps7_cortexa9_0/libsrc/usbps_v2_7/src

TRACE::2026-07-26.18:40:27::SCWMssOS::make -C ps7_cortexa9_0/libsrc/usbps_v2_7/src -s include  "SHELL=/bin/sh" "COMPILER=arm-none-eabi-gcc" "ASSEMBLER=arm-none-eabi-
TRACE::2026-07-26.18:40:27::SCWMssOS::as" "ARCHIVER=arm-none-eabi-ar" "COMPILER_FLAGS=  -O2 -c" "EXTRA_COMPILER_FLAGS=-mcpu=cortex-a9 -mfpu=vfpv3 -mfloat-abi=hard -n
TRACE::2026-07-26.18:40:27::SCWMssOS::ostartfiles -g -Wall -Wextra -fno-tree-loop-distribute-patterns"

TRACE::2026-07-26.18:40:27::SCWMssOS::Running Make include in ps7_cortexa9_0/libsrc/xadcps_v2_6/src

TRACE::2026-07-26.18:40:27::SCWMssOS::make -C ps7_cortexa9_0/libsrc/xadcps_v2_6/src -s include  "SHELL=/bin/sh" "COMPILER=arm-none-eabi-gcc" "ASSEMBLER=arm-none-eabi
TRACE::2026-07-26.18:40:27::SCWMssOS::-as" "ARCHIVER=arm-none-eabi-ar" "COMPILER_FLAGS=  -O2 -c" "EXTRA_COMPILER_FLAGS=-mcpu=cortex-a9 -mfpu=vfpv3 -mfloat-abi=hard -
TRACE::2026-07-26.18:40:27::SCWMssOS::nostartfiles -g -Wall -Wextra -fno-tree-loop-distribute-patterns"

TRACE::2026-07-26.18:40:27::SCWMssOS::Running Make libs in ps7_cortexa9_0/libsrc/ddrps_v1_2/src

TRACE::2026-07-26.18:40:27::SCWMssOS::make -C ps7_cortexa9_0/libsrc/ddrps_v1_2/src -s libs  "SHELL=/bin/sh" "COMPILER=arm-none-eabi-gcc" "ASSEMBLER=arm-none-eabi-as"
TRACE::2026-07-26.18:40:27::SCWMssOS:: "ARCHIVER=arm-none-eabi-ar" "COMPILER_FLAGS=  -O2 -c" "EXTRA_COMPILER_FLAGS=-mcpu=cortex-a9 -mfpu=vfpv3 -mfloat-abi=hard -nost
TRACE::2026-07-26.18:40:27::SCWMssOS::artfiles -g -Wall -Wextra -fno-tree-loop-distribute-patterns"

TRACE::2026-07-26.18:40:27::SCWMssOS::Running Make libs in ps7_cortexa9_0/libsrc/bram_v4_8/src

TRACE::2026-07-26.18:40:27::SCWMssOS::Running Make libs in ps7_cortexa9_0/libsrc/coresightps_dcc_v1_8/src

TRACE::2026-07-26.18:40:27::SCWMssOS::Running Make libs in ps7_cortexa9_0/libsrc/devcfg_v3_7/src

TRACE::2026-07-26.18:40:27::SCWMssOS::Running Make libs in ps7_cortexa9_0/libsrc/cpu_cortexa9_v2_11/src

TRACE::2026-07-26.18:40:27::SCWMssOS::make -C ps7_cortexa9_0/libsrc/bram_v4_8/src -s libs  "SHELL=/bin/sh" "COMPILER=arm-none-eabi-gcc" "ASSEMBLER=arm-none-eabi-as" 
TRACE::2026-07-26.18:40:27::SCWMssOS::"ARCHIVER=arm-none-eabi-ar" "COMPILER_FLAGS=  -O2 -c" "EXTRA_COMPILER_FLAGS=-mcpu=cortex-a9 -mfpu=vfpv3 -mfloat-abi=hard -nosta
TRACE::2026-07-26.18:40:27::SCWMssOS::rtfiles -g -Wall -Wextra -fno-tree-loop-distribute-patterns"

TRACE::2026-07-26.18:40:27::SCWMssOS::make -C ps7_cortexa9_0/libsrc/coresightps_dcc_v1_8/src -s libs  "SHELL=/bin/sh" "COMPILER=arm-none-eabi-gcc" "ASSEMBLER=arm-non
TRACE::2026-07-26.18:40:27::SCWMssOS::e-eabi-as" "ARCHIVER=arm-none-eabi-ar" "COMPILER_FLAGS=  -O2 -c" "EXTRA_COMPILER_FLAGS=-mcpu=cortex-a9 -mfpu=vfpv3 -mfloat-abi=
TRACE::2026-07-26.18:40:27::SCWMssOS::hard -nostartfiles -g -Wall -Wextra -fno-tree-loop-distribute-patterns"

TRACE::2026-07-26.18:40:27::SCWMssOS::Running Make libs in ps7_cortexa9_0/libsrc/dmaps_v2_8/src

TRACE::2026-07-26.18:40:27::SCWMssOS::make -C ps7_cortexa9_0/libsrc/cpu_cortexa9_v2_11/src -s libs  "SHELL=/bin/sh" "COMPILER=arm-none-eabi-gcc" "ASSEMBLER=arm-none-
TRACE::2026-07-26.18:40:27::SCWMssOS::eabi-as" "ARCHIVER=arm-none-eabi-ar" "COMPILER_FLAGS=  -O2 -c" "EXTRA_COMPILER_FLAGS=-mcpu=cortex-a9 -mfpu=vfpv3 -mfloat-abi=ha
TRACE::2026-07-26.18:40:27::SCWMssOS::rd -nostartfiles -g -Wall -Wextra -fno-tree-loop-distribute-patterns"

TRACE::2026-07-26.18:40:27::SCWMssOS::Running Make libs in ps7_cortexa9_0/libsrc/gpiops_v3_10/src

TRACE::2026-07-26.18:40:27::SCWMssOS::make -C ps7_cortexa9_0/libsrc/devcfg_v3_7/src -s libs  "SHELL=/bin/sh" "COMPILER=arm-none-eabi-gcc" "ASSEMBLER=arm-none-eabi-as
TRACE::2026-07-26.18:40:27::SCWMssOS::" "ARCHIVER=arm-none-eabi-ar" "COMPILER_FLAGS=  -O2 -c" "EXTRA_COMPILER_FLAGS=-mcpu=cortex-a9 -mfpu=vfpv3 -mfloat-abi=hard -nos
TRACE::2026-07-26.18:40:27::SCWMssOS::tartfiles -g -Wall -Wextra -fno-tree-loop-distribute-patterns"

TRACE::2026-07-26.18:40:27::SCWMssOS::make -C ps7_cortexa9_0/libsrc/dmaps_v2_8/src -s libs  "SHELL=/bin/sh" "COMPILER=arm-none-eabi-gcc" "ASSEMBLER=arm-none-eabi-as"
TRACE::2026-07-26.18:40:27::SCWMssOS:: "ARCHIVER=arm-none-eabi-ar" "COMPILER_FLAGS=  -O2 -c" "EXTRA_COMPILER_FLAGS=-mcpu=cortex-a9 -mfpu=vfpv3 -mfloat-abi=hard -nost
TRACE::2026-07-26.18:40:27::SCWMssOS::artfiles -g -Wall -Wextra -fno-tree-loop-distribute-patterns"

TRACE::2026-07-26.18:40:27::SCWMssOS::Running Make libs in ps7_cortexa9_0/libsrc/qspips_v3_10/src

TRACE::2026-07-26.18:40:27::SCWMssOS::make -C ps7_cortexa9_0/libsrc/gpiops_v3_10/src -s libs  "SHELL=/bin/sh" "COMPILER=arm-none-eabi-gcc" "ASSEMBLER=arm-none-eabi-a
TRACE::2026-07-26.18:40:27::SCWMssOS::s" "ARCHIVER=arm-none-eabi-ar" "COMPILER_FLAGS=  -O2 -c" "EXTRA_COMPILER_FLAGS=-mcpu=cortex-a9 -mfpu=vfpv3 -mfloat-abi=hard -no
TRACE::2026-07-26.18:40:27::SCWMssOS::startfiles -g -Wall -Wextra -fno-tree-loop-distribute-patterns"

TRACE::2026-07-26.18:40:27::SCWMssOS::make -C ps7_cortexa9_0/libsrc/qspips_v3_10/src -s libs  "SHELL=/bin/sh" "COMPILER=arm-none-eabi-gcc" "ASSEMBLER=arm-none-eabi-a
TRACE::2026-07-26.18:40:27::SCWMssOS::s" "ARCHIVER=arm-none-eabi-ar" "COMPILER_FLAGS=  -O2 -c" "EXTRA_COMPILER_FLAGS=-mcpu=cortex-a9 -mfpu=vfpv3 -mfloat-abi=hard -no
TRACE::2026-07-26.18:40:27::SCWMssOS::startfiles -g -Wall -Wextra -fno-tree-loop-distribute-patterns"

TRACE::2026-07-26.18:40:27::SCWMssOS::Running Make libs in ps7_cortexa9_0/libsrc/scugic_v5_0/src

TRACE::2026-07-26.18:40:27::SCWMssOS::make -C ps7_cortexa9_0/libsrc/scugic_v5_0/src -s libs  "SHELL=/bin/sh" "COMPILER=arm-none-eabi-gcc" "ASSEMBLER=arm-none-eabi-as
TRACE::2026-07-26.18:40:27::SCWMssOS::" "ARCHIVER=arm-none-eabi-ar" "COMPILER_FLAGS=  -O2 -c" "EXTRA_COMPILER_FLAGS=-mcpu=cortex-a9 -mfpu=vfpv3 -mfloat-abi=hard -nos
TRACE::2026-07-26.18:40:27::SCWMssOS::tartfiles -g -Wall -Wextra -fno-tree-loop-distribute-patterns"

TRACE::2026-07-26.18:40:27::SCWMssOS::Running Make libs in ps7_cortexa9_0/libsrc/scutimer_v2_4/src

TRACE::2026-07-26.18:40:27::SCWMssOS::make -C ps7_cortexa9_0/libsrc/scutimer_v2_4/src -s libs  "SHELL=/bin/sh" "COMPILER=arm-none-eabi-gcc" "ASSEMBLER=arm-none-eabi-
TRACE::2026-07-26.18:40:27::SCWMssOS::as" "ARCHIVER=arm-none-eabi-ar" "COMPILER_FLAGS=  -O2 -c" "EXTRA_COMPILER_FLAGS=-mcpu=cortex-a9 -mfpu=vfpv3 -mfloat-abi=hard -n
TRACE::2026-07-26.18:40:27::SCWMssOS::ostartfiles -g -Wall -Wextra -fno-tree-loop-distribute-patterns"

TRACE::2026-07-26.18:40:27::SCWMssOS::Running Make libs in ps7_cortexa9_0/libsrc/scuwdt_v2_4/src

TRACE::2026-07-26.18:40:27::SCWMssOS::make -C ps7_cortexa9_0/libsrc/scuwdt_v2_4/src -s libs  "SHELL=/bin/sh" "COMPILER=arm-none-eabi-gcc" "ASSEMBLER=arm-none-eabi-as
TRACE::2026-07-26.18:40:27::SCWMssOS::" "ARCHIVER=arm-none-eabi-ar" "COMPILER_FLAGS=  -O2 -c" "EXTRA_COMPILER_FLAGS=-mcpu=cortex-a9 -mfpu=vfpv3 -mfloat-abi=hard -nos
TRACE::2026-07-26.18:40:27::SCWMssOS::tartfiles -g -Wall -Wextra -fno-tree-loop-distribute-patterns"

TRACE::2026-07-26.18:40:28::SCWMssOS::Running Make libs in ps7_cortexa9_0/libsrc/sdps_v4_0/src

TRACE::2026-07-26.18:40:28::SCWMssOS::make -C ps7_cortexa9_0/libsrc/sdps_v4_0/src -s libs  "SHELL=/bin/sh" "COMPILER=arm-none-eabi-gcc" "ASSEMBLER=arm-none-eabi-as" 
TRACE::2026-07-26.18:40:28::SCWMssOS::"ARCHIVER=arm-none-eabi-ar" "COMPILER_FLAGS=  -O2 -c" "EXTRA_COMPILER_FLAGS=-mcpu=cortex-a9 -mfpu=vfpv3 -mfloat-abi=hard -nosta
TRACE::2026-07-26.18:40:28::SCWMssOS::rtfiles -g -Wall -Wextra -fno-tree-loop-distribute-patterns"

TRACE::2026-07-26.18:40:28::SCWMssOS::Running Make libs in ps7_cortexa9_0/libsrc/spips_v3_8/src

TRACE::2026-07-26.18:40:28::SCWMssOS::make -C ps7_cortexa9_0/libsrc/spips_v3_8/src -s libs  "SHELL=/bin/sh" "COMPILER=arm-none-eabi-gcc" "ASSEMBLER=arm-none-eabi-as"
TRACE::2026-07-26.18:40:28::SCWMssOS:: "ARCHIVER=arm-none-eabi-ar" "COMPILER_FLAGS=  -O2 -c" "EXTRA_COMPILER_FLAGS=-mcpu=cortex-a9 -mfpu=vfpv3 -mfloat-abi=hard -nost
TRACE::2026-07-26.18:40:28::SCWMssOS::artfiles -g -Wall -Wextra -fno-tree-loop-distribute-patterns"

TRACE::2026-07-26.18:40:28::SCWMssOS::Running Make libs in ps7_cortexa9_0/libsrc/standalone_v8_0/src

TRACE::2026-07-26.18:40:28::SCWMssOS::make -C ps7_cortexa9_0/libsrc/standalone_v8_0/src -s libs  "SHELL=/bin/sh" "COMPILER=arm-none-eabi-gcc" "ASSEMBLER=arm-none-eab
TRACE::2026-07-26.18:40:28::SCWMssOS::i-as" "ARCHIVER=arm-none-eabi-ar" "COMPILER_FLAGS=  -O2 -c" "EXTRA_COMPILER_FLAGS=-mcpu=cortex-a9 -mfpu=vfpv3 -mfloat-abi=hard 
TRACE::2026-07-26.18:40:28::SCWMssOS::-nostartfiles -g -Wall -Wextra -fno-tree-loop-distribute-patterns"

TRACE::2026-07-26.18:40:28::SCWMssOS::Running Make libs in ps7_cortexa9_0/libsrc/uartps_v3_11/src

TRACE::2026-07-26.18:40:28::SCWMssOS::make -C ps7_cortexa9_0/libsrc/uartps_v3_11/src -s libs  "SHELL=/bin/sh" "COMPILER=arm-none-eabi-gcc" "ASSEMBLER=arm-none-eabi-a
TRACE::2026-07-26.18:40:28::SCWMssOS::s" "ARCHIVER=arm-none-eabi-ar" "COMPILER_FLAGS=  -O2 -c" "EXTRA_COMPILER_FLAGS=-mcpu=cortex-a9 -mfpu=vfpv3 -mfloat-abi=hard -no
TRACE::2026-07-26.18:40:28::SCWMssOS::startfiles -g -Wall -Wextra -fno-tree-loop-distribute-patterns"

TRACE::2026-07-26.18:40:28::SCWMssOS::Running Make libs in ps7_cortexa9_0/libsrc/usbps_v2_7/src

TRACE::2026-07-26.18:40:28::SCWMssOS::make -C ps7_cortexa9_0/libsrc/usbps_v2_7/src -s libs  "SHELL=/bin/sh" "COMPILER=arm-none-eabi-gcc" "ASSEMBLER=arm-none-eabi-as"
TRACE::2026-07-26.18:40:28::SCWMssOS:: "ARCHIVER=arm-none-eabi-ar" "COMPILER_FLAGS=  -O2 -c" "EXTRA_COMPILER_FLAGS=-mcpu=cortex-a9 -mfpu=vfpv3 -mfloat-abi=hard -nost
TRACE::2026-07-26.18:40:28::SCWMssOS::artfiles -g -Wall -Wextra -fno-tree-loop-distribute-patterns"

TRACE::2026-07-26.18:40:28::SCWMssOS::Running Make libs in ps7_cortexa9_0/libsrc/xadcps_v2_6/src

TRACE::2026-07-26.18:40:28::SCWMssOS::make -C ps7_cortexa9_0/libsrc/xadcps_v2_6/src -s libs  "SHELL=/bin/sh" "COMPILER=arm-none-eabi-gcc" "ASSEMBLER=arm-none-eabi-as
TRACE::2026-07-26.18:40:28::SCWMssOS::" "ARCHIVER=arm-none-eabi-ar" "COMPILER_FLAGS=  -O2 -c" "EXTRA_COMPILER_FLAGS=-mcpu=cortex-a9 -mfpu=vfpv3 -mfloat-abi=hard -nos
TRACE::2026-07-26.18:40:28::SCWMssOS::tartfiles -g -Wall -Wextra -fno-tree-loop-distribute-patterns"

TRACE::2026-07-26.18:40:29::SCWMssOS::Finished building libraries parallelly.

TRACE::2026-07-26.18:40:29::SCWMssOS::make --no-print-directory archive

TRACE::2026-07-26.18:40:29::SCWMssOS::arm-none-eabi-ar -r  ps7_cortexa9_0/lib/libxil.a ps7_cortexa9_0/lib/_exit.o ps7_cortexa9_0/lib/_open.o ps7_cortexa9_0/lib/_sbrk
TRACE::2026-07-26.18:40:29::SCWMssOS::.o ps7_cortexa9_0/lib/abort.o ps7_cortexa9_0/lib/asm_vectors.o ps7_cortexa9_0/lib/boot.o ps7_cortexa9_0/lib/close.o ps7_cortexa
TRACE::2026-07-26.18:40:29::SCWMssOS::9_0/lib/cpputest_time.o ps7_cortexa9_0/lib/cpu_init.o ps7_cortexa9_0/lib/errno.o ps7_cortexa9_0/lib/fcntl.o ps7_cortexa9_0/lib/
TRACE::2026-07-26.18:40:29::SCWMssOS::fstat.o ps7_cortexa9_0/lib/getpid.o ps7_cortexa9_0/lib/inbyte.o ps7_cortexa9_0/lib/isatty.o ps7_cortexa9_0/lib/kill.o ps7_corte
TRACE::2026-07-26.18:40:29::SCWMssOS::xa9_0/lib/lseek.o ps7_cortexa9_0/lib/open.o ps7_cortexa9_0/lib/outbyte.o ps7_cortexa9_0/lib/print.o ps7_cortexa9_0/lib/putnum.o
TRACE::2026-07-26.18:40:29::SCWMssOS:: ps7_cortexa9_0/lib/read.o ps7_cortexa9_0/lib/sbrk.o ps7_cortexa9_0/lib/sleep.o ps7_cortexa9_0/lib/time.o ps7_cortexa9_0/lib/tr
TRACE::2026-07-26.18:40:29::SCWMssOS::anslation_table.o ps7_cortexa9_0/lib/unlink.o ps7_cortexa9_0/lib/usleep.o ps7_cortexa9_0/lib/vectors.o ps7_cortexa9_0/lib/write
TRACE::2026-07-26.18:40:29::SCWMssOS::.o ps7_cortexa9_0/lib/xadcps.o ps7_cortexa9_0/lib/xadcps_g.o ps7_cortexa9_0/lib/xadcps_intr.o ps7_cortexa9_0/lib/xadcps_selftes
TRACE::2026-07-26.18:40:29::SCWMssOS::t.o ps7_cortexa9_0/lib/xadcps_sinit.o ps7_cortexa9_0/lib/xbram.o ps7_cortexa9_0/lib/xbram_g.o ps7_cortexa9_0/lib/xbram_intr.o p
TRACE::2026-07-26.18:40:29::SCWMssOS::s7_cortexa9_0/lib/xbram_selftest.o ps7_cortexa9_0/lib/xbram_sinit.o ps7_cortexa9_0/lib/xcoresightpsdcc.o ps7_cortexa9_0/lib/xde
TRACE::2026-07-26.18:40:29::SCWMssOS::vcfg.o ps7_cortexa9_0/lib/xdevcfg_g.o ps7_cortexa9_0/lib/xdevcfg_hw.o ps7_cortexa9_0/lib/xdevcfg_intr.o ps7_cortexa9_0/lib/xdev
TRACE::2026-07-26.18:40:29::SCWMssOS::cfg_selftest.o ps7_cortexa9_0/lib/xdevcfg_sinit.o ps7_cortexa9_0/lib/xdmaps.o ps7_cortexa9_0/lib/xdmaps_g.o ps7_cortexa9_0/lib/
TRACE::2026-07-26.18:40:29::SCWMssOS::xdmaps_hw.o ps7_cortexa9_0/lib/xdmaps_selftest.o ps7_cortexa9_0/lib/xdmaps_sinit.o ps7_cortexa9_0/lib/xgpiops.o ps7_cortexa9_0/
TRACE::2026-07-26.18:40:29::SCWMssOS::lib/xgpiops_g.o ps7_cortexa9_0/lib/xgpiops_hw.o ps7_cortexa9_0/lib/xgpiops_intr.o ps7_cortexa9_0/lib/xgpiops_selftest.o ps7_cor
TRACE::2026-07-26.18:40:29::SCWMssOS::texa9_0/lib/xgpiops_sinit.o ps7_cortexa9_0/lib/xil-crt0.o ps7_cortexa9_0/lib/xil_assert.o ps7_cortexa9_0/lib/xil_cache.o ps7_co
TRACE::2026-07-26.18:40:29::SCWMssOS::rtexa9_0/lib/xil_clocking.o ps7_cortexa9_0/lib/xil_exception.o ps7_cortexa9_0/lib/xil_mem.o ps7_cortexa9_0/lib/xil_misc_psreset
TRACE::2026-07-26.18:40:29::SCWMssOS::_api.o ps7_cortexa9_0/lib/xil_mmu.o ps7_cortexa9_0/lib/xil_printf.o ps7_cortexa9_0/lib/xil_sleepcommon.o ps7_cortexa9_0/lib/xil
TRACE::2026-07-26.18:40:29::SCWMssOS::_sleeptimer.o ps7_cortexa9_0/lib/xil_spinlock.o ps7_cortexa9_0/lib/xil_testcache.o ps7_cortexa9_0/lib/xil_testio.o ps7_cortexa9
TRACE::2026-07-26.18:40:29::SCWMssOS::_0/lib/xil_testmem.o ps7_cortexa9_0/lib/xil_util.o ps7_cortexa9_0/lib/xinterrupt_wrap.o ps7_cortexa9_0/lib/xl2cc_counter.o ps7_
TRACE::2026-07-26.18:40:29::SCWMssOS::cortexa9_0/lib/xplatform_info.o ps7_cortexa9_0/lib/xpm_counter.o ps7_cortexa9_0/lib/xqspips.o ps7_cortexa9_0/lib/xqspips_g.o ps
TRACE::2026-07-26.18:40:29::SCWMssOS::7_cortexa9_0/lib/xqspips_hw.o ps7_cortexa9_0/lib/xqspips_options.o ps7_cortexa9_0/lib/xqspips_selftest.o ps7_cortexa9_0/lib/xqs
TRACE::2026-07-26.18:40:29::SCWMssOS::pips_sinit.o ps7_cortexa9_0/lib/xscugic.o ps7_cortexa9_0/lib/xscugic_g.o ps7_cortexa9_0/lib/xscugic_hw.o ps7_cortexa9_0/lib/xsc
TRACE::2026-07-26.18:40:29::SCWMssOS::ugic_intr.o ps7_cortexa9_0/lib/xscugic_selftest.o ps7_cortexa9_0/lib/xscugic_sinit.o ps7_cortexa9_0/lib/xscutimer.o ps7_cortexa
TRACE::2026-07-26.18:40:29::SCWMssOS::9_0/lib/xscutimer_g.o ps7_cortexa9_0/lib/xscutimer_selftest.o ps7_cortexa9_0/lib/xscutimer_sinit.o ps7_cortexa9_0/lib/xscuwdt.o
TRACE::2026-07-26.18:40:29::SCWMssOS:: ps7_cortexa9_0/lib/xscuwdt_g.o ps7_cortexa9_0/lib/xscuwdt_selftest.o ps7_cortexa9_0/lib/xscuwdt_sinit.o ps7_cortexa9_0/lib/xsd
TRACE::2026-07-26.18:40:29::SCWMssOS::ps.o ps7_cortexa9_0/lib/xsdps_card.o ps7_cortexa9_0/lib/xsdps_g.o ps7_cortexa9_0/lib/xsdps_host.o ps7_cortexa9_0/lib/xsdps_opti
TRACE::2026-07-26.18:40:29::SCWMssOS::ons.o ps7_cortexa9_0/lib/xsdps_sinit.o ps7_cortexa9_0/lib/xspips.o ps7_cortexa9_0/lib/xspips_g.o ps7_cortexa9_0/lib/xspips_hw.o
TRACE::2026-07-26.18:40:29::SCWMssOS:: ps7_cortexa9_0/lib/xspips_options.o ps7_cortexa9_0/lib/xspips_selftest.o ps7_cortexa9_0/lib/xspips_sinit.o ps7_cortexa9_0/lib/
TRACE::2026-07-26.18:40:29::SCWMssOS::xtime_l.o ps7_cortexa9_0/lib/xuartps.o ps7_cortexa9_0/lib/xuartps_g.o ps7_cortexa9_0/lib/xuartps_hw.o ps7_cortexa9_0/lib/xuartp
TRACE::2026-07-26.18:40:29::SCWMssOS::s_intr.o ps7_cortexa9_0/lib/xuartps_options.o ps7_cortexa9_0/lib/xuartps_selftest.o ps7_cortexa9_0/lib/xuartps_sinit.o ps7_cort
TRACE::2026-07-26.18:40:29::SCWMssOS::exa9_0/lib/xusbps.o ps7_cortexa9_0/lib/xusbps_endpoint.o ps7_cortexa9_0/lib/xusbps_g.o ps7_cortexa9_0/lib/xusbps_hw.o ps7_corte
TRACE::2026-07-26.18:40:29::SCWMssOS::xa9_0/lib/xusbps_intr.o ps7_cortexa9_0/lib/xusbps_sinit.o

TRACE::2026-07-26.18:40:29::SCWMssOS::Finished building libraries

TRACE::2026-07-26.18:40:29::SCWMssOS::Copying to export directory.
TRACE::2026-07-26.18:40:29::SCWMssOS:: Checking if to create the Supporting Applications
TRACE::2026-07-26.18:40:29::SCWMssOS:: No Linux domain exists, trying to generate FSBL 
LOG::2026-07-26.18:40:29::SCWSystem::Completed Processing the domain standalone_domain
LOG::2026-07-26.18:40:29::SCWSystem::Completed Processing the sysconfig milestone2
LOG::2026-07-26.18:40:29::SCWPlatform::Completed generating the artifacts for system configuration milestone2
TRACE::2026-07-26.18:40:29::SCWPlatform::Started preparing the platform 
TRACE::2026-07-26.18:40:29::SCWSystem::Writing the bif file for system config milestone2
TRACE::2026-07-26.18:40:29::SCWSystem::dir created 
TRACE::2026-07-26.18:40:29::SCWSystem::Writing the bif 
TRACE::2026-07-26.18:40:29::SCWPlatform::Started writing the spfm file 
TRACE::2026-07-26.18:40:29::SCWPlatform::Started writing the xpfm file 
TRACE::2026-07-26.18:40:29::SCWPlatform::Completed generating the platform
TRACE::2026-07-26.18:40:29::SCWMssOS::Saving the mss changes /home/ran/Documents/uni/s10/asip_lab/vitis_ws/milestone2/zynq_fsbl/zynq_fsbl_bsp/system.mss
TRACE::2026-07-26.18:40:29::SCWMssOS::Found a swdesign opened with the mssfile.
TRACE::2026-07-26.18:40:29::SCWMssOS::Completed writemss as part of save.
TRACE::2026-07-26.18:40:29::SCWMssOS::Commit changes completed.
TRACE::2026-07-26.18:40:29::SCWMssOS::Saving the mss changes /home/ran/Documents/uni/s10/asip_lab/vitis_ws/milestone2/ps7_cortexa9_0/standalone_domain/bsp/system.mss
TRACE::2026-07-26.18:40:29::SCWMssOS::Found a swdesign opened with the mssfile.
TRACE::2026-07-26.18:40:29::SCWMssOS::Completed writemss as part of save.
TRACE::2026-07-26.18:40:29::SCWMssOS::Commit changes completed.
TRACE::2026-07-26.18:40:29::SCWPlatform::Trying to open the hw design at /home/ran/Documents/uni/s10/asip_lab/vitis_ws/milestone2/hw/design_1_wrapper.xsa
TRACE::2026-07-26.18:40:29::SCWPlatform::DSA given /home/ran/Documents/uni/s10/asip_lab/vitis_ws/milestone2/hw/design_1_wrapper.xsa
TRACE::2026-07-26.18:40:29::SCWPlatform::DSA absoulate path /home/ran/Documents/uni/s10/asip_lab/vitis_ws/milestone2/hw/design_1_wrapper.xsa
TRACE::2026-07-26.18:40:29::SCWPlatform::DSA directory /home/ran/Documents/uni/s10/asip_lab/vitis_ws/milestone2/hw
TRACE::2026-07-26.18:40:29::SCWPlatform:: Platform Path /home/ran/Documents/uni/s10/asip_lab/vitis_ws/milestone2/hw/design_1_wrapper.xsa
TRACE::2026-07-26.18:40:29::SCWPlatform:: Unique name xilinx:::0.0
TRACE::2026-07-26.18:40:29::SCWPlatform::Trying to set the existing hwdb with name design_1_wrapper_17
TRACE::2026-07-26.18:40:29::SCWPlatform::Opened existing hwdb design_1_wrapper_17
TRACE::2026-07-26.18:40:29::SCWPlatform::Found the Hw Db part of the input DSA
TRACE::2026-07-26.18:40:29::SCWMssOS::Checking the sw design at  /home/ran/Documents/uni/s10/asip_lab/vitis_ws/milestone2/zynq_fsbl/zynq_fsbl_bsp/system.mss
TRACE::2026-07-26.18:40:29::SCWMssOS::DEBUG:  swdes dump  /home/ran/Documents/uni/s10/asip_lab/vitis_ws/milestone2/ps7_cortexa9_0/standalone_domain/bsp/system.mss|system||
/home/ran/Documents/uni/s10/asip_lab/vitis_ws/milestone2/zynq_fsbl/zynq_fsbl_bsp/system.mss|system_0||

TRACE::2026-07-26.18:40:29::SCWMssOS::Sw design exists and opened at  /home/ran/Documents/uni/s10/asip_lab/vitis_ws/milestone2/zynq_fsbl/zynq_fsbl_bsp/system.mss
TRACE::2026-07-26.18:40:29::SCWPlatform::Trying to open the hw design at /home/ran/Documents/uni/s10/asip_lab/vitis_ws/milestone2/hw/design_1_wrapper.xsa
TRACE::2026-07-26.18:40:29::SCWPlatform::DSA given /home/ran/Documents/uni/s10/asip_lab/vitis_ws/milestone2/hw/design_1_wrapper.xsa
TRACE::2026-07-26.18:40:29::SCWPlatform::DSA absoulate path /home/ran/Documents/uni/s10/asip_lab/vitis_ws/milestone2/hw/design_1_wrapper.xsa
TRACE::2026-07-26.18:40:29::SCWPlatform::DSA directory /home/ran/Documents/uni/s10/asip_lab/vitis_ws/milestone2/hw
TRACE::2026-07-26.18:40:29::SCWPlatform:: Platform Path /home/ran/Documents/uni/s10/asip_lab/vitis_ws/milestone2/hw/design_1_wrapper.xsa
TRACE::2026-07-26.18:40:29::SCWPlatform:: Unique name xilinx:::0.0
TRACE::2026-07-26.18:40:29::SCWPlatform::Trying to set the existing hwdb with name design_1_wrapper_17
TRACE::2026-07-26.18:40:29::SCWPlatform::Opened existing hwdb design_1_wrapper_17
TRACE::2026-07-26.18:40:29::SCWPlatform::Found the Hw Db part of the input DSA
TRACE::2026-07-26.18:40:29::SCWMssOS::Checking the sw design at  /home/ran/Documents/uni/s10/asip_lab/vitis_ws/milestone2/ps7_cortexa9_0/standalone_domain/bsp/system.mss
TRACE::2026-07-26.18:40:29::SCWMssOS::DEBUG:  swdes dump  /home/ran/Documents/uni/s10/asip_lab/vitis_ws/milestone2/ps7_cortexa9_0/standalone_domain/bsp/system.mss|system||
/home/ran/Documents/uni/s10/asip_lab/vitis_ws/milestone2/zynq_fsbl/zynq_fsbl_bsp/system.mss|system_0||

TRACE::2026-07-26.18:40:29::SCWMssOS::Sw design exists and opened at  /home/ran/Documents/uni/s10/asip_lab/vitis_ws/milestone2/ps7_cortexa9_0/standalone_domain/bsp/system.mss
TRACE::2026-07-26.18:40:29::SCWWriter::formatted JSON is {
	"platformName":	"milestone2",
	"sprVersion":	"2.0",
	"mode":	"gui",
	"dsaType":	"Fixed",
	"platformDesc":	"milestone2",
	"platHandOff":	"/home/ran/Documents/uni/s10/asip_lab/final_project/design_1_wrapper.xsa",
	"platIntHandOff":	"<platformDir>/hw/design_1_wrapper.xsa",
	"deviceType":	"zynq",
	"platIsPrebuiltAutogen":	"false",
	"platIsNoBootBsp":	"false",
	"hasFsblMakeHasChanges":	"false",
	"hasPmufwMakeHasChanges":	"false",
	"fsblExtraCompilerFlags":	"-MMD -MP       -mcpu=cortex-a9 -mfpu=vfpv3 -mfloat-abi=hard ",
	"platPreBuiltFlag":	false,
	"platformSamplesDir":	"",
	"platActiveSys":	"milestone2",
	"systems":	[{
			"systemName":	"milestone2",
			"systemDesc":	"milestone2",
			"sysIsBootAutoGen":	"true",
			"systemDispName":	"milestone2",
			"sysActiveDom":	"standalone_domain",
			"sysDefaultDom":	"standalone_domain",
			"domains":	[{
					"domainName":	"zynq_fsbl",
					"domainDispName":	"zynq_fsbl",
					"domainDesc":	"FSBL Application BSP - Auto Generated.",
					"processors":	"ps7_cortexa9_0",
					"os":	"standalone",
					"sdxOs":	"standalone",
					"debugEnable":	"",
					"domRuntimes":	["cpp"],
					"swRepo":	"",
					"mssOsVer":	"8.0",
					"mssFile":	"",
					"md5Digest":	"5190a0a8ca228895166de3d006f5d4d11",
					"compatibleApp":	"zynq_fsbl",
					"domType":	"bootDomain",
					"arch":	"32-bit",
					"appSettings":	{
						"appCompilerFlags":	"",
						"appLinkerFlags":	""
					},
					"addedLibs":	["xilffs:4.8", "xilrsa:1.6"],
					"libOptions":	{
						"standalone":	{
							"stdin":	"ps7_coresight_comp_0",
							"stdout":	"ps7_coresight_comp_0",
							"libOptionNames":	["stdin", "stdout"]
						},
						"libsContainingOptions":	["standalone"]
					},
					"prebuiltLibs":	{
						"prebuiltIncPath":	[],
						"prebuiltLibPath":	[]
					},
					"isolation":	{
					}
				}, {
					"domainName":	"standalone_domain",
					"domainDispName":	"standalone on ps7_cortexa9_0",
					"domainDesc":	"standalone_domain",
					"processors":	"ps7_cortexa9_0",
					"os":	"standalone",
					"sdxOs":	"standalone",
					"qemuArgs":	"<platformDir>/resources/milestone2/standalone_domain/qemu_args.txt",
					"qemuData":	"<platformDir>/resources/milestone2/standalone_domain/qemu",
					"debugEnable":	"False",
					"domRuntimes":	["cpp"],
					"swRepo":	"",
					"mssOsVer":	"8.0",
					"mssFile":	"",
					"md5Digest":	"0f9451e655f6b11ff668fe04b39e5c50",
					"compatibleApp":	"",
					"domType":	"mssDomain",
					"appSettings":	{
						"appCompilerFlags":	"",
						"appLinkerFlags":	""
					},
					"addedLibs":	[],
					"libOptions":	{
						"standalone":	{
							"stdin":	"ps7_coresight_comp_0",
							"libOptionNames":	["stdin"]
						},
						"libsContainingOptions":	["standalone"]
					},
					"prebuiltLibs":	{
						"prebuiltIncPath":	[],
						"prebuiltLibPath":	[]
					},
					"isolation":	{
					}
				}]
		}]
}
KEYINFO::2026-07-26.18:40:29::SCWPlatform::updated the xpfm file.
TRACE::2026-07-26.18:40:29::SCWPlatform::Trying to open the hw design at /home/ran/Documents/uni/s10/asip_lab/vitis_ws/milestone2/hw/design_1_wrapper.xsa
TRACE::2026-07-26.18:40:29::SCWPlatform::DSA given /home/ran/Documents/uni/s10/asip_lab/vitis_ws/milestone2/hw/design_1_wrapper.xsa
TRACE::2026-07-26.18:40:29::SCWPlatform::DSA absoulate path /home/ran/Documents/uni/s10/asip_lab/vitis_ws/milestone2/hw/design_1_wrapper.xsa
TRACE::2026-07-26.18:40:29::SCWPlatform::DSA directory /home/ran/Documents/uni/s10/asip_lab/vitis_ws/milestone2/hw
TRACE::2026-07-26.18:40:29::SCWPlatform:: Platform Path /home/ran/Documents/uni/s10/asip_lab/vitis_ws/milestone2/hw/design_1_wrapper.xsa
TRACE::2026-07-26.18:40:29::SCWPlatform:: Unique name xilinx:::0.0
TRACE::2026-07-26.18:40:29::SCWPlatform::Trying to set the existing hwdb with name design_1_wrapper_17
TRACE::2026-07-26.18:40:29::SCWPlatform::Opened existing hwdb design_1_wrapper_17
TRACE::2026-07-26.18:40:29::SCWPlatform::Found the Hw Db part of the input DSA
TRACE::2026-07-26.18:40:29::SCWMssOS::Checking the sw design at  /home/ran/Documents/uni/s10/asip_lab/vitis_ws/milestone2/ps7_cortexa9_0/standalone_domain/bsp/system.mss
TRACE::2026-07-26.18:40:29::SCWMssOS::DEBUG:  swdes dump  /home/ran/Documents/uni/s10/asip_lab/vitis_ws/milestone2/ps7_cortexa9_0/standalone_domain/bsp/system.mss|system||
/home/ran/Documents/uni/s10/asip_lab/vitis_ws/milestone2/zynq_fsbl/zynq_fsbl_bsp/system.mss|system_0||

TRACE::2026-07-26.18:40:29::SCWMssOS::Sw design exists and opened at  /home/ran/Documents/uni/s10/asip_lab/vitis_ws/milestone2/ps7_cortexa9_0/standalone_domain/bsp/system.mss
TRACE::2026-07-26.18:41:41::SCWPlatform::Trying to open the hw design at /home/ran/Documents/uni/s10/asip_lab/vitis_ws/milestone2/hw/design_1_wrapper.xsa
TRACE::2026-07-26.18:41:41::SCWPlatform::DSA given /home/ran/Documents/uni/s10/asip_lab/vitis_ws/milestone2/hw/design_1_wrapper.xsa
TRACE::2026-07-26.18:41:41::SCWPlatform::DSA absoulate path /home/ran/Documents/uni/s10/asip_lab/vitis_ws/milestone2/hw/design_1_wrapper.xsa
TRACE::2026-07-26.18:41:41::SCWPlatform::DSA directory /home/ran/Documents/uni/s10/asip_lab/vitis_ws/milestone2/hw
TRACE::2026-07-26.18:41:41::SCWPlatform:: Platform Path /home/ran/Documents/uni/s10/asip_lab/vitis_ws/milestone2/hw/design_1_wrapper.xsa
TRACE::2026-07-26.18:41:41::SCWPlatform:: Unique name xilinx:::0.0
TRACE::2026-07-26.18:41:41::SCWPlatform::Trying to set the existing hwdb with name design_1_wrapper_17
TRACE::2026-07-26.18:41:41::SCWPlatform::Opened existing hwdb design_1_wrapper_17
TRACE::2026-07-26.18:41:41::SCWPlatform::Found the Hw Db part of the input DSA
TRACE::2026-07-26.18:41:41::SCWMssOS::Checking the sw design at  /home/ran/Documents/uni/s10/asip_lab/vitis_ws/milestone2/ps7_cortexa9_0/standalone_domain/bsp/system.mss
TRACE::2026-07-26.18:41:41::SCWMssOS::DEBUG:  swdes dump  /home/ran/Documents/uni/s10/asip_lab/vitis_ws/milestone2/ps7_cortexa9_0/standalone_domain/bsp/system.mss|system||
/home/ran/Documents/uni/s10/asip_lab/vitis_ws/milestone2/zynq_fsbl/zynq_fsbl_bsp/system.mss|system_0||

TRACE::2026-07-26.18:41:41::SCWMssOS::Sw design exists and opened at  /home/ran/Documents/uni/s10/asip_lab/vitis_ws/milestone2/ps7_cortexa9_0/standalone_domain/bsp/system.mss
TRACE::2026-07-26.18:41:51::SCWPlatform::Trying to open the hw design at /home/ran/Documents/uni/s10/asip_lab/vitis_ws/milestone2/hw/design_1_wrapper.xsa
TRACE::2026-07-26.18:41:51::SCWPlatform::DSA given /home/ran/Documents/uni/s10/asip_lab/vitis_ws/milestone2/hw/design_1_wrapper.xsa
TRACE::2026-07-26.18:41:51::SCWPlatform::DSA absoulate path /home/ran/Documents/uni/s10/asip_lab/vitis_ws/milestone2/hw/design_1_wrapper.xsa
TRACE::2026-07-26.18:41:51::SCWPlatform::DSA directory /home/ran/Documents/uni/s10/asip_lab/vitis_ws/milestone2/hw
TRACE::2026-07-26.18:41:51::SCWPlatform:: Platform Path /home/ran/Documents/uni/s10/asip_lab/vitis_ws/milestone2/hw/design_1_wrapper.xsa
TRACE::2026-07-26.18:41:51::SCWPlatform:: Unique name xilinx:::0.0
TRACE::2026-07-26.18:41:51::SCWPlatform::Trying to set the existing hwdb with name design_1_wrapper_17
TRACE::2026-07-26.18:41:51::SCWPlatform::Opened existing hwdb design_1_wrapper_17
TRACE::2026-07-26.18:41:51::SCWPlatform::Found the Hw Db part of the input DSA
TRACE::2026-07-26.18:41:51::SCWMssOS::Checking the sw design at  /home/ran/Documents/uni/s10/asip_lab/vitis_ws/milestone2/ps7_cortexa9_0/standalone_domain/bsp/system.mss
TRACE::2026-07-26.18:41:51::SCWMssOS::DEBUG:  swdes dump  /home/ran/Documents/uni/s10/asip_lab/vitis_ws/milestone2/ps7_cortexa9_0/standalone_domain/bsp/system.mss|system||
/home/ran/Documents/uni/s10/asip_lab/vitis_ws/milestone2/zynq_fsbl/zynq_fsbl_bsp/system.mss|system_0||

TRACE::2026-07-26.18:41:51::SCWMssOS::Sw design exists and opened at  /home/ran/Documents/uni/s10/asip_lab/vitis_ws/milestone2/ps7_cortexa9_0/standalone_domain/bsp/system.mss
TRACE::2026-07-26.18:41:51::SCWPlatform::Trying to open the hw design at /home/ran/Documents/uni/s10/asip_lab/vitis_ws/milestone2/hw/design_1_wrapper.xsa
TRACE::2026-07-26.18:41:51::SCWPlatform::DSA given /home/ran/Documents/uni/s10/asip_lab/vitis_ws/milestone2/hw/design_1_wrapper.xsa
TRACE::2026-07-26.18:41:51::SCWPlatform::DSA absoulate path /home/ran/Documents/uni/s10/asip_lab/vitis_ws/milestone2/hw/design_1_wrapper.xsa
TRACE::2026-07-26.18:41:51::SCWPlatform::DSA directory /home/ran/Documents/uni/s10/asip_lab/vitis_ws/milestone2/hw
TRACE::2026-07-26.18:41:51::SCWPlatform:: Platform Path /home/ran/Documents/uni/s10/asip_lab/vitis_ws/milestone2/hw/design_1_wrapper.xsa
TRACE::2026-07-26.18:41:51::SCWPlatform:: Unique name xilinx:::0.0
TRACE::2026-07-26.18:41:51::SCWPlatform::Trying to set the existing hwdb with name design_1_wrapper_17
TRACE::2026-07-26.18:41:51::SCWPlatform::Opened existing hwdb design_1_wrapper_17
TRACE::2026-07-26.18:41:51::SCWPlatform::Found the Hw Db part of the input DSA
TRACE::2026-07-26.18:41:51::SCWMssOS::Checking the sw design at  /home/ran/Documents/uni/s10/asip_lab/vitis_ws/milestone2/ps7_cortexa9_0/standalone_domain/bsp/system.mss
TRACE::2026-07-26.18:41:51::SCWMssOS::DEBUG:  swdes dump  /home/ran/Documents/uni/s10/asip_lab/vitis_ws/milestone2/ps7_cortexa9_0/standalone_domain/bsp/system.mss|system||
/home/ran/Documents/uni/s10/asip_lab/vitis_ws/milestone2/zynq_fsbl/zynq_fsbl_bsp/system.mss|system_0||

TRACE::2026-07-26.18:41:51::SCWMssOS::Sw design exists and opened at  /home/ran/Documents/uni/s10/asip_lab/vitis_ws/milestone2/ps7_cortexa9_0/standalone_domain/bsp/system.mss
TRACE::2026-07-26.18:41:51::SCWPlatform::Trying to open the hw design at /home/ran/Documents/uni/s10/asip_lab/vitis_ws/milestone2/hw/design_1_wrapper.xsa
TRACE::2026-07-26.18:41:51::SCWPlatform::DSA given /home/ran/Documents/uni/s10/asip_lab/vitis_ws/milestone2/hw/design_1_wrapper.xsa
TRACE::2026-07-26.18:41:51::SCWPlatform::DSA absoulate path /home/ran/Documents/uni/s10/asip_lab/vitis_ws/milestone2/hw/design_1_wrapper.xsa
TRACE::2026-07-26.18:41:51::SCWPlatform::DSA directory /home/ran/Documents/uni/s10/asip_lab/vitis_ws/milestone2/hw
TRACE::2026-07-26.18:41:51::SCWPlatform:: Platform Path /home/ran/Documents/uni/s10/asip_lab/vitis_ws/milestone2/hw/design_1_wrapper.xsa
TRACE::2026-07-26.18:41:51::SCWPlatform:: Unique name xilinx:::0.0
TRACE::2026-07-26.18:41:51::SCWPlatform::Trying to set the existing hwdb with name design_1_wrapper_17
TRACE::2026-07-26.18:41:51::SCWPlatform::Opened existing hwdb design_1_wrapper_17
TRACE::2026-07-26.18:41:51::SCWPlatform::Found the Hw Db part of the input DSA
TRACE::2026-07-26.18:41:51::SCWMssOS::Checking the sw design at  /home/ran/Documents/uni/s10/asip_lab/vitis_ws/milestone2/ps7_cortexa9_0/standalone_domain/bsp/system.mss
TRACE::2026-07-26.18:41:51::SCWMssOS::DEBUG:  swdes dump  /home/ran/Documents/uni/s10/asip_lab/vitis_ws/milestone2/ps7_cortexa9_0/standalone_domain/bsp/system.mss|system||
/home/ran/Documents/uni/s10/asip_lab/vitis_ws/milestone2/zynq_fsbl/zynq_fsbl_bsp/system.mss|system_0||

TRACE::2026-07-26.18:41:51::SCWMssOS::Sw design exists and opened at  /home/ran/Documents/uni/s10/asip_lab/vitis_ws/milestone2/ps7_cortexa9_0/standalone_domain/bsp/system.mss
TRACE::2026-07-26.18:41:51::SCWPlatform::Trying to open the hw design at /home/ran/Documents/uni/s10/asip_lab/vitis_ws/milestone2/hw/design_1_wrapper.xsa
TRACE::2026-07-26.18:41:51::SCWPlatform::DSA given /home/ran/Documents/uni/s10/asip_lab/vitis_ws/milestone2/hw/design_1_wrapper.xsa
TRACE::2026-07-26.18:41:51::SCWPlatform::DSA absoulate path /home/ran/Documents/uni/s10/asip_lab/vitis_ws/milestone2/hw/design_1_wrapper.xsa
TRACE::2026-07-26.18:41:51::SCWPlatform::DSA directory /home/ran/Documents/uni/s10/asip_lab/vitis_ws/milestone2/hw
TRACE::2026-07-26.18:41:51::SCWPlatform:: Platform Path /home/ran/Documents/uni/s10/asip_lab/vitis_ws/milestone2/hw/design_1_wrapper.xsa
TRACE::2026-07-26.18:41:51::SCWPlatform:: Unique name xilinx:::0.0
TRACE::2026-07-26.18:41:51::SCWPlatform::Trying to set the existing hwdb with name design_1_wrapper_17
TRACE::2026-07-26.18:41:51::SCWPlatform::Opened existing hwdb design_1_wrapper_17
TRACE::2026-07-26.18:41:51::SCWPlatform::Found the Hw Db part of the input DSA
TRACE::2026-07-26.18:41:51::SCWMssOS::Checking the sw design at  /home/ran/Documents/uni/s10/asip_lab/vitis_ws/milestone2/ps7_cortexa9_0/standalone_domain/bsp/system.mss
TRACE::2026-07-26.18:41:51::SCWMssOS::DEBUG:  swdes dump  /home/ran/Documents/uni/s10/asip_lab/vitis_ws/milestone2/ps7_cortexa9_0/standalone_domain/bsp/system.mss|system||
/home/ran/Documents/uni/s10/asip_lab/vitis_ws/milestone2/zynq_fsbl/zynq_fsbl_bsp/system.mss|system_0||

TRACE::2026-07-26.18:41:51::SCWMssOS::Sw design exists and opened at  /home/ran/Documents/uni/s10/asip_lab/vitis_ws/milestone2/ps7_cortexa9_0/standalone_domain/bsp/system.mss
TRACE::2026-07-26.18:41:51::SCWPlatform::Trying to open the hw design at /home/ran/Documents/uni/s10/asip_lab/vitis_ws/milestone2/hw/design_1_wrapper.xsa
TRACE::2026-07-26.18:41:51::SCWPlatform::DSA given /home/ran/Documents/uni/s10/asip_lab/vitis_ws/milestone2/hw/design_1_wrapper.xsa
TRACE::2026-07-26.18:41:51::SCWPlatform::DSA absoulate path /home/ran/Documents/uni/s10/asip_lab/vitis_ws/milestone2/hw/design_1_wrapper.xsa
TRACE::2026-07-26.18:41:51::SCWPlatform::DSA directory /home/ran/Documents/uni/s10/asip_lab/vitis_ws/milestone2/hw
TRACE::2026-07-26.18:41:51::SCWPlatform:: Platform Path /home/ran/Documents/uni/s10/asip_lab/vitis_ws/milestone2/hw/design_1_wrapper.xsa
TRACE::2026-07-26.18:41:51::SCWPlatform:: Unique name xilinx:::0.0
TRACE::2026-07-26.18:41:51::SCWPlatform::Trying to set the existing hwdb with name design_1_wrapper_17
TRACE::2026-07-26.18:41:51::SCWPlatform::Opened existing hwdb design_1_wrapper_17
TRACE::2026-07-26.18:41:51::SCWPlatform::Found the Hw Db part of the input DSA
TRACE::2026-07-26.18:41:51::SCWMssOS::Checking the sw design at  /home/ran/Documents/uni/s10/asip_lab/vitis_ws/milestone2/ps7_cortexa9_0/standalone_domain/bsp/system.mss
TRACE::2026-07-26.18:41:51::SCWMssOS::DEBUG:  swdes dump  /home/ran/Documents/uni/s10/asip_lab/vitis_ws/milestone2/ps7_cortexa9_0/standalone_domain/bsp/system.mss|system||
/home/ran/Documents/uni/s10/asip_lab/vitis_ws/milestone2/zynq_fsbl/zynq_fsbl_bsp/system.mss|system_0||

TRACE::2026-07-26.18:41:51::SCWMssOS::Sw design exists and opened at  /home/ran/Documents/uni/s10/asip_lab/vitis_ws/milestone2/ps7_cortexa9_0/standalone_domain/bsp/system.mss
TRACE::2026-07-26.18:41:51::SCWMssOS::Saving the mss changes /home/ran/Documents/uni/s10/asip_lab/vitis_ws/milestone2/zynq_fsbl/zynq_fsbl_bsp/system.mss
TRACE::2026-07-26.18:41:51::SCWMssOS::Found a swdesign opened with the mssfile.
TRACE::2026-07-26.18:41:51::SCWMssOS::Completed writemss as part of save.
TRACE::2026-07-26.18:41:51::SCWMssOS::Commit changes completed.
TRACE::2026-07-26.18:41:51::SCWMssOS::Saving the mss changes /home/ran/Documents/uni/s10/asip_lab/vitis_ws/milestone2/ps7_cortexa9_0/standalone_domain/bsp/system.mss
TRACE::2026-07-26.18:41:51::SCWMssOS::Found a swdesign opened with the mssfile.
TRACE::2026-07-26.18:41:51::SCWMssOS::Completed writemss as part of save.
TRACE::2026-07-26.18:41:51::SCWMssOS::Commit changes completed.
TRACE::2026-07-26.18:41:51::SCWPlatform::Trying to open the hw design at /home/ran/Documents/uni/s10/asip_lab/vitis_ws/milestone2/hw/design_1_wrapper.xsa
TRACE::2026-07-26.18:41:51::SCWPlatform::DSA given /home/ran/Documents/uni/s10/asip_lab/vitis_ws/milestone2/hw/design_1_wrapper.xsa
TRACE::2026-07-26.18:41:51::SCWPlatform::DSA absoulate path /home/ran/Documents/uni/s10/asip_lab/vitis_ws/milestone2/hw/design_1_wrapper.xsa
TRACE::2026-07-26.18:41:51::SCWPlatform::DSA directory /home/ran/Documents/uni/s10/asip_lab/vitis_ws/milestone2/hw
TRACE::2026-07-26.18:41:51::SCWPlatform:: Platform Path /home/ran/Documents/uni/s10/asip_lab/vitis_ws/milestone2/hw/design_1_wrapper.xsa
TRACE::2026-07-26.18:41:51::SCWPlatform:: Unique name xilinx:::0.0
TRACE::2026-07-26.18:41:51::SCWPlatform::Trying to set the existing hwdb with name design_1_wrapper_17
TRACE::2026-07-26.18:41:51::SCWPlatform::Opened existing hwdb design_1_wrapper_17
TRACE::2026-07-26.18:41:51::SCWPlatform::Found the Hw Db part of the input DSA
TRACE::2026-07-26.18:41:51::SCWMssOS::Checking the sw design at  /home/ran/Documents/uni/s10/asip_lab/vitis_ws/milestone2/zynq_fsbl/zynq_fsbl_bsp/system.mss
TRACE::2026-07-26.18:41:51::SCWMssOS::DEBUG:  swdes dump  /home/ran/Documents/uni/s10/asip_lab/vitis_ws/milestone2/ps7_cortexa9_0/standalone_domain/bsp/system.mss|system||
/home/ran/Documents/uni/s10/asip_lab/vitis_ws/milestone2/zynq_fsbl/zynq_fsbl_bsp/system.mss|system_0||

TRACE::2026-07-26.18:41:51::SCWMssOS::Sw design exists and opened at  /home/ran/Documents/uni/s10/asip_lab/vitis_ws/milestone2/zynq_fsbl/zynq_fsbl_bsp/system.mss
TRACE::2026-07-26.18:41:51::SCWPlatform::Trying to open the hw design at /home/ran/Documents/uni/s10/asip_lab/vitis_ws/milestone2/hw/design_1_wrapper.xsa
TRACE::2026-07-26.18:41:51::SCWPlatform::DSA given /home/ran/Documents/uni/s10/asip_lab/vitis_ws/milestone2/hw/design_1_wrapper.xsa
TRACE::2026-07-26.18:41:51::SCWPlatform::DSA absoulate path /home/ran/Documents/uni/s10/asip_lab/vitis_ws/milestone2/hw/design_1_wrapper.xsa
TRACE::2026-07-26.18:41:51::SCWPlatform::DSA directory /home/ran/Documents/uni/s10/asip_lab/vitis_ws/milestone2/hw
TRACE::2026-07-26.18:41:51::SCWPlatform:: Platform Path /home/ran/Documents/uni/s10/asip_lab/vitis_ws/milestone2/hw/design_1_wrapper.xsa
TRACE::2026-07-26.18:41:51::SCWPlatform:: Unique name xilinx:::0.0
TRACE::2026-07-26.18:41:51::SCWPlatform::Trying to set the existing hwdb with name design_1_wrapper_17
TRACE::2026-07-26.18:41:51::SCWPlatform::Opened existing hwdb design_1_wrapper_17
TRACE::2026-07-26.18:41:51::SCWPlatform::Found the Hw Db part of the input DSA
TRACE::2026-07-26.18:41:51::SCWMssOS::Checking the sw design at  /home/ran/Documents/uni/s10/asip_lab/vitis_ws/milestone2/ps7_cortexa9_0/standalone_domain/bsp/system.mss
TRACE::2026-07-26.18:41:51::SCWMssOS::DEBUG:  swdes dump  /home/ran/Documents/uni/s10/asip_lab/vitis_ws/milestone2/ps7_cortexa9_0/standalone_domain/bsp/system.mss|system||
/home/ran/Documents/uni/s10/asip_lab/vitis_ws/milestone2/zynq_fsbl/zynq_fsbl_bsp/system.mss|system_0||

TRACE::2026-07-26.18:41:51::SCWMssOS::Sw design exists and opened at  /home/ran/Documents/uni/s10/asip_lab/vitis_ws/milestone2/ps7_cortexa9_0/standalone_domain/bsp/system.mss
TRACE::2026-07-26.18:41:51::SCWWriter::formatted JSON is {
	"platformName":	"milestone2",
	"sprVersion":	"2.0",
	"mode":	"gui",
	"dsaType":	"Fixed",
	"platformDesc":	"milestone2",
	"platHandOff":	"/home/ran/Documents/uni/s10/asip_lab/final_project/design_1_wrapper.xsa",
	"platIntHandOff":	"<platformDir>/hw/design_1_wrapper.xsa",
	"deviceType":	"zynq",
	"platIsPrebuiltAutogen":	"false",
	"platIsNoBootBsp":	"false",
	"hasFsblMakeHasChanges":	"false",
	"hasPmufwMakeHasChanges":	"false",
	"fsblExtraCompilerFlags":	"-MMD -MP       -mcpu=cortex-a9 -mfpu=vfpv3 -mfloat-abi=hard ",
	"platPreBuiltFlag":	false,
	"platformSamplesDir":	"",
	"platActiveSys":	"milestone2",
	"systems":	[{
			"systemName":	"milestone2",
			"systemDesc":	"milestone2",
			"sysIsBootAutoGen":	"true",
			"systemDispName":	"milestone2",
			"sysActiveDom":	"standalone_domain",
			"sysDefaultDom":	"standalone_domain",
			"domains":	[{
					"domainName":	"zynq_fsbl",
					"domainDispName":	"zynq_fsbl",
					"domainDesc":	"FSBL Application BSP - Auto Generated.",
					"processors":	"ps7_cortexa9_0",
					"os":	"standalone",
					"sdxOs":	"standalone",
					"debugEnable":	"",
					"domRuntimes":	["cpp"],
					"swRepo":	"",
					"mssOsVer":	"8.0",
					"mssFile":	"",
					"md5Digest":	"5190a0a8ca228895166de3d006f5d4d11",
					"compatibleApp":	"zynq_fsbl",
					"domType":	"bootDomain",
					"arch":	"32-bit",
					"appSettings":	{
						"appCompilerFlags":	"",
						"appLinkerFlags":	""
					},
					"addedLibs":	["xilffs:4.8", "xilrsa:1.6"],
					"libOptions":	{
						"standalone":	{
							"stdin":	"ps7_coresight_comp_0",
							"stdout":	"ps7_coresight_comp_0",
							"libOptionNames":	["stdin", "stdout"]
						},
						"libsContainingOptions":	["standalone"]
					},
					"prebuiltLibs":	{
						"prebuiltIncPath":	[],
						"prebuiltLibPath":	[]
					},
					"isolation":	{
					}
				}, {
					"domainName":	"standalone_domain",
					"domainDispName":	"standalone on ps7_cortexa9_0",
					"domainDesc":	"standalone_domain",
					"processors":	"ps7_cortexa9_0",
					"os":	"standalone",
					"sdxOs":	"standalone",
					"qemuArgs":	"<platformDir>/resources/milestone2/standalone_domain/qemu_args.txt",
					"qemuData":	"<platformDir>/resources/milestone2/standalone_domain/qemu",
					"debugEnable":	"False",
					"domRuntimes":	["cpp"],
					"swRepo":	"",
					"mssOsVer":	"8.0",
					"mssFile":	"",
					"md5Digest":	"0f9451e655f6b11ff668fe04b39e5c50",
					"compatibleApp":	"",
					"domType":	"mssDomain",
					"appSettings":	{
						"appCompilerFlags":	"",
						"appLinkerFlags":	""
					},
					"addedLibs":	[],
					"libOptions":	{
						"standalone":	{
							"stdin":	"ps7_coresight_comp_0",
							"stdout":	"ps7_coresight_comp_0",
							"libOptionNames":	["stdin", "stdout"]
						},
						"libsContainingOptions":	["standalone"]
					},
					"prebuiltLibs":	{
						"prebuiltIncPath":	[],
						"prebuiltLibPath":	[]
					},
					"isolation":	{
					}
				}]
		}]
}
TRACE::2026-07-26.18:41:51::SCWMssOS::Saving the mss changes /home/ran/Documents/uni/s10/asip_lab/vitis_ws/milestone2/ps7_cortexa9_0/standalone_domain/bsp/system.mss
TRACE::2026-07-26.18:41:51::SCWMssOS::Found a swdesign opened with the mssfile.
TRACE::2026-07-26.18:41:51::SCWMssOS::Completed writemss as part of save.
TRACE::2026-07-26.18:41:51::SCWMssOS::Commit changes completed.
TRACE::2026-07-26.18:41:51::SCWPlatform::Trying to open the hw design at /home/ran/Documents/uni/s10/asip_lab/vitis_ws/milestone2/hw/design_1_wrapper.xsa
TRACE::2026-07-26.18:41:51::SCWPlatform::DSA given /home/ran/Documents/uni/s10/asip_lab/vitis_ws/milestone2/hw/design_1_wrapper.xsa
TRACE::2026-07-26.18:41:51::SCWPlatform::DSA absoulate path /home/ran/Documents/uni/s10/asip_lab/vitis_ws/milestone2/hw/design_1_wrapper.xsa
TRACE::2026-07-26.18:41:51::SCWPlatform::DSA directory /home/ran/Documents/uni/s10/asip_lab/vitis_ws/milestone2/hw
TRACE::2026-07-26.18:41:51::SCWPlatform:: Platform Path /home/ran/Documents/uni/s10/asip_lab/vitis_ws/milestone2/hw/design_1_wrapper.xsa
TRACE::2026-07-26.18:41:51::SCWPlatform:: Unique name xilinx:::0.0
TRACE::2026-07-26.18:41:51::SCWPlatform::Trying to set the existing hwdb with name design_1_wrapper_17
TRACE::2026-07-26.18:41:51::SCWPlatform::Opened existing hwdb design_1_wrapper_17
TRACE::2026-07-26.18:41:51::SCWPlatform::Found the Hw Db part of the input DSA
TRACE::2026-07-26.18:41:51::SCWMssOS::Checking the sw design at  /home/ran/Documents/uni/s10/asip_lab/vitis_ws/milestone2/ps7_cortexa9_0/standalone_domain/bsp/system.mss
TRACE::2026-07-26.18:41:51::SCWMssOS::DEBUG:  swdes dump  /home/ran/Documents/uni/s10/asip_lab/vitis_ws/milestone2/ps7_cortexa9_0/standalone_domain/bsp/system.mss|system||
/home/ran/Documents/uni/s10/asip_lab/vitis_ws/milestone2/zynq_fsbl/zynq_fsbl_bsp/system.mss|system_0||

TRACE::2026-07-26.18:41:51::SCWMssOS::Sw design exists and opened at  /home/ran/Documents/uni/s10/asip_lab/vitis_ws/milestone2/ps7_cortexa9_0/standalone_domain/bsp/system.mss
TRACE::2026-07-26.18:41:51::SCWMssOS::Removing the swdes entry for  /home/ran/Documents/uni/s10/asip_lab/vitis_ws/milestone2/ps7_cortexa9_0/standalone_domain/bsp/system.mss
TRACE::2026-07-26.18:41:51::SCWMssOS::In reload Mss file.
TRACE::2026-07-26.18:41:51::SCWPlatform::Trying to open the hw design at /home/ran/Documents/uni/s10/asip_lab/vitis_ws/milestone2/hw/design_1_wrapper.xsa
TRACE::2026-07-26.18:41:51::SCWPlatform::DSA given /home/ran/Documents/uni/s10/asip_lab/vitis_ws/milestone2/hw/design_1_wrapper.xsa
TRACE::2026-07-26.18:41:51::SCWPlatform::DSA absoulate path /home/ran/Documents/uni/s10/asip_lab/vitis_ws/milestone2/hw/design_1_wrapper.xsa
TRACE::2026-07-26.18:41:51::SCWPlatform::DSA directory /home/ran/Documents/uni/s10/asip_lab/vitis_ws/milestone2/hw
TRACE::2026-07-26.18:41:51::SCWPlatform:: Platform Path /home/ran/Documents/uni/s10/asip_lab/vitis_ws/milestone2/hw/design_1_wrapper.xsa
TRACE::2026-07-26.18:41:51::SCWPlatform:: Unique name xilinx:::0.0
TRACE::2026-07-26.18:41:51::SCWPlatform::Trying to set the existing hwdb with name design_1_wrapper_17
TRACE::2026-07-26.18:41:51::SCWPlatform::Opened existing hwdb design_1_wrapper_17
TRACE::2026-07-26.18:41:51::SCWPlatform::Found the Hw Db part of the input DSA
TRACE::2026-07-26.18:41:51::SCWMssOS::Checking the sw design at  /home/ran/Documents/uni/s10/asip_lab/vitis_ws/milestone2/ps7_cortexa9_0/standalone_domain/bsp/system.mss
TRACE::2026-07-26.18:41:51::SCWMssOS::DEBUG:  swdes dump  /home/ran/Documents/uni/s10/asip_lab/vitis_ws/milestone2/zynq_fsbl/zynq_fsbl_bsp/system.mss|system_0||

TRACE::2026-07-26.18:41:51::SCWMssOS::No sw design opened at  /home/ran/Documents/uni/s10/asip_lab/vitis_ws/milestone2/ps7_cortexa9_0/standalone_domain/bsp/system.mss
TRACE::2026-07-26.18:41:51::SCWMssOS::mss exists loading the mss file  /home/ran/Documents/uni/s10/asip_lab/vitis_ws/milestone2/ps7_cortexa9_0/standalone_domain/bsp/system.mss
TRACE::2026-07-26.18:41:51::SCWMssOS::Opened the sw design from mss  /home/ran/Documents/uni/s10/asip_lab/vitis_ws/milestone2/ps7_cortexa9_0/standalone_domain/bsp/system.mss
TRACE::2026-07-26.18:41:51::SCWMssOS::Adding the swdes entry /home/ran/Documents/uni/s10/asip_lab/vitis_ws/milestone2/ps7_cortexa9_0/standalone_domain/bsp/system.mss with des name system
TRACE::2026-07-26.18:41:51::SCWMssOS::updating the scw layer about changes
TRACE::2026-07-26.18:41:52::SCWMssOS::Opened the sw design.  /home/ran/Documents/uni/s10/asip_lab/vitis_ws/milestone2/ps7_cortexa9_0/standalone_domain/bsp/system.mss
TRACE::2026-07-26.18:41:52::SCWPlatform::Trying to open the hw design at /home/ran/Documents/uni/s10/asip_lab/vitis_ws/milestone2/hw/design_1_wrapper.xsa
TRACE::2026-07-26.18:41:52::SCWPlatform::DSA given /home/ran/Documents/uni/s10/asip_lab/vitis_ws/milestone2/hw/design_1_wrapper.xsa
TRACE::2026-07-26.18:41:52::SCWPlatform::DSA absoulate path /home/ran/Documents/uni/s10/asip_lab/vitis_ws/milestone2/hw/design_1_wrapper.xsa
TRACE::2026-07-26.18:41:52::SCWPlatform::DSA directory /home/ran/Documents/uni/s10/asip_lab/vitis_ws/milestone2/hw
TRACE::2026-07-26.18:41:52::SCWPlatform:: Platform Path /home/ran/Documents/uni/s10/asip_lab/vitis_ws/milestone2/hw/design_1_wrapper.xsa
TRACE::2026-07-26.18:41:52::SCWPlatform:: Unique name xilinx:::0.0
TRACE::2026-07-26.18:41:52::SCWPlatform::Trying to set the existing hwdb with name design_1_wrapper_17
TRACE::2026-07-26.18:41:52::SCWPlatform::Opened existing hwdb design_1_wrapper_17
TRACE::2026-07-26.18:41:52::SCWPlatform::Found the Hw Db part of the input DSA
TRACE::2026-07-26.18:41:52::SCWMssOS::Checking the sw design at  /home/ran/Documents/uni/s10/asip_lab/vitis_ws/milestone2/ps7_cortexa9_0/standalone_domain/bsp/system.mss
TRACE::2026-07-26.18:41:52::SCWMssOS::DEBUG:  swdes dump  /home/ran/Documents/uni/s10/asip_lab/vitis_ws/milestone2/ps7_cortexa9_0/standalone_domain/bsp/system.mss|system||
/home/ran/Documents/uni/s10/asip_lab/vitis_ws/milestone2/zynq_fsbl/zynq_fsbl_bsp/system.mss|system_0||

TRACE::2026-07-26.18:41:52::SCWMssOS::Sw design exists and opened at  /home/ran/Documents/uni/s10/asip_lab/vitis_ws/milestone2/ps7_cortexa9_0/standalone_domain/bsp/system.mss
TRACE::2026-07-26.18:41:52::SCWPlatform::Trying to open the hw design at /home/ran/Documents/uni/s10/asip_lab/vitis_ws/milestone2/hw/design_1_wrapper.xsa
TRACE::2026-07-26.18:41:52::SCWPlatform::DSA given /home/ran/Documents/uni/s10/asip_lab/vitis_ws/milestone2/hw/design_1_wrapper.xsa
TRACE::2026-07-26.18:41:52::SCWPlatform::DSA absoulate path /home/ran/Documents/uni/s10/asip_lab/vitis_ws/milestone2/hw/design_1_wrapper.xsa
TRACE::2026-07-26.18:41:52::SCWPlatform::DSA directory /home/ran/Documents/uni/s10/asip_lab/vitis_ws/milestone2/hw
TRACE::2026-07-26.18:41:52::SCWPlatform:: Platform Path /home/ran/Documents/uni/s10/asip_lab/vitis_ws/milestone2/hw/design_1_wrapper.xsa
TRACE::2026-07-26.18:41:52::SCWPlatform:: Unique name xilinx:::0.0
TRACE::2026-07-26.18:41:52::SCWPlatform::Trying to set the existing hwdb with name design_1_wrapper_17
TRACE::2026-07-26.18:41:52::SCWPlatform::Opened existing hwdb design_1_wrapper_17
TRACE::2026-07-26.18:41:52::SCWPlatform::Found the Hw Db part of the input DSA
TRACE::2026-07-26.18:41:52::SCWMssOS::Checking the sw design at  /home/ran/Documents/uni/s10/asip_lab/vitis_ws/milestone2/ps7_cortexa9_0/standalone_domain/bsp/system.mss
TRACE::2026-07-26.18:41:52::SCWMssOS::DEBUG:  swdes dump  /home/ran/Documents/uni/s10/asip_lab/vitis_ws/milestone2/ps7_cortexa9_0/standalone_domain/bsp/system.mss|system||
/home/ran/Documents/uni/s10/asip_lab/vitis_ws/milestone2/zynq_fsbl/zynq_fsbl_bsp/system.mss|system_0||

TRACE::2026-07-26.18:41:52::SCWMssOS::Sw design exists and opened at  /home/ran/Documents/uni/s10/asip_lab/vitis_ws/milestone2/ps7_cortexa9_0/standalone_domain/bsp/system.mss
TRACE::2026-07-26.18:41:52::SCWPlatform::Trying to open the hw design at /home/ran/Documents/uni/s10/asip_lab/vitis_ws/milestone2/hw/design_1_wrapper.xsa
TRACE::2026-07-26.18:41:52::SCWPlatform::DSA given /home/ran/Documents/uni/s10/asip_lab/vitis_ws/milestone2/hw/design_1_wrapper.xsa
TRACE::2026-07-26.18:41:52::SCWPlatform::DSA absoulate path /home/ran/Documents/uni/s10/asip_lab/vitis_ws/milestone2/hw/design_1_wrapper.xsa
TRACE::2026-07-26.18:41:52::SCWPlatform::DSA directory /home/ran/Documents/uni/s10/asip_lab/vitis_ws/milestone2/hw
TRACE::2026-07-26.18:41:52::SCWPlatform:: Platform Path /home/ran/Documents/uni/s10/asip_lab/vitis_ws/milestone2/hw/design_1_wrapper.xsa
TRACE::2026-07-26.18:41:52::SCWPlatform:: Unique name xilinx:::0.0
TRACE::2026-07-26.18:41:52::SCWPlatform::Trying to set the existing hwdb with name design_1_wrapper_17
TRACE::2026-07-26.18:41:52::SCWPlatform::Opened existing hwdb design_1_wrapper_17
TRACE::2026-07-26.18:41:52::SCWPlatform::Found the Hw Db part of the input DSA
TRACE::2026-07-26.18:41:52::SCWMssOS::Checking the sw design at  /home/ran/Documents/uni/s10/asip_lab/vitis_ws/milestone2/ps7_cortexa9_0/standalone_domain/bsp/system.mss
TRACE::2026-07-26.18:41:52::SCWMssOS::DEBUG:  swdes dump  /home/ran/Documents/uni/s10/asip_lab/vitis_ws/milestone2/ps7_cortexa9_0/standalone_domain/bsp/system.mss|system||
/home/ran/Documents/uni/s10/asip_lab/vitis_ws/milestone2/zynq_fsbl/zynq_fsbl_bsp/system.mss|system_0||

TRACE::2026-07-26.18:41:52::SCWMssOS::Sw design exists and opened at  /home/ran/Documents/uni/s10/asip_lab/vitis_ws/milestone2/ps7_cortexa9_0/standalone_domain/bsp/system.mss
TRACE::2026-07-26.18:41:52::SCWPlatform::Trying to open the hw design at /home/ran/Documents/uni/s10/asip_lab/vitis_ws/milestone2/hw/design_1_wrapper.xsa
TRACE::2026-07-26.18:41:52::SCWPlatform::DSA given /home/ran/Documents/uni/s10/asip_lab/vitis_ws/milestone2/hw/design_1_wrapper.xsa
TRACE::2026-07-26.18:41:52::SCWPlatform::DSA absoulate path /home/ran/Documents/uni/s10/asip_lab/vitis_ws/milestone2/hw/design_1_wrapper.xsa
TRACE::2026-07-26.18:41:52::SCWPlatform::DSA directory /home/ran/Documents/uni/s10/asip_lab/vitis_ws/milestone2/hw
TRACE::2026-07-26.18:41:52::SCWPlatform:: Platform Path /home/ran/Documents/uni/s10/asip_lab/vitis_ws/milestone2/hw/design_1_wrapper.xsa
TRACE::2026-07-26.18:41:52::SCWPlatform:: Unique name xilinx:::0.0
TRACE::2026-07-26.18:41:52::SCWPlatform::Trying to set the existing hwdb with name design_1_wrapper_17
TRACE::2026-07-26.18:41:52::SCWPlatform::Opened existing hwdb design_1_wrapper_17
TRACE::2026-07-26.18:41:52::SCWPlatform::Found the Hw Db part of the input DSA
TRACE::2026-07-26.18:41:52::SCWMssOS::Checking the sw design at  /home/ran/Documents/uni/s10/asip_lab/vitis_ws/milestone2/ps7_cortexa9_0/standalone_domain/bsp/system.mss
TRACE::2026-07-26.18:41:52::SCWMssOS::DEBUG:  swdes dump  /home/ran/Documents/uni/s10/asip_lab/vitis_ws/milestone2/ps7_cortexa9_0/standalone_domain/bsp/system.mss|system||
/home/ran/Documents/uni/s10/asip_lab/vitis_ws/milestone2/zynq_fsbl/zynq_fsbl_bsp/system.mss|system_0||

TRACE::2026-07-26.18:41:52::SCWMssOS::Sw design exists and opened at  /home/ran/Documents/uni/s10/asip_lab/vitis_ws/milestone2/ps7_cortexa9_0/standalone_domain/bsp/system.mss
TRACE::2026-07-26.18:41:52::SCWMssOS::Saving the mss changes /home/ran/Documents/uni/s10/asip_lab/vitis_ws/milestone2/ps7_cortexa9_0/standalone_domain/bsp/system.mss
TRACE::2026-07-26.18:41:52::SCWMssOS::Found a swdesign opened with the mssfile.
TRACE::2026-07-26.18:41:52::SCWMssOS::Completed writemss as part of save.
TRACE::2026-07-26.18:41:52::SCWMssOS::Commit changes completed.
TRACE::2026-07-26.18:41:52::SCWPlatform::Trying to open the hw design at /home/ran/Documents/uni/s10/asip_lab/vitis_ws/milestone2/hw/design_1_wrapper.xsa
TRACE::2026-07-26.18:41:52::SCWPlatform::DSA given /home/ran/Documents/uni/s10/asip_lab/vitis_ws/milestone2/hw/design_1_wrapper.xsa
TRACE::2026-07-26.18:41:52::SCWPlatform::DSA absoulate path /home/ran/Documents/uni/s10/asip_lab/vitis_ws/milestone2/hw/design_1_wrapper.xsa
TRACE::2026-07-26.18:41:52::SCWPlatform::DSA directory /home/ran/Documents/uni/s10/asip_lab/vitis_ws/milestone2/hw
TRACE::2026-07-26.18:41:52::SCWPlatform:: Platform Path /home/ran/Documents/uni/s10/asip_lab/vitis_ws/milestone2/hw/design_1_wrapper.xsa
TRACE::2026-07-26.18:41:52::SCWPlatform:: Unique name xilinx:::0.0
TRACE::2026-07-26.18:41:52::SCWPlatform::Trying to set the existing hwdb with name design_1_wrapper_17
TRACE::2026-07-26.18:41:52::SCWPlatform::Opened existing hwdb design_1_wrapper_17
TRACE::2026-07-26.18:41:52::SCWPlatform::Found the Hw Db part of the input DSA
TRACE::2026-07-26.18:41:52::SCWMssOS::Checking the sw design at  /home/ran/Documents/uni/s10/asip_lab/vitis_ws/milestone2/ps7_cortexa9_0/standalone_domain/bsp/system.mss
TRACE::2026-07-26.18:41:52::SCWMssOS::DEBUG:  swdes dump  /home/ran/Documents/uni/s10/asip_lab/vitis_ws/milestone2/ps7_cortexa9_0/standalone_domain/bsp/system.mss|system||
/home/ran/Documents/uni/s10/asip_lab/vitis_ws/milestone2/zynq_fsbl/zynq_fsbl_bsp/system.mss|system_0||

TRACE::2026-07-26.18:41:52::SCWMssOS::Sw design exists and opened at  /home/ran/Documents/uni/s10/asip_lab/vitis_ws/milestone2/ps7_cortexa9_0/standalone_domain/bsp/system.mss
TRACE::2026-07-26.18:41:52::SCWMssOS::Removing the swdes entry for  /home/ran/Documents/uni/s10/asip_lab/vitis_ws/milestone2/ps7_cortexa9_0/standalone_domain/bsp/system.mss
TRACE::2026-07-26.18:41:52::SCWPlatform::Trying to open the hw design at /home/ran/Documents/uni/s10/asip_lab/vitis_ws/milestone2/hw/design_1_wrapper.xsa
TRACE::2026-07-26.18:41:52::SCWPlatform::DSA given /home/ran/Documents/uni/s10/asip_lab/vitis_ws/milestone2/hw/design_1_wrapper.xsa
TRACE::2026-07-26.18:41:52::SCWPlatform::DSA absoulate path /home/ran/Documents/uni/s10/asip_lab/vitis_ws/milestone2/hw/design_1_wrapper.xsa
TRACE::2026-07-26.18:41:52::SCWPlatform::DSA directory /home/ran/Documents/uni/s10/asip_lab/vitis_ws/milestone2/hw
TRACE::2026-07-26.18:41:52::SCWPlatform:: Platform Path /home/ran/Documents/uni/s10/asip_lab/vitis_ws/milestone2/hw/design_1_wrapper.xsa
TRACE::2026-07-26.18:41:52::SCWPlatform:: Unique name xilinx:::0.0
TRACE::2026-07-26.18:41:52::SCWPlatform::Trying to set the existing hwdb with name design_1_wrapper_17
TRACE::2026-07-26.18:41:52::SCWPlatform::Opened existing hwdb design_1_wrapper_17
TRACE::2026-07-26.18:41:52::SCWPlatform::Found the Hw Db part of the input DSA
TRACE::2026-07-26.18:41:52::SCWMssOS::Checking the sw design at  /home/ran/Documents/uni/s10/asip_lab/vitis_ws/milestone2/ps7_cortexa9_0/standalone_domain/bsp/system.mss
TRACE::2026-07-26.18:41:52::SCWMssOS::DEBUG:  swdes dump  /home/ran/Documents/uni/s10/asip_lab/vitis_ws/milestone2/zynq_fsbl/zynq_fsbl_bsp/system.mss|system_0||

TRACE::2026-07-26.18:41:52::SCWMssOS::No sw design opened at  /home/ran/Documents/uni/s10/asip_lab/vitis_ws/milestone2/ps7_cortexa9_0/standalone_domain/bsp/system.mss
TRACE::2026-07-26.18:41:52::SCWMssOS::mss exists loading the mss file  /home/ran/Documents/uni/s10/asip_lab/vitis_ws/milestone2/ps7_cortexa9_0/standalone_domain/bsp/system.mss
TRACE::2026-07-26.18:41:52::SCWMssOS::Opened the sw design from mss  /home/ran/Documents/uni/s10/asip_lab/vitis_ws/milestone2/ps7_cortexa9_0/standalone_domain/bsp/system.mss
TRACE::2026-07-26.18:41:52::SCWMssOS::Adding the swdes entry /home/ran/Documents/uni/s10/asip_lab/vitis_ws/milestone2/ps7_cortexa9_0/standalone_domain/bsp/system.mss with des name system
TRACE::2026-07-26.18:41:52::SCWMssOS::updating the scw layer about changes
TRACE::2026-07-26.18:41:52::SCWMssOS::Opened the sw design.  /home/ran/Documents/uni/s10/asip_lab/vitis_ws/milestone2/ps7_cortexa9_0/standalone_domain/bsp/system.mss
TRACE::2026-07-26.18:41:52::SCWMssOS::Completed writing the mss file at /home/ran/Documents/uni/s10/asip_lab/vitis_ws/milestone2/ps7_cortexa9_0/standalone_domain/bsp
TRACE::2026-07-26.18:41:52::SCWMssOS::Forcing BSP Sources regeneration.
LOG::2026-07-26.18:41:58::SCWPlatform::Started generating the artifacts platform milestone2
TRACE::2026-07-26.18:41:58::SCWPlatform::Sanity checking of platform is completed
LOG::2026-07-26.18:41:58::SCWPlatform::Started generating the artifacts for system configuration milestone2
LOG::2026-07-26.18:41:58::SCWSystem::Checking the domain zynq_fsbl
LOG::2026-07-26.18:41:58::SCWSystem::Doing application build for :  zynq_fsbl
TRACE::2026-07-26.18:41:58::SCWBDomain::Not a forced makefile updation, No changes are present. 
TRACE::2026-07-26.18:41:58::SCWDomain::Skipping the build for domain :  zynq_fsbl
LOG::2026-07-26.18:41:58::SCWSystem::Checking the domain standalone_domain
LOG::2026-07-26.18:41:58::SCWSystem::Not a boot domain 
LOG::2026-07-26.18:41:58::SCWSystem::Started Processing the domain standalone_domain
TRACE::2026-07-26.18:41:58::SCWDomain::Generating domain artifcats
TRACE::2026-07-26.18:41:58::SCWMssOS::Generating standalone artifcats
TRACE::2026-07-26.18:41:58::SCWMssOS::Copying the qemu file from  /home/ran/Documents/uni/s10/asip_lab/vitis_ws/milestone2/resources/milestone2/standalone_domain/qemu_args.txt To /home/ran/Documents/uni/s10/asip_lab/vitis_ws/milestone2/export/milestone2/sw/milestone2/qemu/
TRACE::2026-07-26.18:41:58::SCWMssOS::Copying the qemu file from  /home/ran/Documents/uni/s10/asip_lab/vitis_ws/milestone2/resources/milestone2/standalone_domain/qemu_args.txt To /home/ran/Documents/uni/s10/asip_lab/vitis_ws/milestone2/export/milestone2/sw/milestone2/standalone_domain/qemu/
TRACE::2026-07-26.18:41:58::SCWMssOS:: Copying the user libraries. 
TRACE::2026-07-26.18:41:58::SCWPlatform::Trying to open the hw design at /home/ran/Documents/uni/s10/asip_lab/vitis_ws/milestone2/hw/design_1_wrapper.xsa
TRACE::2026-07-26.18:41:58::SCWPlatform::DSA given /home/ran/Documents/uni/s10/asip_lab/vitis_ws/milestone2/hw/design_1_wrapper.xsa
TRACE::2026-07-26.18:41:58::SCWPlatform::DSA absoulate path /home/ran/Documents/uni/s10/asip_lab/vitis_ws/milestone2/hw/design_1_wrapper.xsa
TRACE::2026-07-26.18:41:58::SCWPlatform::DSA directory /home/ran/Documents/uni/s10/asip_lab/vitis_ws/milestone2/hw
TRACE::2026-07-26.18:41:58::SCWPlatform:: Platform Path /home/ran/Documents/uni/s10/asip_lab/vitis_ws/milestone2/hw/design_1_wrapper.xsa
TRACE::2026-07-26.18:41:58::SCWPlatform:: Unique name xilinx:::0.0
TRACE::2026-07-26.18:41:58::SCWPlatform::Trying to set the existing hwdb with name design_1_wrapper_17
TRACE::2026-07-26.18:41:58::SCWPlatform::Opened existing hwdb design_1_wrapper_17
TRACE::2026-07-26.18:41:58::SCWPlatform::Found the Hw Db part of the input DSA
TRACE::2026-07-26.18:41:58::SCWMssOS::Checking the sw design at  /home/ran/Documents/uni/s10/asip_lab/vitis_ws/milestone2/ps7_cortexa9_0/standalone_domain/bsp/system.mss
TRACE::2026-07-26.18:41:58::SCWMssOS::DEBUG:  swdes dump  /home/ran/Documents/uni/s10/asip_lab/vitis_ws/milestone2/zynq_fsbl/zynq_fsbl_bsp/system.mss|system_0||

TRACE::2026-07-26.18:41:58::SCWMssOS::No sw design opened at  /home/ran/Documents/uni/s10/asip_lab/vitis_ws/milestone2/ps7_cortexa9_0/standalone_domain/bsp/system.mss
TRACE::2026-07-26.18:41:58::SCWMssOS::mss exists loading the mss file  /home/ran/Documents/uni/s10/asip_lab/vitis_ws/milestone2/ps7_cortexa9_0/standalone_domain/bsp/system.mss
TRACE::2026-07-26.18:41:58::SCWMssOS::Opened the sw design from mss  /home/ran/Documents/uni/s10/asip_lab/vitis_ws/milestone2/ps7_cortexa9_0/standalone_domain/bsp/system.mss
TRACE::2026-07-26.18:41:58::SCWMssOS::Adding the swdes entry /home/ran/Documents/uni/s10/asip_lab/vitis_ws/milestone2/ps7_cortexa9_0/standalone_domain/bsp/system.mss with des name system
TRACE::2026-07-26.18:41:58::SCWMssOS::updating the scw layer about changes
TRACE::2026-07-26.18:41:58::SCWMssOS::Opened the sw design.  /home/ran/Documents/uni/s10/asip_lab/vitis_ws/milestone2/ps7_cortexa9_0/standalone_domain/bsp/system.mss
TRACE::2026-07-26.18:41:58::SCWMssOS::Completed writing the mss file at /home/ran/Documents/uni/s10/asip_lab/vitis_ws/milestone2/ps7_cortexa9_0/standalone_domain/bsp
TRACE::2026-07-26.18:41:58::SCWMssOS::Mss edits present, copying mssfile into export location /home/ran/Documents/uni/s10/asip_lab/vitis_ws/milestone2/ps7_cortexa9_0/standalone_domain/bsp/system.mss
TRACE::2026-07-26.18:41:58::SCWMssOS::bsp generated is upto date with the mss file. Skipping bsp generation.
TRACE::2026-07-26.18:41:58::SCWMssOS::BSP is already built. skipping the bsp build ... 
TRACE::2026-07-26.18:41:58::SCWDomain::Building the domain :  standalone_domain
TRACE::2026-07-26.18:41:58::SCWMssOS::doing bsp build ... 
TRACE::2026-07-26.18:41:58::SCWMssOS::System Command Ran  cd  /home/ran/Documents/uni/s10/asip_lab/vitis_ws/milestone2/ps7_cortexa9_0/standalone_domain/bsp ; bash -c "make  " 
TRACE::2026-07-26.18:41:58::SCWMssOS::make --no-print-directory seq_libs

TRACE::2026-07-26.18:41:58::SCWMssOS::Finished building libraries sequentially.

TRACE::2026-07-26.18:41:58::SCWMssOS::make -j 10 --no-print-directory par_libs

TRACE::2026-07-26.18:41:58::SCWMssOS::Running Make include in ps7_cortexa9_0/libsrc/bram_v4_8/src

TRACE::2026-07-26.18:41:58::SCWMssOS::Running Make include in ps7_cortexa9_0/libsrc/coresightps_dcc_v1_8/src

TRACE::2026-07-26.18:41:58::SCWMssOS::make -C ps7_cortexa9_0/libsrc/bram_v4_8/src -s include  "SHELL=/bin/sh" "COMPILER=arm-none-eabi-gcc" "ASSEMBLER=arm-none-eabi-a
TRACE::2026-07-26.18:41:58::SCWMssOS::s" "ARCHIVER=arm-none-eabi-ar" "COMPILER_FLAGS=  -O2 -c" "EXTRA_COMPILER_FLAGS=-mcpu=cortex-a9 -mfpu=vfpv3 -mfloat-abi=hard -no
TRACE::2026-07-26.18:41:58::SCWMssOS::startfiles -g -Wall -Wextra -fno-tree-loop-distribute-patterns"

TRACE::2026-07-26.18:41:58::SCWMssOS::Running Make include in ps7_cortexa9_0/libsrc/cpu_cortexa9_v2_11/src

TRACE::2026-07-26.18:41:58::SCWMssOS::make -C ps7_cortexa9_0/libsrc/coresightps_dcc_v1_8/src -s include  "SHELL=/bin/sh" "COMPILER=arm-none-eabi-gcc" "ASSEMBLER=arm-
TRACE::2026-07-26.18:41:58::SCWMssOS::none-eabi-as" "ARCHIVER=arm-none-eabi-ar" "COMPILER_FLAGS=  -O2 -c" "EXTRA_COMPILER_FLAGS=-mcpu=cortex-a9 -mfpu=vfpv3 -mfloat-a
TRACE::2026-07-26.18:41:58::SCWMssOS::bi=hard -nostartfiles -g -Wall -Wextra -fno-tree-loop-distribute-patterns"

TRACE::2026-07-26.18:41:58::SCWMssOS::Running Make include in ps7_cortexa9_0/libsrc/ddrps_v1_2/src

TRACE::2026-07-26.18:41:58::SCWMssOS::make -C ps7_cortexa9_0/libsrc/cpu_cortexa9_v2_11/src -s include  "SHELL=/bin/sh" "COMPILER=arm-none-eabi-gcc" "ASSEMBLER=arm-no
TRACE::2026-07-26.18:41:58::SCWMssOS::ne-eabi-as" "ARCHIVER=arm-none-eabi-ar" "COMPILER_FLAGS=  -O2 -c" "EXTRA_COMPILER_FLAGS=-mcpu=cortex-a9 -mfpu=vfpv3 -mfloat-abi
TRACE::2026-07-26.18:41:58::SCWMssOS::=hard -nostartfiles -g -Wall -Wextra -fno-tree-loop-distribute-patterns"

TRACE::2026-07-26.18:41:58::SCWMssOS::Running Make include in ps7_cortexa9_0/libsrc/devcfg_v3_7/src

TRACE::2026-07-26.18:41:58::SCWMssOS::make -C ps7_cortexa9_0/libsrc/ddrps_v1_2/src -s include  "SHELL=/bin/sh" "COMPILER=arm-none-eabi-gcc" "ASSEMBLER=arm-none-eabi-
TRACE::2026-07-26.18:41:58::SCWMssOS::as" "ARCHIVER=arm-none-eabi-ar" "COMPILER_FLAGS=  -O2 -c" "EXTRA_COMPILER_FLAGS=-mcpu=cortex-a9 -mfpu=vfpv3 -mfloat-abi=hard -n
TRACE::2026-07-26.18:41:58::SCWMssOS::ostartfiles -g -Wall -Wextra -fno-tree-loop-distribute-patterns"

TRACE::2026-07-26.18:41:58::SCWMssOS::make -C ps7_cortexa9_0/libsrc/devcfg_v3_7/src -s include  "SHELL=/bin/sh" "COMPILER=arm-none-eabi-gcc" "ASSEMBLER=arm-none-eabi
TRACE::2026-07-26.18:41:58::SCWMssOS::-as" "ARCHIVER=arm-none-eabi-ar" "COMPILER_FLAGS=  -O2 -c" "EXTRA_COMPILER_FLAGS=-mcpu=cortex-a9 -mfpu=vfpv3 -mfloat-abi=hard -
TRACE::2026-07-26.18:41:58::SCWMssOS::nostartfiles -g -Wall -Wextra -fno-tree-loop-distribute-patterns"

TRACE::2026-07-26.18:41:58::SCWMssOS::Running Make include in ps7_cortexa9_0/libsrc/dmaps_v2_8/src

TRACE::2026-07-26.18:41:58::SCWMssOS::Running Make include in ps7_cortexa9_0/libsrc/gpiops_v3_10/src

TRACE::2026-07-26.18:41:58::SCWMssOS::make -C ps7_cortexa9_0/libsrc/dmaps_v2_8/src -s include  "SHELL=/bin/sh" "COMPILER=arm-none-eabi-gcc" "ASSEMBLER=arm-none-eabi-
TRACE::2026-07-26.18:41:58::SCWMssOS::as" "ARCHIVER=arm-none-eabi-ar" "COMPILER_FLAGS=  -O2 -c" "EXTRA_COMPILER_FLAGS=-mcpu=cortex-a9 -mfpu=vfpv3 -mfloat-abi=hard -n
TRACE::2026-07-26.18:41:58::SCWMssOS::ostartfiles -g -Wall -Wextra -fno-tree-loop-distribute-patterns"

TRACE::2026-07-26.18:41:58::SCWMssOS::Running Make include in ps7_cortexa9_0/libsrc/qspips_v3_10/src

TRACE::2026-07-26.18:41:58::SCWMssOS::make -C ps7_cortexa9_0/libsrc/gpiops_v3_10/src -s include  "SHELL=/bin/sh" "COMPILER=arm-none-eabi-gcc" "ASSEMBLER=arm-none-eab
TRACE::2026-07-26.18:41:58::SCWMssOS::i-as" "ARCHIVER=arm-none-eabi-ar" "COMPILER_FLAGS=  -O2 -c" "EXTRA_COMPILER_FLAGS=-mcpu=cortex-a9 -mfpu=vfpv3 -mfloat-abi=hard 
TRACE::2026-07-26.18:41:58::SCWMssOS::-nostartfiles -g -Wall -Wextra -fno-tree-loop-distribute-patterns"

TRACE::2026-07-26.18:41:58::SCWMssOS::make -C ps7_cortexa9_0/libsrc/qspips_v3_10/src -s include  "SHELL=/bin/sh" "COMPILER=arm-none-eabi-gcc" "ASSEMBLER=arm-none-eab
TRACE::2026-07-26.18:41:58::SCWMssOS::i-as" "ARCHIVER=arm-none-eabi-ar" "COMPILER_FLAGS=  -O2 -c" "EXTRA_COMPILER_FLAGS=-mcpu=cortex-a9 -mfpu=vfpv3 -mfloat-abi=hard 
TRACE::2026-07-26.18:41:58::SCWMssOS::-nostartfiles -g -Wall -Wextra -fno-tree-loop-distribute-patterns"

TRACE::2026-07-26.18:41:58::SCWMssOS::Running Make include in ps7_cortexa9_0/libsrc/scugic_v5_0/src

TRACE::2026-07-26.18:41:58::SCWMssOS::Running Make include in ps7_cortexa9_0/libsrc/scutimer_v2_4/src

TRACE::2026-07-26.18:41:58::SCWMssOS::make -C ps7_cortexa9_0/libsrc/scugic_v5_0/src -s include  "SHELL=/bin/sh" "COMPILER=arm-none-eabi-gcc" "ASSEMBLER=arm-none-eabi
TRACE::2026-07-26.18:41:58::SCWMssOS::-as" "ARCHIVER=arm-none-eabi-ar" "COMPILER_FLAGS=  -O2 -c" "EXTRA_COMPILER_FLAGS=-mcpu=cortex-a9 -mfpu=vfpv3 -mfloat-abi=hard -
TRACE::2026-07-26.18:41:58::SCWMssOS::nostartfiles -g -Wall -Wextra -fno-tree-loop-distribute-patterns"

TRACE::2026-07-26.18:41:58::SCWMssOS::make -C ps7_cortexa9_0/libsrc/scutimer_v2_4/src -s include  "SHELL=/bin/sh" "COMPILER=arm-none-eabi-gcc" "ASSEMBLER=arm-none-ea
TRACE::2026-07-26.18:41:58::SCWMssOS::bi-as" "ARCHIVER=arm-none-eabi-ar" "COMPILER_FLAGS=  -O2 -c" "EXTRA_COMPILER_FLAGS=-mcpu=cortex-a9 -mfpu=vfpv3 -mfloat-abi=hard
TRACE::2026-07-26.18:41:58::SCWMssOS:: -nostartfiles -g -Wall -Wextra -fno-tree-loop-distribute-patterns"

TRACE::2026-07-26.18:41:58::SCWMssOS::Running Make include in ps7_cortexa9_0/libsrc/scuwdt_v2_4/src

TRACE::2026-07-26.18:41:58::SCWMssOS::Running Make include in ps7_cortexa9_0/libsrc/sdps_v4_0/src

TRACE::2026-07-26.18:41:58::SCWMssOS::make -C ps7_cortexa9_0/libsrc/scuwdt_v2_4/src -s include  "SHELL=/bin/sh" "COMPILER=arm-none-eabi-gcc" "ASSEMBLER=arm-none-eabi
TRACE::2026-07-26.18:41:58::SCWMssOS::-as" "ARCHIVER=arm-none-eabi-ar" "COMPILER_FLAGS=  -O2 -c" "EXTRA_COMPILER_FLAGS=-mcpu=cortex-a9 -mfpu=vfpv3 -mfloat-abi=hard -
TRACE::2026-07-26.18:41:58::SCWMssOS::nostartfiles -g -Wall -Wextra -fno-tree-loop-distribute-patterns"

TRACE::2026-07-26.18:41:58::SCWMssOS::Running Make include in ps7_cortexa9_0/libsrc/spips_v3_8/src

TRACE::2026-07-26.18:41:58::SCWMssOS::Running Make include in ps7_cortexa9_0/libsrc/uartps_v3_11/src

TRACE::2026-07-26.18:41:58::SCWMssOS::Running Make include in ps7_cortexa9_0/libsrc/standalone_v8_0/src

TRACE::2026-07-26.18:41:58::SCWMssOS::make -C ps7_cortexa9_0/libsrc/sdps_v4_0/src -s include  "SHELL=/bin/sh" "COMPILER=arm-none-eabi-gcc" "ASSEMBLER=arm-none-eabi-a
TRACE::2026-07-26.18:41:58::SCWMssOS::s" "ARCHIVER=arm-none-eabi-ar" "COMPILER_FLAGS=  -O2 -c" "EXTRA_COMPILER_FLAGS=-mcpu=cortex-a9 -mfpu=vfpv3 -mfloat-abi=hard -no
TRACE::2026-07-26.18:41:58::SCWMssOS::startfiles -g -Wall -Wextra -fno-tree-loop-distribute-patterns"

TRACE::2026-07-26.18:41:58::SCWMssOS::make -C ps7_cortexa9_0/libsrc/spips_v3_8/src -s include  "SHELL=/bin/sh" "COMPILER=arm-none-eabi-gcc" "ASSEMBLER=arm-none-eabi-
TRACE::2026-07-26.18:41:58::SCWMssOS::as" "ARCHIVER=arm-none-eabi-ar" "COMPILER_FLAGS=  -O2 -c" "EXTRA_COMPILER_FLAGS=-mcpu=cortex-a9 -mfpu=vfpv3 -mfloat-abi=hard -n
TRACE::2026-07-26.18:41:58::SCWMssOS::ostartfiles -g -Wall -Wextra -fno-tree-loop-distribute-patterns"

TRACE::2026-07-26.18:41:58::SCWMssOS::make -C ps7_cortexa9_0/libsrc/standalone_v8_0/src -s include  "SHELL=/bin/sh" "COMPILER=arm-none-eabi-gcc" "ASSEMBLER=arm-none-
TRACE::2026-07-26.18:41:58::SCWMssOS::eabi-as" "ARCHIVER=arm-none-eabi-ar" "COMPILER_FLAGS=  -O2 -c" "EXTRA_COMPILER_FLAGS=-mcpu=cortex-a9 -mfpu=vfpv3 -mfloat-abi=ha
TRACE::2026-07-26.18:41:58::SCWMssOS::rd -nostartfiles -g -Wall -Wextra -fno-tree-loop-distribute-patterns"

TRACE::2026-07-26.18:41:58::SCWMssOS::Running Make include in ps7_cortexa9_0/libsrc/xadcps_v2_6/src

TRACE::2026-07-26.18:41:58::SCWMssOS::make -C ps7_cortexa9_0/libsrc/uartps_v3_11/src -s include  "SHELL=/bin/sh" "COMPILER=arm-none-eabi-gcc" "ASSEMBLER=arm-none-eab
TRACE::2026-07-26.18:41:58::SCWMssOS::i-as" "ARCHIVER=arm-none-eabi-ar" "COMPILER_FLAGS=  -O2 -c" "EXTRA_COMPILER_FLAGS=-mcpu=cortex-a9 -mfpu=vfpv3 -mfloat-abi=hard 
TRACE::2026-07-26.18:41:58::SCWMssOS::-nostartfiles -g -Wall -Wextra -fno-tree-loop-distribute-patterns"

TRACE::2026-07-26.18:41:58::SCWMssOS::Running Make include in ps7_cortexa9_0/libsrc/usbps_v2_7/src

TRACE::2026-07-26.18:41:58::SCWMssOS::make -C ps7_cortexa9_0/libsrc/xadcps_v2_6/src -s include  "SHELL=/bin/sh" "COMPILER=arm-none-eabi-gcc" "ASSEMBLER=arm-none-eabi
TRACE::2026-07-26.18:41:58::SCWMssOS::-as" "ARCHIVER=arm-none-eabi-ar" "COMPILER_FLAGS=  -O2 -c" "EXTRA_COMPILER_FLAGS=-mcpu=cortex-a9 -mfpu=vfpv3 -mfloat-abi=hard -
TRACE::2026-07-26.18:41:58::SCWMssOS::nostartfiles -g -Wall -Wextra -fno-tree-loop-distribute-patterns"

TRACE::2026-07-26.18:41:58::SCWMssOS::make -C ps7_cortexa9_0/libsrc/usbps_v2_7/src -s include  "SHELL=/bin/sh" "COMPILER=arm-none-eabi-gcc" "ASSEMBLER=arm-none-eabi-
TRACE::2026-07-26.18:41:58::SCWMssOS::as" "ARCHIVER=arm-none-eabi-ar" "COMPILER_FLAGS=  -O2 -c" "EXTRA_COMPILER_FLAGS=-mcpu=cortex-a9 -mfpu=vfpv3 -mfloat-abi=hard -n
TRACE::2026-07-26.18:41:58::SCWMssOS::ostartfiles -g -Wall -Wextra -fno-tree-loop-distribute-patterns"

TRACE::2026-07-26.18:41:58::SCWMssOS::Running Make libs in ps7_cortexa9_0/libsrc/coresightps_dcc_v1_8/src

TRACE::2026-07-26.18:41:58::SCWMssOS::Running Make libs in ps7_cortexa9_0/libsrc/bram_v4_8/src

TRACE::2026-07-26.18:41:58::SCWMssOS::Running Make libs in ps7_cortexa9_0/libsrc/cpu_cortexa9_v2_11/src

TRACE::2026-07-26.18:41:58::SCWMssOS::Running Make libs in ps7_cortexa9_0/libsrc/ddrps_v1_2/src

TRACE::2026-07-26.18:41:58::SCWMssOS::make -C ps7_cortexa9_0/libsrc/bram_v4_8/src -s libs  "SHELL=/bin/sh" "COMPILER=arm-none-eabi-gcc" "ASSEMBLER=arm-none-eabi-as" 
TRACE::2026-07-26.18:41:58::SCWMssOS::"ARCHIVER=arm-none-eabi-ar" "COMPILER_FLAGS=  -O2 -c" "EXTRA_COMPILER_FLAGS=-mcpu=cortex-a9 -mfpu=vfpv3 -mfloat-abi=hard -nosta
TRACE::2026-07-26.18:41:58::SCWMssOS::rtfiles -g -Wall -Wextra -fno-tree-loop-distribute-patterns"

TRACE::2026-07-26.18:41:58::SCWMssOS::Running Make libs in ps7_cortexa9_0/libsrc/devcfg_v3_7/src

TRACE::2026-07-26.18:41:58::SCWMssOS::make -C ps7_cortexa9_0/libsrc/coresightps_dcc_v1_8/src -s libs  "SHELL=/bin/sh" "COMPILER=arm-none-eabi-gcc" "ASSEMBLER=arm-non
TRACE::2026-07-26.18:41:58::SCWMssOS::e-eabi-as" "ARCHIVER=arm-none-eabi-ar" "COMPILER_FLAGS=  -O2 -c" "EXTRA_COMPILER_FLAGS=-mcpu=cortex-a9 -mfpu=vfpv3 -mfloat-abi=
TRACE::2026-07-26.18:41:58::SCWMssOS::hard -nostartfiles -g -Wall -Wextra -fno-tree-loop-distribute-patterns"

TRACE::2026-07-26.18:41:58::SCWMssOS::Running Make libs in ps7_cortexa9_0/libsrc/dmaps_v2_8/src

TRACE::2026-07-26.18:41:58::SCWMssOS::make -C ps7_cortexa9_0/libsrc/cpu_cortexa9_v2_11/src -s libs  "SHELL=/bin/sh" "COMPILER=arm-none-eabi-gcc" "ASSEMBLER=arm-none-
TRACE::2026-07-26.18:41:58::SCWMssOS::eabi-as" "ARCHIVER=arm-none-eabi-ar" "COMPILER_FLAGS=  -O2 -c" "EXTRA_COMPILER_FLAGS=-mcpu=cortex-a9 -mfpu=vfpv3 -mfloat-abi=ha
TRACE::2026-07-26.18:41:58::SCWMssOS::rd -nostartfiles -g -Wall -Wextra -fno-tree-loop-distribute-patterns"

TRACE::2026-07-26.18:41:58::SCWMssOS::Running Make libs in ps7_cortexa9_0/libsrc/gpiops_v3_10/src

TRACE::2026-07-26.18:41:58::SCWMssOS::make -C ps7_cortexa9_0/libsrc/ddrps_v1_2/src -s libs  "SHELL=/bin/sh" "COMPILER=arm-none-eabi-gcc" "ASSEMBLER=arm-none-eabi-as"
TRACE::2026-07-26.18:41:58::SCWMssOS:: "ARCHIVER=arm-none-eabi-ar" "COMPILER_FLAGS=  -O2 -c" "EXTRA_COMPILER_FLAGS=-mcpu=cortex-a9 -mfpu=vfpv3 -mfloat-abi=hard -nost
TRACE::2026-07-26.18:41:58::SCWMssOS::artfiles -g -Wall -Wextra -fno-tree-loop-distribute-patterns"

TRACE::2026-07-26.18:41:58::SCWMssOS::Running Make libs in ps7_cortexa9_0/libsrc/qspips_v3_10/src

TRACE::2026-07-26.18:41:58::SCWMssOS::make -C ps7_cortexa9_0/libsrc/devcfg_v3_7/src -s libs  "SHELL=/bin/sh" "COMPILER=arm-none-eabi-gcc" "ASSEMBLER=arm-none-eabi-as
TRACE::2026-07-26.18:41:58::SCWMssOS::" "ARCHIVER=arm-none-eabi-ar" "COMPILER_FLAGS=  -O2 -c" "EXTRA_COMPILER_FLAGS=-mcpu=cortex-a9 -mfpu=vfpv3 -mfloat-abi=hard -nos
TRACE::2026-07-26.18:41:58::SCWMssOS::tartfiles -g -Wall -Wextra -fno-tree-loop-distribute-patterns"

TRACE::2026-07-26.18:41:58::SCWMssOS::make -C ps7_cortexa9_0/libsrc/dmaps_v2_8/src -s libs  "SHELL=/bin/sh" "COMPILER=arm-none-eabi-gcc" "ASSEMBLER=arm-none-eabi-as"
TRACE::2026-07-26.18:41:58::SCWMssOS:: "ARCHIVER=arm-none-eabi-ar" "COMPILER_FLAGS=  -O2 -c" "EXTRA_COMPILER_FLAGS=-mcpu=cortex-a9 -mfpu=vfpv3 -mfloat-abi=hard -nost
TRACE::2026-07-26.18:41:58::SCWMssOS::artfiles -g -Wall -Wextra -fno-tree-loop-distribute-patterns"

TRACE::2026-07-26.18:41:58::SCWMssOS::make -C ps7_cortexa9_0/libsrc/gpiops_v3_10/src -s libs  "SHELL=/bin/sh" "COMPILER=arm-none-eabi-gcc" "ASSEMBLER=arm-none-eabi-a
TRACE::2026-07-26.18:41:58::SCWMssOS::s" "ARCHIVER=arm-none-eabi-ar" "COMPILER_FLAGS=  -O2 -c" "EXTRA_COMPILER_FLAGS=-mcpu=cortex-a9 -mfpu=vfpv3 -mfloat-abi=hard -no
TRACE::2026-07-26.18:41:58::SCWMssOS::startfiles -g -Wall -Wextra -fno-tree-loop-distribute-patterns"

TRACE::2026-07-26.18:41:58::SCWMssOS::make -C ps7_cortexa9_0/libsrc/qspips_v3_10/src -s libs  "SHELL=/bin/sh" "COMPILER=arm-none-eabi-gcc" "ASSEMBLER=arm-none-eabi-a
TRACE::2026-07-26.18:41:58::SCWMssOS::s" "ARCHIVER=arm-none-eabi-ar" "COMPILER_FLAGS=  -O2 -c" "EXTRA_COMPILER_FLAGS=-mcpu=cortex-a9 -mfpu=vfpv3 -mfloat-abi=hard -no
TRACE::2026-07-26.18:41:58::SCWMssOS::startfiles -g -Wall -Wextra -fno-tree-loop-distribute-patterns"

TRACE::2026-07-26.18:41:58::SCWMssOS::Running Make libs in ps7_cortexa9_0/libsrc/scutimer_v2_4/src

TRACE::2026-07-26.18:41:58::SCWMssOS::make -C ps7_cortexa9_0/libsrc/scutimer_v2_4/src -s libs  "SHELL=/bin/sh" "COMPILER=arm-none-eabi-gcc" "ASSEMBLER=arm-none-eabi-
TRACE::2026-07-26.18:41:58::SCWMssOS::as" "ARCHIVER=arm-none-eabi-ar" "COMPILER_FLAGS=  -O2 -c" "EXTRA_COMPILER_FLAGS=-mcpu=cortex-a9 -mfpu=vfpv3 -mfloat-abi=hard -n
TRACE::2026-07-26.18:41:58::SCWMssOS::ostartfiles -g -Wall -Wextra -fno-tree-loop-distribute-patterns"

TRACE::2026-07-26.18:41:58::SCWMssOS::Running Make libs in ps7_cortexa9_0/libsrc/scugic_v5_0/src

TRACE::2026-07-26.18:41:58::SCWMssOS::make -C ps7_cortexa9_0/libsrc/scugic_v5_0/src -s libs  "SHELL=/bin/sh" "COMPILER=arm-none-eabi-gcc" "ASSEMBLER=arm-none-eabi-as
TRACE::2026-07-26.18:41:58::SCWMssOS::" "ARCHIVER=arm-none-eabi-ar" "COMPILER_FLAGS=  -O2 -c" "EXTRA_COMPILER_FLAGS=-mcpu=cortex-a9 -mfpu=vfpv3 -mfloat-abi=hard -nos
TRACE::2026-07-26.18:41:58::SCWMssOS::tartfiles -g -Wall -Wextra -fno-tree-loop-distribute-patterns"

TRACE::2026-07-26.18:41:58::SCWMssOS::Running Make libs in ps7_cortexa9_0/libsrc/scuwdt_v2_4/src

TRACE::2026-07-26.18:41:58::SCWMssOS::make -C ps7_cortexa9_0/libsrc/scuwdt_v2_4/src -s libs  "SHELL=/bin/sh" "COMPILER=arm-none-eabi-gcc" "ASSEMBLER=arm-none-eabi-as
TRACE::2026-07-26.18:41:58::SCWMssOS::" "ARCHIVER=arm-none-eabi-ar" "COMPILER_FLAGS=  -O2 -c" "EXTRA_COMPILER_FLAGS=-mcpu=cortex-a9 -mfpu=vfpv3 -mfloat-abi=hard -nos
TRACE::2026-07-26.18:41:58::SCWMssOS::tartfiles -g -Wall -Wextra -fno-tree-loop-distribute-patterns"

TRACE::2026-07-26.18:41:58::SCWMssOS::Running Make libs in ps7_cortexa9_0/libsrc/sdps_v4_0/src

TRACE::2026-07-26.18:41:58::SCWMssOS::make -C ps7_cortexa9_0/libsrc/sdps_v4_0/src -s libs  "SHELL=/bin/sh" "COMPILER=arm-none-eabi-gcc" "ASSEMBLER=arm-none-eabi-as" 
TRACE::2026-07-26.18:41:58::SCWMssOS::"ARCHIVER=arm-none-eabi-ar" "COMPILER_FLAGS=  -O2 -c" "EXTRA_COMPILER_FLAGS=-mcpu=cortex-a9 -mfpu=vfpv3 -mfloat-abi=hard -nosta
TRACE::2026-07-26.18:41:58::SCWMssOS::rtfiles -g -Wall -Wextra -fno-tree-loop-distribute-patterns"

TRACE::2026-07-26.18:41:59::SCWMssOS::Running Make libs in ps7_cortexa9_0/libsrc/spips_v3_8/src

TRACE::2026-07-26.18:41:59::SCWMssOS::make -C ps7_cortexa9_0/libsrc/spips_v3_8/src -s libs  "SHELL=/bin/sh" "COMPILER=arm-none-eabi-gcc" "ASSEMBLER=arm-none-eabi-as"
TRACE::2026-07-26.18:41:59::SCWMssOS:: "ARCHIVER=arm-none-eabi-ar" "COMPILER_FLAGS=  -O2 -c" "EXTRA_COMPILER_FLAGS=-mcpu=cortex-a9 -mfpu=vfpv3 -mfloat-abi=hard -nost
TRACE::2026-07-26.18:41:59::SCWMssOS::artfiles -g -Wall -Wextra -fno-tree-loop-distribute-patterns"

TRACE::2026-07-26.18:41:59::SCWMssOS::Running Make libs in ps7_cortexa9_0/libsrc/standalone_v8_0/src

TRACE::2026-07-26.18:41:59::SCWMssOS::make -C ps7_cortexa9_0/libsrc/standalone_v8_0/src -s libs  "SHELL=/bin/sh" "COMPILER=arm-none-eabi-gcc" "ASSEMBLER=arm-none-eab
TRACE::2026-07-26.18:41:59::SCWMssOS::i-as" "ARCHIVER=arm-none-eabi-ar" "COMPILER_FLAGS=  -O2 -c" "EXTRA_COMPILER_FLAGS=-mcpu=cortex-a9 -mfpu=vfpv3 -mfloat-abi=hard 
TRACE::2026-07-26.18:41:59::SCWMssOS::-nostartfiles -g -Wall -Wextra -fno-tree-loop-distribute-patterns"

TRACE::2026-07-26.18:41:59::SCWMssOS::Running Make libs in ps7_cortexa9_0/libsrc/uartps_v3_11/src

TRACE::2026-07-26.18:41:59::SCWMssOS::make -C ps7_cortexa9_0/libsrc/uartps_v3_11/src -s libs  "SHELL=/bin/sh" "COMPILER=arm-none-eabi-gcc" "ASSEMBLER=arm-none-eabi-a
TRACE::2026-07-26.18:41:59::SCWMssOS::s" "ARCHIVER=arm-none-eabi-ar" "COMPILER_FLAGS=  -O2 -c" "EXTRA_COMPILER_FLAGS=-mcpu=cortex-a9 -mfpu=vfpv3 -mfloat-abi=hard -no
TRACE::2026-07-26.18:41:59::SCWMssOS::startfiles -g -Wall -Wextra -fno-tree-loop-distribute-patterns"

TRACE::2026-07-26.18:41:59::SCWMssOS::Running Make libs in ps7_cortexa9_0/libsrc/usbps_v2_7/src

TRACE::2026-07-26.18:41:59::SCWMssOS::make -C ps7_cortexa9_0/libsrc/usbps_v2_7/src -s libs  "SHELL=/bin/sh" "COMPILER=arm-none-eabi-gcc" "ASSEMBLER=arm-none-eabi-as"
TRACE::2026-07-26.18:41:59::SCWMssOS:: "ARCHIVER=arm-none-eabi-ar" "COMPILER_FLAGS=  -O2 -c" "EXTRA_COMPILER_FLAGS=-mcpu=cortex-a9 -mfpu=vfpv3 -mfloat-abi=hard -nost
TRACE::2026-07-26.18:41:59::SCWMssOS::artfiles -g -Wall -Wextra -fno-tree-loop-distribute-patterns"

TRACE::2026-07-26.18:41:59::SCWMssOS::Running Make libs in ps7_cortexa9_0/libsrc/xadcps_v2_6/src

TRACE::2026-07-26.18:41:59::SCWMssOS::make -C ps7_cortexa9_0/libsrc/xadcps_v2_6/src -s libs  "SHELL=/bin/sh" "COMPILER=arm-none-eabi-gcc" "ASSEMBLER=arm-none-eabi-as
TRACE::2026-07-26.18:41:59::SCWMssOS::" "ARCHIVER=arm-none-eabi-ar" "COMPILER_FLAGS=  -O2 -c" "EXTRA_COMPILER_FLAGS=-mcpu=cortex-a9 -mfpu=vfpv3 -mfloat-abi=hard -nos
TRACE::2026-07-26.18:41:59::SCWMssOS::tartfiles -g -Wall -Wextra -fno-tree-loop-distribute-patterns"

TRACE::2026-07-26.18:42:00::SCWMssOS::Finished building libraries parallelly.

TRACE::2026-07-26.18:42:00::SCWMssOS::make --no-print-directory archive

TRACE::2026-07-26.18:42:00::SCWMssOS::arm-none-eabi-ar -r  ps7_cortexa9_0/lib/libxil.a ps7_cortexa9_0/lib/_exit.o ps7_cortexa9_0/lib/_open.o ps7_cortexa9_0/lib/_sbrk
TRACE::2026-07-26.18:42:00::SCWMssOS::.o ps7_cortexa9_0/lib/abort.o ps7_cortexa9_0/lib/asm_vectors.o ps7_cortexa9_0/lib/boot.o ps7_cortexa9_0/lib/close.o ps7_cortexa
TRACE::2026-07-26.18:42:00::SCWMssOS::9_0/lib/cpputest_time.o ps7_cortexa9_0/lib/cpu_init.o ps7_cortexa9_0/lib/errno.o ps7_cortexa9_0/lib/fcntl.o ps7_cortexa9_0/lib/
TRACE::2026-07-26.18:42:00::SCWMssOS::fstat.o ps7_cortexa9_0/lib/getpid.o ps7_cortexa9_0/lib/inbyte.o ps7_cortexa9_0/lib/isatty.o ps7_cortexa9_0/lib/kill.o ps7_corte
TRACE::2026-07-26.18:42:00::SCWMssOS::xa9_0/lib/lseek.o ps7_cortexa9_0/lib/open.o ps7_cortexa9_0/lib/outbyte.o ps7_cortexa9_0/lib/print.o ps7_cortexa9_0/lib/putnum.o
TRACE::2026-07-26.18:42:00::SCWMssOS:: ps7_cortexa9_0/lib/read.o ps7_cortexa9_0/lib/sbrk.o ps7_cortexa9_0/lib/sleep.o ps7_cortexa9_0/lib/time.o ps7_cortexa9_0/lib/tr
TRACE::2026-07-26.18:42:00::SCWMssOS::anslation_table.o ps7_cortexa9_0/lib/unlink.o ps7_cortexa9_0/lib/usleep.o ps7_cortexa9_0/lib/vectors.o ps7_cortexa9_0/lib/write
TRACE::2026-07-26.18:42:00::SCWMssOS::.o ps7_cortexa9_0/lib/xadcps.o ps7_cortexa9_0/lib/xadcps_g.o ps7_cortexa9_0/lib/xadcps_intr.o ps7_cortexa9_0/lib/xadcps_selftes
TRACE::2026-07-26.18:42:00::SCWMssOS::t.o ps7_cortexa9_0/lib/xadcps_sinit.o ps7_cortexa9_0/lib/xbram.o ps7_cortexa9_0/lib/xbram_g.o ps7_cortexa9_0/lib/xbram_intr.o p
TRACE::2026-07-26.18:42:00::SCWMssOS::s7_cortexa9_0/lib/xbram_selftest.o ps7_cortexa9_0/lib/xbram_sinit.o ps7_cortexa9_0/lib/xcoresightpsdcc.o ps7_cortexa9_0/lib/xde
TRACE::2026-07-26.18:42:00::SCWMssOS::vcfg.o ps7_cortexa9_0/lib/xdevcfg_g.o ps7_cortexa9_0/lib/xdevcfg_hw.o ps7_cortexa9_0/lib/xdevcfg_intr.o ps7_cortexa9_0/lib/xdev
TRACE::2026-07-26.18:42:00::SCWMssOS::cfg_selftest.o ps7_cortexa9_0/lib/xdevcfg_sinit.o ps7_cortexa9_0/lib/xdmaps.o ps7_cortexa9_0/lib/xdmaps_g.o ps7_cortexa9_0/lib/
TRACE::2026-07-26.18:42:00::SCWMssOS::xdmaps_hw.o ps7_cortexa9_0/lib/xdmaps_selftest.o ps7_cortexa9_0/lib/xdmaps_sinit.o ps7_cortexa9_0/lib/xgpiops.o ps7_cortexa9_0/
TRACE::2026-07-26.18:42:00::SCWMssOS::lib/xgpiops_g.o ps7_cortexa9_0/lib/xgpiops_hw.o ps7_cortexa9_0/lib/xgpiops_intr.o ps7_cortexa9_0/lib/xgpiops_selftest.o ps7_cor
TRACE::2026-07-26.18:42:00::SCWMssOS::texa9_0/lib/xgpiops_sinit.o ps7_cortexa9_0/lib/xil-crt0.o ps7_cortexa9_0/lib/xil_assert.o ps7_cortexa9_0/lib/xil_cache.o ps7_co
TRACE::2026-07-26.18:42:00::SCWMssOS::rtexa9_0/lib/xil_clocking.o ps7_cortexa9_0/lib/xil_exception.o ps7_cortexa9_0/lib/xil_mem.o ps7_cortexa9_0/lib/xil_misc_psreset
TRACE::2026-07-26.18:42:00::SCWMssOS::_api.o ps7_cortexa9_0/lib/xil_mmu.o ps7_cortexa9_0/lib/xil_printf.o ps7_cortexa9_0/lib/xil_sleepcommon.o ps7_cortexa9_0/lib/xil
TRACE::2026-07-26.18:42:00::SCWMssOS::_sleeptimer.o ps7_cortexa9_0/lib/xil_spinlock.o ps7_cortexa9_0/lib/xil_testcache.o ps7_cortexa9_0/lib/xil_testio.o ps7_cortexa9
TRACE::2026-07-26.18:42:00::SCWMssOS::_0/lib/xil_testmem.o ps7_cortexa9_0/lib/xil_util.o ps7_cortexa9_0/lib/xinterrupt_wrap.o ps7_cortexa9_0/lib/xl2cc_counter.o ps7_
TRACE::2026-07-26.18:42:00::SCWMssOS::cortexa9_0/lib/xplatform_info.o ps7_cortexa9_0/lib/xpm_counter.o ps7_cortexa9_0/lib/xqspips.o ps7_cortexa9_0/lib/xqspips_g.o ps
TRACE::2026-07-26.18:42:00::SCWMssOS::7_cortexa9_0/lib/xqspips_hw.o ps7_cortexa9_0/lib/xqspips_options.o ps7_cortexa9_0/lib/xqspips_selftest.o ps7_cortexa9_0/lib/xqs
TRACE::2026-07-26.18:42:00::SCWMssOS::pips_sinit.o ps7_cortexa9_0/lib/xscugic.o ps7_cortexa9_0/lib/xscugic_g.o ps7_cortexa9_0/lib/xscugic_hw.o ps7_cortexa9_0/lib/xsc
TRACE::2026-07-26.18:42:00::SCWMssOS::ugic_intr.o ps7_cortexa9_0/lib/xscugic_selftest.o ps7_cortexa9_0/lib/xscugic_sinit.o ps7_cortexa9_0/lib/xscutimer.o ps7_cortexa
TRACE::2026-07-26.18:42:00::SCWMssOS::9_0/lib/xscutimer_g.o ps7_cortexa9_0/lib/xscutimer_selftest.o ps7_cortexa9_0/lib/xscutimer_sinit.o ps7_cortexa9_0/lib/xscuwdt.o
TRACE::2026-07-26.18:42:00::SCWMssOS:: ps7_cortexa9_0/lib/xscuwdt_g.o ps7_cortexa9_0/lib/xscuwdt_selftest.o ps7_cortexa9_0/lib/xscuwdt_sinit.o ps7_cortexa9_0/lib/xsd
TRACE::2026-07-26.18:42:00::SCWMssOS::ps.o ps7_cortexa9_0/lib/xsdps_card.o ps7_cortexa9_0/lib/xsdps_g.o ps7_cortexa9_0/lib/xsdps_host.o ps7_cortexa9_0/lib/xsdps_opti
TRACE::2026-07-26.18:42:00::SCWMssOS::ons.o ps7_cortexa9_0/lib/xsdps_sinit.o ps7_cortexa9_0/lib/xspips.o ps7_cortexa9_0/lib/xspips_g.o ps7_cortexa9_0/lib/xspips_hw.o
TRACE::2026-07-26.18:42:00::SCWMssOS:: ps7_cortexa9_0/lib/xspips_options.o ps7_cortexa9_0/lib/xspips_selftest.o ps7_cortexa9_0/lib/xspips_sinit.o ps7_cortexa9_0/lib/
TRACE::2026-07-26.18:42:00::SCWMssOS::xtime_l.o ps7_cortexa9_0/lib/xuartps.o ps7_cortexa9_0/lib/xuartps_g.o ps7_cortexa9_0/lib/xuartps_hw.o ps7_cortexa9_0/lib/xuartp
TRACE::2026-07-26.18:42:00::SCWMssOS::s_intr.o ps7_cortexa9_0/lib/xuartps_options.o ps7_cortexa9_0/lib/xuartps_selftest.o ps7_cortexa9_0/lib/xuartps_sinit.o ps7_cort
TRACE::2026-07-26.18:42:00::SCWMssOS::exa9_0/lib/xusbps.o ps7_cortexa9_0/lib/xusbps_endpoint.o ps7_cortexa9_0/lib/xusbps_g.o ps7_cortexa9_0/lib/xusbps_hw.o ps7_corte
TRACE::2026-07-26.18:42:00::SCWMssOS::xa9_0/lib/xusbps_intr.o ps7_cortexa9_0/lib/xusbps_sinit.o

TRACE::2026-07-26.18:42:00::SCWMssOS::Finished building libraries

TRACE::2026-07-26.18:42:00::SCWMssOS::Copying to export directory.
TRACE::2026-07-26.18:42:00::SCWMssOS:: Checking if to create the Supporting Applications
TRACE::2026-07-26.18:42:00::SCWMssOS:: No Linux domain exists, trying to generate FSBL 
LOG::2026-07-26.18:42:00::SCWSystem::Completed Processing the domain standalone_domain
LOG::2026-07-26.18:42:00::SCWSystem::Completed Processing the sysconfig milestone2
LOG::2026-07-26.18:42:00::SCWPlatform::Completed generating the artifacts for system configuration milestone2
TRACE::2026-07-26.18:42:00::SCWPlatform::Started preparing the platform 
TRACE::2026-07-26.18:42:00::SCWSystem::Writing the bif file for system config milestone2
TRACE::2026-07-26.18:42:00::SCWSystem::dir created 
TRACE::2026-07-26.18:42:00::SCWSystem::Writing the bif 
TRACE::2026-07-26.18:42:00::SCWPlatform::Started writing the spfm file 
TRACE::2026-07-26.18:42:00::SCWPlatform::Started writing the xpfm file 
TRACE::2026-07-26.18:42:00::SCWPlatform::Completed generating the platform
TRACE::2026-07-26.18:42:00::SCWMssOS::Saving the mss changes /home/ran/Documents/uni/s10/asip_lab/vitis_ws/milestone2/zynq_fsbl/zynq_fsbl_bsp/system.mss
TRACE::2026-07-26.18:42:00::SCWMssOS::Found a swdesign opened with the mssfile.
TRACE::2026-07-26.18:42:00::SCWMssOS::Completed writemss as part of save.
TRACE::2026-07-26.18:42:00::SCWMssOS::Commit changes completed.
TRACE::2026-07-26.18:42:00::SCWMssOS::Saving the mss changes /home/ran/Documents/uni/s10/asip_lab/vitis_ws/milestone2/ps7_cortexa9_0/standalone_domain/bsp/system.mss
TRACE::2026-07-26.18:42:00::SCWMssOS::Found a swdesign opened with the mssfile.
TRACE::2026-07-26.18:42:00::SCWMssOS::Completed writemss as part of save.
TRACE::2026-07-26.18:42:00::SCWMssOS::Commit changes completed.
TRACE::2026-07-26.18:42:00::SCWPlatform::Trying to open the hw design at /home/ran/Documents/uni/s10/asip_lab/vitis_ws/milestone2/hw/design_1_wrapper.xsa
TRACE::2026-07-26.18:42:00::SCWPlatform::DSA given /home/ran/Documents/uni/s10/asip_lab/vitis_ws/milestone2/hw/design_1_wrapper.xsa
TRACE::2026-07-26.18:42:00::SCWPlatform::DSA absoulate path /home/ran/Documents/uni/s10/asip_lab/vitis_ws/milestone2/hw/design_1_wrapper.xsa
TRACE::2026-07-26.18:42:00::SCWPlatform::DSA directory /home/ran/Documents/uni/s10/asip_lab/vitis_ws/milestone2/hw
TRACE::2026-07-26.18:42:00::SCWPlatform:: Platform Path /home/ran/Documents/uni/s10/asip_lab/vitis_ws/milestone2/hw/design_1_wrapper.xsa
TRACE::2026-07-26.18:42:00::SCWPlatform:: Unique name xilinx:::0.0
TRACE::2026-07-26.18:42:00::SCWPlatform::Trying to set the existing hwdb with name design_1_wrapper_17
TRACE::2026-07-26.18:42:00::SCWPlatform::Opened existing hwdb design_1_wrapper_17
TRACE::2026-07-26.18:42:00::SCWPlatform::Found the Hw Db part of the input DSA
TRACE::2026-07-26.18:42:00::SCWMssOS::Checking the sw design at  /home/ran/Documents/uni/s10/asip_lab/vitis_ws/milestone2/zynq_fsbl/zynq_fsbl_bsp/system.mss
TRACE::2026-07-26.18:42:00::SCWMssOS::DEBUG:  swdes dump  /home/ran/Documents/uni/s10/asip_lab/vitis_ws/milestone2/ps7_cortexa9_0/standalone_domain/bsp/system.mss|system||
/home/ran/Documents/uni/s10/asip_lab/vitis_ws/milestone2/zynq_fsbl/zynq_fsbl_bsp/system.mss|system_0||

TRACE::2026-07-26.18:42:00::SCWMssOS::Sw design exists and opened at  /home/ran/Documents/uni/s10/asip_lab/vitis_ws/milestone2/zynq_fsbl/zynq_fsbl_bsp/system.mss
TRACE::2026-07-26.18:42:00::SCWPlatform::Trying to open the hw design at /home/ran/Documents/uni/s10/asip_lab/vitis_ws/milestone2/hw/design_1_wrapper.xsa
TRACE::2026-07-26.18:42:00::SCWPlatform::DSA given /home/ran/Documents/uni/s10/asip_lab/vitis_ws/milestone2/hw/design_1_wrapper.xsa
TRACE::2026-07-26.18:42:00::SCWPlatform::DSA absoulate path /home/ran/Documents/uni/s10/asip_lab/vitis_ws/milestone2/hw/design_1_wrapper.xsa
TRACE::2026-07-26.18:42:00::SCWPlatform::DSA directory /home/ran/Documents/uni/s10/asip_lab/vitis_ws/milestone2/hw
TRACE::2026-07-26.18:42:00::SCWPlatform:: Platform Path /home/ran/Documents/uni/s10/asip_lab/vitis_ws/milestone2/hw/design_1_wrapper.xsa
TRACE::2026-07-26.18:42:00::SCWPlatform:: Unique name xilinx:::0.0
TRACE::2026-07-26.18:42:00::SCWPlatform::Trying to set the existing hwdb with name design_1_wrapper_17
TRACE::2026-07-26.18:42:00::SCWPlatform::Opened existing hwdb design_1_wrapper_17
TRACE::2026-07-26.18:42:00::SCWPlatform::Found the Hw Db part of the input DSA
TRACE::2026-07-26.18:42:00::SCWMssOS::Checking the sw design at  /home/ran/Documents/uni/s10/asip_lab/vitis_ws/milestone2/ps7_cortexa9_0/standalone_domain/bsp/system.mss
TRACE::2026-07-26.18:42:00::SCWMssOS::DEBUG:  swdes dump  /home/ran/Documents/uni/s10/asip_lab/vitis_ws/milestone2/ps7_cortexa9_0/standalone_domain/bsp/system.mss|system||
/home/ran/Documents/uni/s10/asip_lab/vitis_ws/milestone2/zynq_fsbl/zynq_fsbl_bsp/system.mss|system_0||

TRACE::2026-07-26.18:42:00::SCWMssOS::Sw design exists and opened at  /home/ran/Documents/uni/s10/asip_lab/vitis_ws/milestone2/ps7_cortexa9_0/standalone_domain/bsp/system.mss
TRACE::2026-07-26.18:42:00::SCWWriter::formatted JSON is {
	"platformName":	"milestone2",
	"sprVersion":	"2.0",
	"mode":	"gui",
	"dsaType":	"Fixed",
	"platformDesc":	"milestone2",
	"platHandOff":	"/home/ran/Documents/uni/s10/asip_lab/final_project/design_1_wrapper.xsa",
	"platIntHandOff":	"<platformDir>/hw/design_1_wrapper.xsa",
	"deviceType":	"zynq",
	"platIsPrebuiltAutogen":	"false",
	"platIsNoBootBsp":	"false",
	"hasFsblMakeHasChanges":	"false",
	"hasPmufwMakeHasChanges":	"false",
	"fsblExtraCompilerFlags":	"-MMD -MP       -mcpu=cortex-a9 -mfpu=vfpv3 -mfloat-abi=hard ",
	"platPreBuiltFlag":	false,
	"platformSamplesDir":	"",
	"platActiveSys":	"milestone2",
	"systems":	[{
			"systemName":	"milestone2",
			"systemDesc":	"milestone2",
			"sysIsBootAutoGen":	"true",
			"systemDispName":	"milestone2",
			"sysActiveDom":	"standalone_domain",
			"sysDefaultDom":	"standalone_domain",
			"domains":	[{
					"domainName":	"zynq_fsbl",
					"domainDispName":	"zynq_fsbl",
					"domainDesc":	"FSBL Application BSP - Auto Generated.",
					"processors":	"ps7_cortexa9_0",
					"os":	"standalone",
					"sdxOs":	"standalone",
					"debugEnable":	"",
					"domRuntimes":	["cpp"],
					"swRepo":	"",
					"mssOsVer":	"8.0",
					"mssFile":	"",
					"md5Digest":	"5190a0a8ca228895166de3d006f5d4d11",
					"compatibleApp":	"zynq_fsbl",
					"domType":	"bootDomain",
					"arch":	"32-bit",
					"appSettings":	{
						"appCompilerFlags":	"",
						"appLinkerFlags":	""
					},
					"addedLibs":	["xilffs:4.8", "xilrsa:1.6"],
					"libOptions":	{
						"standalone":	{
							"stdin":	"ps7_coresight_comp_0",
							"stdout":	"ps7_coresight_comp_0",
							"libOptionNames":	["stdin", "stdout"]
						},
						"libsContainingOptions":	["standalone"]
					},
					"prebuiltLibs":	{
						"prebuiltIncPath":	[],
						"prebuiltLibPath":	[]
					},
					"isolation":	{
					}
				}, {
					"domainName":	"standalone_domain",
					"domainDispName":	"standalone on ps7_cortexa9_0",
					"domainDesc":	"standalone_domain",
					"processors":	"ps7_cortexa9_0",
					"os":	"standalone",
					"sdxOs":	"standalone",
					"qemuArgs":	"<platformDir>/resources/milestone2/standalone_domain/qemu_args.txt",
					"qemuData":	"<platformDir>/resources/milestone2/standalone_domain/qemu",
					"debugEnable":	"False",
					"domRuntimes":	["cpp"],
					"swRepo":	"",
					"mssOsVer":	"8.0",
					"mssFile":	"",
					"md5Digest":	"25886e0fbe9d4ff5df7468588603f3f0",
					"compatibleApp":	"",
					"domType":	"mssDomain",
					"appSettings":	{
						"appCompilerFlags":	"",
						"appLinkerFlags":	""
					},
					"addedLibs":	[],
					"libOptions":	{
						"standalone":	{
							"stdin":	"ps7_coresight_comp_0",
							"stdout":	"ps7_coresight_comp_0",
							"libOptionNames":	["stdin", "stdout"]
						},
						"libsContainingOptions":	["standalone"]
					},
					"prebuiltLibs":	{
						"prebuiltIncPath":	[],
						"prebuiltLibPath":	[]
					},
					"isolation":	{
					}
				}]
		}]
}
KEYINFO::2026-07-26.18:42:00::SCWPlatform::updated the xpfm file.
TRACE::2026-07-26.18:42:00::SCWPlatform::Trying to open the hw design at /home/ran/Documents/uni/s10/asip_lab/vitis_ws/milestone2/hw/design_1_wrapper.xsa
TRACE::2026-07-26.18:42:00::SCWPlatform::DSA given /home/ran/Documents/uni/s10/asip_lab/vitis_ws/milestone2/hw/design_1_wrapper.xsa
TRACE::2026-07-26.18:42:00::SCWPlatform::DSA absoulate path /home/ran/Documents/uni/s10/asip_lab/vitis_ws/milestone2/hw/design_1_wrapper.xsa
TRACE::2026-07-26.18:42:00::SCWPlatform::DSA directory /home/ran/Documents/uni/s10/asip_lab/vitis_ws/milestone2/hw
TRACE::2026-07-26.18:42:00::SCWPlatform:: Platform Path /home/ran/Documents/uni/s10/asip_lab/vitis_ws/milestone2/hw/design_1_wrapper.xsa
TRACE::2026-07-26.18:42:00::SCWPlatform:: Unique name xilinx:::0.0
TRACE::2026-07-26.18:42:00::SCWPlatform::Trying to set the existing hwdb with name design_1_wrapper_17
TRACE::2026-07-26.18:42:00::SCWPlatform::Opened existing hwdb design_1_wrapper_17
TRACE::2026-07-26.18:42:00::SCWPlatform::Found the Hw Db part of the input DSA
TRACE::2026-07-26.18:42:00::SCWMssOS::Checking the sw design at  /home/ran/Documents/uni/s10/asip_lab/vitis_ws/milestone2/ps7_cortexa9_0/standalone_domain/bsp/system.mss
TRACE::2026-07-26.18:42:00::SCWMssOS::DEBUG:  swdes dump  /home/ran/Documents/uni/s10/asip_lab/vitis_ws/milestone2/ps7_cortexa9_0/standalone_domain/bsp/system.mss|system||
/home/ran/Documents/uni/s10/asip_lab/vitis_ws/milestone2/zynq_fsbl/zynq_fsbl_bsp/system.mss|system_0||

TRACE::2026-07-26.18:42:00::SCWMssOS::Sw design exists and opened at  /home/ran/Documents/uni/s10/asip_lab/vitis_ws/milestone2/ps7_cortexa9_0/standalone_domain/bsp/system.mss
TRACE::2026-07-26.18:54:36::SCWPlatform::Clearing the existing platform
TRACE::2026-07-26.18:54:36::SCWSystem::Clearing the existing sysconfig
TRACE::2026-07-26.18:54:36::SCWBDomain::clearing the fsbl build
TRACE::2026-07-26.18:54:36::SCWMssOS::Removing the swdes entry for  /home/ran/Documents/uni/s10/asip_lab/vitis_ws/milestone2/zynq_fsbl/zynq_fsbl_bsp/system.mss
TRACE::2026-07-26.18:54:36::SCWMssOS::Removing the swdes entry for  /home/ran/Documents/uni/s10/asip_lab/vitis_ws/milestone2/ps7_cortexa9_0/standalone_domain/bsp/system.mss
TRACE::2026-07-26.18:54:36::SCWSystem::Clearing the domains completed.
TRACE::2026-07-26.18:54:36::SCWPlatform::Clearing the opened hw db.
TRACE::2026-07-26.18:54:36::SCWPlatform::DSA given /home/ran/Documents/uni/s10/asip_lab/vitis_ws/milestone2/hw/design_1_wrapper.xsa
TRACE::2026-07-26.18:54:36::SCWPlatform::DSA absoulate path /home/ran/Documents/uni/s10/asip_lab/vitis_ws/milestone2/hw/design_1_wrapper.xsa
TRACE::2026-07-26.18:54:36::SCWPlatform:: Platform location is /home/ran/Documents/uni/s10/asip_lab/vitis_ws/milestone2/hw
TRACE::2026-07-26.18:54:36::SCWPlatform:: Platform Path /home/ran/Documents/uni/s10/asip_lab/vitis_ws/milestone2/hw/design_1_wrapper.xsa
TRACE::2026-07-26.18:54:36::SCWPlatform:: Unique name xilinx:::0.0
TRACE::2026-07-26.18:54:36::SCWPlatform::Removing the HwDB with name /home/ran/Documents/uni/s10/asip_lab/vitis_ws/milestone2/hw/design_1_wrapper.xsa
TRACE::2026-07-26.18:54:36::SCWPlatform::Trying to open the hw design at /home/ran/Documents/uni/s10/asip_lab/vitis_ws/milestone2/hw/design_1_wrapper.xsa
TRACE::2026-07-26.18:54:36::SCWPlatform::DSA given /home/ran/Documents/uni/s10/asip_lab/vitis_ws/milestone2/hw/design_1_wrapper.xsa
TRACE::2026-07-26.18:54:36::SCWPlatform::DSA absoulate path /home/ran/Documents/uni/s10/asip_lab/vitis_ws/milestone2/hw/design_1_wrapper.xsa
TRACE::2026-07-26.18:54:36::SCWPlatform::DSA directory /home/ran/Documents/uni/s10/asip_lab/vitis_ws/milestone2/hw
TRACE::2026-07-26.18:54:36::SCWPlatform:: Platform Path /home/ran/Documents/uni/s10/asip_lab/vitis_ws/milestone2/hw/design_1_wrapper.xsa
TRACE::2026-07-26.18:54:36::SCWPlatform:: Unique name xilinx:::0.0
TRACE::2026-07-26.18:54:36::SCWPlatform::Do not have an existing db opened. 
TRACE::2026-07-26.18:54:36::SCWPlatform::Opened new HwDB with name design_1_wrapper_20
TRACE::2026-07-26.18:54:36::SCWReader::Active system found as  milestone2
TRACE::2026-07-26.18:54:36::SCWReader::Handling sysconfig milestone2
TRACE::2026-07-26.18:54:36::SCWDomain::checking for install qemu data   : 
TRACE::2026-07-26.18:54:36::SCWDomain:: Using the QEMU Data from install at  : /home/ran/bin/Xilinx/Vitis/2022.2/data/emulation/platforms/zynq/sw/a9_standalone/qemu/
TRACE::2026-07-26.18:54:36::SCWDomain:: Using the QEMU args  from install at  : /home/ran/bin/Xilinx/Vitis/2022.2/data/emulation/platforms/zynq/sw/a9_standalone/qemu/qemu_args.txt
TRACE::2026-07-26.18:54:36::SCWPlatform::Trying to open the hw design at /home/ran/Documents/uni/s10/asip_lab/vitis_ws/milestone2/hw/design_1_wrapper.xsa
TRACE::2026-07-26.18:54:36::SCWPlatform::DSA given /home/ran/Documents/uni/s10/asip_lab/vitis_ws/milestone2/hw/design_1_wrapper.xsa
TRACE::2026-07-26.18:54:36::SCWPlatform::DSA absoulate path /home/ran/Documents/uni/s10/asip_lab/vitis_ws/milestone2/hw/design_1_wrapper.xsa
TRACE::2026-07-26.18:54:36::SCWPlatform::DSA directory /home/ran/Documents/uni/s10/asip_lab/vitis_ws/milestone2/hw
TRACE::2026-07-26.18:54:36::SCWPlatform:: Platform Path /home/ran/Documents/uni/s10/asip_lab/vitis_ws/milestone2/hw/design_1_wrapper.xsa
TRACE::2026-07-26.18:54:36::SCWPlatform:: Unique name xilinx:::0.0
TRACE::2026-07-26.18:54:36::SCWPlatform::Trying to set the existing hwdb with name design_1_wrapper_20
TRACE::2026-07-26.18:54:36::SCWPlatform::Opened existing hwdb design_1_wrapper_20
TRACE::2026-07-26.18:54:36::SCWPlatform::Found the Hw Db part of the input DSA
TRACE::2026-07-26.18:54:36::SCWPlatform::Trying to open the hw design at /home/ran/Documents/uni/s10/asip_lab/vitis_ws/milestone2/hw/design_1_wrapper.xsa
TRACE::2026-07-26.18:54:36::SCWPlatform::DSA given /home/ran/Documents/uni/s10/asip_lab/vitis_ws/milestone2/hw/design_1_wrapper.xsa
TRACE::2026-07-26.18:54:36::SCWPlatform::DSA absoulate path /home/ran/Documents/uni/s10/asip_lab/vitis_ws/milestone2/hw/design_1_wrapper.xsa
TRACE::2026-07-26.18:54:36::SCWPlatform::DSA directory /home/ran/Documents/uni/s10/asip_lab/vitis_ws/milestone2/hw
TRACE::2026-07-26.18:54:36::SCWPlatform:: Platform Path /home/ran/Documents/uni/s10/asip_lab/vitis_ws/milestone2/hw/design_1_wrapper.xsa
TRACE::2026-07-26.18:54:36::SCWPlatform:: Unique name xilinx:::0.0
TRACE::2026-07-26.18:54:36::SCWPlatform::Trying to set the existing hwdb with name design_1_wrapper_20
TRACE::2026-07-26.18:54:36::SCWPlatform::Opened existing hwdb design_1_wrapper_20
TRACE::2026-07-26.18:54:36::SCWPlatform::Found the Hw Db part of the input DSA
TRACE::2026-07-26.18:54:36::SCWPlatform::Trying to open the hw design at /home/ran/Documents/uni/s10/asip_lab/vitis_ws/milestone2/hw/design_1_wrapper.xsa
TRACE::2026-07-26.18:54:36::SCWPlatform::DSA given /home/ran/Documents/uni/s10/asip_lab/vitis_ws/milestone2/hw/design_1_wrapper.xsa
TRACE::2026-07-26.18:54:36::SCWPlatform::DSA absoulate path /home/ran/Documents/uni/s10/asip_lab/vitis_ws/milestone2/hw/design_1_wrapper.xsa
TRACE::2026-07-26.18:54:36::SCWPlatform::DSA directory /home/ran/Documents/uni/s10/asip_lab/vitis_ws/milestone2/hw
TRACE::2026-07-26.18:54:36::SCWPlatform:: Platform Path /home/ran/Documents/uni/s10/asip_lab/vitis_ws/milestone2/hw/design_1_wrapper.xsa
TRACE::2026-07-26.18:54:36::SCWPlatform:: Unique name xilinx:::0.0
TRACE::2026-07-26.18:54:36::SCWPlatform::Trying to set the existing hwdb with name design_1_wrapper_20
TRACE::2026-07-26.18:54:36::SCWPlatform::Opened existing hwdb design_1_wrapper_20
TRACE::2026-07-26.18:54:36::SCWPlatform::Found the Hw Db part of the input DSA
TRACE::2026-07-26.18:54:36::SCWReader::Boot application domain added for zynq_fsbl
TRACE::2026-07-26.18:54:36::SCWPlatform::Trying to open the hw design at /home/ran/Documents/uni/s10/asip_lab/vitis_ws/milestone2/hw/design_1_wrapper.xsa
TRACE::2026-07-26.18:54:36::SCWPlatform::DSA given /home/ran/Documents/uni/s10/asip_lab/vitis_ws/milestone2/hw/design_1_wrapper.xsa
TRACE::2026-07-26.18:54:36::SCWPlatform::DSA absoulate path /home/ran/Documents/uni/s10/asip_lab/vitis_ws/milestone2/hw/design_1_wrapper.xsa
TRACE::2026-07-26.18:54:36::SCWPlatform::DSA directory /home/ran/Documents/uni/s10/asip_lab/vitis_ws/milestone2/hw
TRACE::2026-07-26.18:54:36::SCWPlatform:: Platform Path /home/ran/Documents/uni/s10/asip_lab/vitis_ws/milestone2/hw/design_1_wrapper.xsa
TRACE::2026-07-26.18:54:36::SCWPlatform:: Unique name xilinx:::0.0
TRACE::2026-07-26.18:54:36::SCWPlatform::Trying to set the existing hwdb with name design_1_wrapper_20
TRACE::2026-07-26.18:54:36::SCWPlatform::Opened existing hwdb design_1_wrapper_20
TRACE::2026-07-26.18:54:36::SCWPlatform::Found the Hw Db part of the input DSA
TRACE::2026-07-26.18:54:36::SCWMssOS::Checking the sw design at  /home/ran/Documents/uni/s10/asip_lab/vitis_ws/milestone2/zynq_fsbl/zynq_fsbl_bsp/system.mss
TRACE::2026-07-26.18:54:36::SCWMssOS::DEBUG:  swdes dump  
TRACE::2026-07-26.18:54:36::SCWMssOS::No sw design opened at  /home/ran/Documents/uni/s10/asip_lab/vitis_ws/milestone2/zynq_fsbl/zynq_fsbl_bsp/system.mss
TRACE::2026-07-26.18:54:36::SCWMssOS::mss exists loading the mss file  /home/ran/Documents/uni/s10/asip_lab/vitis_ws/milestone2/zynq_fsbl/zynq_fsbl_bsp/system.mss
TRACE::2026-07-26.18:54:36::SCWMssOS::Opened the sw design from mss  /home/ran/Documents/uni/s10/asip_lab/vitis_ws/milestone2/zynq_fsbl/zynq_fsbl_bsp/system.mss
TRACE::2026-07-26.18:54:36::SCWMssOS::Adding the swdes entry /home/ran/Documents/uni/s10/asip_lab/vitis_ws/milestone2/zynq_fsbl/zynq_fsbl_bsp/system.mss with des name system
TRACE::2026-07-26.18:54:36::SCWMssOS::updating the scw layer about changes
TRACE::2026-07-26.18:54:36::SCWMssOS::Opened the sw design.  /home/ran/Documents/uni/s10/asip_lab/vitis_ws/milestone2/zynq_fsbl/zynq_fsbl_bsp/system.mss
TRACE::2026-07-26.18:54:36::SCWPlatform::Trying to open the hw design at /home/ran/Documents/uni/s10/asip_lab/vitis_ws/milestone2/hw/design_1_wrapper.xsa
TRACE::2026-07-26.18:54:36::SCWPlatform::DSA given /home/ran/Documents/uni/s10/asip_lab/vitis_ws/milestone2/hw/design_1_wrapper.xsa
TRACE::2026-07-26.18:54:36::SCWPlatform::DSA absoulate path /home/ran/Documents/uni/s10/asip_lab/vitis_ws/milestone2/hw/design_1_wrapper.xsa
TRACE::2026-07-26.18:54:36::SCWPlatform::DSA directory /home/ran/Documents/uni/s10/asip_lab/vitis_ws/milestone2/hw
TRACE::2026-07-26.18:54:36::SCWPlatform:: Platform Path /home/ran/Documents/uni/s10/asip_lab/vitis_ws/milestone2/hw/design_1_wrapper.xsa
TRACE::2026-07-26.18:54:36::SCWPlatform:: Unique name xilinx:::0.0
TRACE::2026-07-26.18:54:36::SCWPlatform::Trying to set the existing hwdb with name design_1_wrapper_20
TRACE::2026-07-26.18:54:36::SCWPlatform::Opened existing hwdb design_1_wrapper_20
TRACE::2026-07-26.18:54:36::SCWPlatform::Found the Hw Db part of the input DSA
TRACE::2026-07-26.18:54:36::SCWMssOS::Checking the sw design at  /home/ran/Documents/uni/s10/asip_lab/vitis_ws/milestone2/zynq_fsbl/zynq_fsbl_bsp/system.mss
TRACE::2026-07-26.18:54:36::SCWMssOS::DEBUG:  swdes dump  /home/ran/Documents/uni/s10/asip_lab/vitis_ws/milestone2/zynq_fsbl/zynq_fsbl_bsp/system.mss|system||

TRACE::2026-07-26.18:54:36::SCWMssOS::Sw design exists and opened at  /home/ran/Documents/uni/s10/asip_lab/vitis_ws/milestone2/zynq_fsbl/zynq_fsbl_bsp/system.mss
TRACE::2026-07-26.18:54:36::SCWMssOS:: library already available in sw design:  xilffs:4.8
TRACE::2026-07-26.18:54:36::SCWPlatform::Trying to open the hw design at /home/ran/Documents/uni/s10/asip_lab/vitis_ws/milestone2/hw/design_1_wrapper.xsa
TRACE::2026-07-26.18:54:36::SCWPlatform::DSA given /home/ran/Documents/uni/s10/asip_lab/vitis_ws/milestone2/hw/design_1_wrapper.xsa
TRACE::2026-07-26.18:54:36::SCWPlatform::DSA absoulate path /home/ran/Documents/uni/s10/asip_lab/vitis_ws/milestone2/hw/design_1_wrapper.xsa
TRACE::2026-07-26.18:54:36::SCWPlatform::DSA directory /home/ran/Documents/uni/s10/asip_lab/vitis_ws/milestone2/hw
TRACE::2026-07-26.18:54:36::SCWPlatform:: Platform Path /home/ran/Documents/uni/s10/asip_lab/vitis_ws/milestone2/hw/design_1_wrapper.xsa
TRACE::2026-07-26.18:54:36::SCWPlatform:: Unique name xilinx:::0.0
TRACE::2026-07-26.18:54:36::SCWPlatform::Trying to set the existing hwdb with name design_1_wrapper_20
TRACE::2026-07-26.18:54:36::SCWPlatform::Opened existing hwdb design_1_wrapper_20
TRACE::2026-07-26.18:54:36::SCWPlatform::Found the Hw Db part of the input DSA
TRACE::2026-07-26.18:54:36::SCWMssOS::Checking the sw design at  /home/ran/Documents/uni/s10/asip_lab/vitis_ws/milestone2/zynq_fsbl/zynq_fsbl_bsp/system.mss
TRACE::2026-07-26.18:54:36::SCWMssOS::DEBUG:  swdes dump  /home/ran/Documents/uni/s10/asip_lab/vitis_ws/milestone2/zynq_fsbl/zynq_fsbl_bsp/system.mss|system||

TRACE::2026-07-26.18:54:36::SCWMssOS::Sw design exists and opened at  /home/ran/Documents/uni/s10/asip_lab/vitis_ws/milestone2/zynq_fsbl/zynq_fsbl_bsp/system.mss
TRACE::2026-07-26.18:54:36::SCWMssOS:: library already available in sw design:  xilrsa:1.6
TRACE::2026-07-26.18:54:36::SCWPlatform::Trying to open the hw design at /home/ran/Documents/uni/s10/asip_lab/vitis_ws/milestone2/hw/design_1_wrapper.xsa
TRACE::2026-07-26.18:54:36::SCWPlatform::DSA given /home/ran/Documents/uni/s10/asip_lab/vitis_ws/milestone2/hw/design_1_wrapper.xsa
TRACE::2026-07-26.18:54:36::SCWPlatform::DSA absoulate path /home/ran/Documents/uni/s10/asip_lab/vitis_ws/milestone2/hw/design_1_wrapper.xsa
TRACE::2026-07-26.18:54:36::SCWPlatform::DSA directory /home/ran/Documents/uni/s10/asip_lab/vitis_ws/milestone2/hw
TRACE::2026-07-26.18:54:36::SCWPlatform:: Platform Path /home/ran/Documents/uni/s10/asip_lab/vitis_ws/milestone2/hw/design_1_wrapper.xsa
TRACE::2026-07-26.18:54:36::SCWPlatform:: Unique name xilinx:::0.0
TRACE::2026-07-26.18:54:36::SCWPlatform::Trying to set the existing hwdb with name design_1_wrapper_20
TRACE::2026-07-26.18:54:36::SCWPlatform::Opened existing hwdb design_1_wrapper_20
TRACE::2026-07-26.18:54:36::SCWPlatform::Found the Hw Db part of the input DSA
TRACE::2026-07-26.18:54:36::SCWMssOS::Checking the sw design at  /home/ran/Documents/uni/s10/asip_lab/vitis_ws/milestone2/zynq_fsbl/zynq_fsbl_bsp/system.mss
TRACE::2026-07-26.18:54:36::SCWMssOS::DEBUG:  swdes dump  /home/ran/Documents/uni/s10/asip_lab/vitis_ws/milestone2/zynq_fsbl/zynq_fsbl_bsp/system.mss|system||

TRACE::2026-07-26.18:54:36::SCWMssOS::Sw design exists and opened at  /home/ran/Documents/uni/s10/asip_lab/vitis_ws/milestone2/zynq_fsbl/zynq_fsbl_bsp/system.mss
TRACE::2026-07-26.18:54:36::SCWPlatform::Trying to open the hw design at /home/ran/Documents/uni/s10/asip_lab/vitis_ws/milestone2/hw/design_1_wrapper.xsa
TRACE::2026-07-26.18:54:36::SCWPlatform::DSA given /home/ran/Documents/uni/s10/asip_lab/vitis_ws/milestone2/hw/design_1_wrapper.xsa
TRACE::2026-07-26.18:54:36::SCWPlatform::DSA absoulate path /home/ran/Documents/uni/s10/asip_lab/vitis_ws/milestone2/hw/design_1_wrapper.xsa
TRACE::2026-07-26.18:54:36::SCWPlatform::DSA directory /home/ran/Documents/uni/s10/asip_lab/vitis_ws/milestone2/hw
TRACE::2026-07-26.18:54:36::SCWPlatform:: Platform Path /home/ran/Documents/uni/s10/asip_lab/vitis_ws/milestone2/hw/design_1_wrapper.xsa
TRACE::2026-07-26.18:54:36::SCWPlatform:: Unique name xilinx:::0.0
TRACE::2026-07-26.18:54:36::SCWPlatform::Trying to set the existing hwdb with name design_1_wrapper_20
TRACE::2026-07-26.18:54:36::SCWPlatform::Opened existing hwdb design_1_wrapper_20
TRACE::2026-07-26.18:54:36::SCWPlatform::Found the Hw Db part of the input DSA
TRACE::2026-07-26.18:54:36::SCWMssOS::Checking the sw design at  /home/ran/Documents/uni/s10/asip_lab/vitis_ws/milestone2/zynq_fsbl/zynq_fsbl_bsp/system.mss
TRACE::2026-07-26.18:54:36::SCWMssOS::DEBUG:  swdes dump  /home/ran/Documents/uni/s10/asip_lab/vitis_ws/milestone2/zynq_fsbl/zynq_fsbl_bsp/system.mss|system||

TRACE::2026-07-26.18:54:36::SCWMssOS::Sw design exists and opened at  /home/ran/Documents/uni/s10/asip_lab/vitis_ws/milestone2/zynq_fsbl/zynq_fsbl_bsp/system.mss
TRACE::2026-07-26.18:54:36::SCWPlatform::Trying to open the hw design at /home/ran/Documents/uni/s10/asip_lab/vitis_ws/milestone2/hw/design_1_wrapper.xsa
TRACE::2026-07-26.18:54:36::SCWPlatform::DSA given /home/ran/Documents/uni/s10/asip_lab/vitis_ws/milestone2/hw/design_1_wrapper.xsa
TRACE::2026-07-26.18:54:36::SCWPlatform::DSA absoulate path /home/ran/Documents/uni/s10/asip_lab/vitis_ws/milestone2/hw/design_1_wrapper.xsa
TRACE::2026-07-26.18:54:36::SCWPlatform::DSA directory /home/ran/Documents/uni/s10/asip_lab/vitis_ws/milestone2/hw
TRACE::2026-07-26.18:54:36::SCWPlatform:: Platform Path /home/ran/Documents/uni/s10/asip_lab/vitis_ws/milestone2/hw/design_1_wrapper.xsa
TRACE::2026-07-26.18:54:36::SCWPlatform:: Unique name xilinx:::0.0
TRACE::2026-07-26.18:54:36::SCWPlatform::Trying to set the existing hwdb with name design_1_wrapper_20
TRACE::2026-07-26.18:54:36::SCWPlatform::Opened existing hwdb design_1_wrapper_20
TRACE::2026-07-26.18:54:36::SCWPlatform::Found the Hw Db part of the input DSA
TRACE::2026-07-26.18:54:36::SCWMssOS::Checking the sw design at  /home/ran/Documents/uni/s10/asip_lab/vitis_ws/milestone2/zynq_fsbl/zynq_fsbl_bsp/system.mss
TRACE::2026-07-26.18:54:36::SCWMssOS::DEBUG:  swdes dump  /home/ran/Documents/uni/s10/asip_lab/vitis_ws/milestone2/zynq_fsbl/zynq_fsbl_bsp/system.mss|system||

TRACE::2026-07-26.18:54:36::SCWMssOS::Sw design exists and opened at  /home/ran/Documents/uni/s10/asip_lab/vitis_ws/milestone2/zynq_fsbl/zynq_fsbl_bsp/system.mss
TRACE::2026-07-26.18:54:36::SCWPlatform::Trying to open the hw design at /home/ran/Documents/uni/s10/asip_lab/vitis_ws/milestone2/hw/design_1_wrapper.xsa
TRACE::2026-07-26.18:54:36::SCWPlatform::DSA given /home/ran/Documents/uni/s10/asip_lab/vitis_ws/milestone2/hw/design_1_wrapper.xsa
TRACE::2026-07-26.18:54:36::SCWPlatform::DSA absoulate path /home/ran/Documents/uni/s10/asip_lab/vitis_ws/milestone2/hw/design_1_wrapper.xsa
TRACE::2026-07-26.18:54:36::SCWPlatform::DSA directory /home/ran/Documents/uni/s10/asip_lab/vitis_ws/milestone2/hw
TRACE::2026-07-26.18:54:36::SCWPlatform:: Platform Path /home/ran/Documents/uni/s10/asip_lab/vitis_ws/milestone2/hw/design_1_wrapper.xsa
TRACE::2026-07-26.18:54:36::SCWPlatform:: Unique name xilinx:::0.0
TRACE::2026-07-26.18:54:36::SCWPlatform::Trying to set the existing hwdb with name design_1_wrapper_20
TRACE::2026-07-26.18:54:36::SCWPlatform::Opened existing hwdb design_1_wrapper_20
TRACE::2026-07-26.18:54:36::SCWPlatform::Found the Hw Db part of the input DSA
TRACE::2026-07-26.18:54:36::SCWMssOS::Checking the sw design at  /home/ran/Documents/uni/s10/asip_lab/vitis_ws/milestone2/zynq_fsbl/zynq_fsbl_bsp/system.mss
TRACE::2026-07-26.18:54:36::SCWMssOS::DEBUG:  swdes dump  /home/ran/Documents/uni/s10/asip_lab/vitis_ws/milestone2/zynq_fsbl/zynq_fsbl_bsp/system.mss|system||

TRACE::2026-07-26.18:54:36::SCWMssOS::Sw design exists and opened at  /home/ran/Documents/uni/s10/asip_lab/vitis_ws/milestone2/zynq_fsbl/zynq_fsbl_bsp/system.mss
TRACE::2026-07-26.18:54:36::SCWMssOS::Saving the mss changes /home/ran/Documents/uni/s10/asip_lab/vitis_ws/milestone2/zynq_fsbl/zynq_fsbl_bsp/system.mss
TRACE::2026-07-26.18:54:36::SCWMssOS::Found a swdesign opened with the mssfile.
TRACE::2026-07-26.18:54:36::SCWMssOS::Completed writemss as part of save.
TRACE::2026-07-26.18:54:36::SCWMssOS::Commit changes completed.
TRACE::2026-07-26.18:54:36::SCWReader::Adding prebuilt librarypaths as   
TRACE::2026-07-26.18:54:36::SCWReader::Adding prebuilt incpaths  as   
TRACE::2026-07-26.18:54:36::SCWPlatform::Trying to open the hw design at /home/ran/Documents/uni/s10/asip_lab/vitis_ws/milestone2/hw/design_1_wrapper.xsa
TRACE::2026-07-26.18:54:36::SCWPlatform::DSA given /home/ran/Documents/uni/s10/asip_lab/vitis_ws/milestone2/hw/design_1_wrapper.xsa
TRACE::2026-07-26.18:54:36::SCWPlatform::DSA absoulate path /home/ran/Documents/uni/s10/asip_lab/vitis_ws/milestone2/hw/design_1_wrapper.xsa
TRACE::2026-07-26.18:54:36::SCWPlatform::DSA directory /home/ran/Documents/uni/s10/asip_lab/vitis_ws/milestone2/hw
TRACE::2026-07-26.18:54:36::SCWPlatform:: Platform Path /home/ran/Documents/uni/s10/asip_lab/vitis_ws/milestone2/hw/design_1_wrapper.xsa
TRACE::2026-07-26.18:54:36::SCWPlatform:: Unique name xilinx:::0.0
TRACE::2026-07-26.18:54:36::SCWPlatform::Trying to set the existing hwdb with name design_1_wrapper_20
TRACE::2026-07-26.18:54:36::SCWPlatform::Opened existing hwdb design_1_wrapper_20
TRACE::2026-07-26.18:54:36::SCWPlatform::Found the Hw Db part of the input DSA
TRACE::2026-07-26.18:54:36::SCWMssOS::Checking the sw design at  /home/ran/Documents/uni/s10/asip_lab/vitis_ws/milestone2/zynq_fsbl/zynq_fsbl_bsp/system.mss
TRACE::2026-07-26.18:54:36::SCWMssOS::DEBUG:  swdes dump  /home/ran/Documents/uni/s10/asip_lab/vitis_ws/milestone2/zynq_fsbl/zynq_fsbl_bsp/system.mss|system||

TRACE::2026-07-26.18:54:36::SCWMssOS::Sw design exists and opened at  /home/ran/Documents/uni/s10/asip_lab/vitis_ws/milestone2/zynq_fsbl/zynq_fsbl_bsp/system.mss
TRACE::2026-07-26.18:54:36::SCWReader::No isolation master present  
TRACE::2026-07-26.18:54:36::SCWDomain::checking for install qemu data   : 
TRACE::2026-07-26.18:54:36::SCWDomain:: Using the QEMU Data from install at  : /home/ran/bin/Xilinx/Vitis/2022.2/data/emulation/platforms/zynq/sw/a9_standalone/qemu/
TRACE::2026-07-26.18:54:36::SCWDomain:: Using the QEMU args  from install at  : /home/ran/bin/Xilinx/Vitis/2022.2/data/emulation/platforms/zynq/sw/a9_standalone/qemu/qemu_args.txt
TRACE::2026-07-26.18:54:36::SCWPlatform::Trying to open the hw design at /home/ran/Documents/uni/s10/asip_lab/vitis_ws/milestone2/hw/design_1_wrapper.xsa
TRACE::2026-07-26.18:54:36::SCWPlatform::DSA given /home/ran/Documents/uni/s10/asip_lab/vitis_ws/milestone2/hw/design_1_wrapper.xsa
TRACE::2026-07-26.18:54:36::SCWPlatform::DSA absoulate path /home/ran/Documents/uni/s10/asip_lab/vitis_ws/milestone2/hw/design_1_wrapper.xsa
TRACE::2026-07-26.18:54:36::SCWPlatform::DSA directory /home/ran/Documents/uni/s10/asip_lab/vitis_ws/milestone2/hw
TRACE::2026-07-26.18:54:36::SCWPlatform:: Platform Path /home/ran/Documents/uni/s10/asip_lab/vitis_ws/milestone2/hw/design_1_wrapper.xsa
TRACE::2026-07-26.18:54:36::SCWPlatform:: Unique name xilinx:::0.0
TRACE::2026-07-26.18:54:36::SCWPlatform::Trying to set the existing hwdb with name design_1_wrapper_20
TRACE::2026-07-26.18:54:36::SCWPlatform::Opened existing hwdb design_1_wrapper_20
TRACE::2026-07-26.18:54:36::SCWPlatform::Found the Hw Db part of the input DSA
TRACE::2026-07-26.18:54:36::SCWPlatform::Trying to open the hw design at /home/ran/Documents/uni/s10/asip_lab/vitis_ws/milestone2/hw/design_1_wrapper.xsa
TRACE::2026-07-26.18:54:36::SCWPlatform::DSA given /home/ran/Documents/uni/s10/asip_lab/vitis_ws/milestone2/hw/design_1_wrapper.xsa
TRACE::2026-07-26.18:54:36::SCWPlatform::DSA absoulate path /home/ran/Documents/uni/s10/asip_lab/vitis_ws/milestone2/hw/design_1_wrapper.xsa
TRACE::2026-07-26.18:54:36::SCWPlatform::DSA directory /home/ran/Documents/uni/s10/asip_lab/vitis_ws/milestone2/hw
TRACE::2026-07-26.18:54:36::SCWPlatform:: Platform Path /home/ran/Documents/uni/s10/asip_lab/vitis_ws/milestone2/hw/design_1_wrapper.xsa
TRACE::2026-07-26.18:54:36::SCWPlatform:: Unique name xilinx:::0.0
TRACE::2026-07-26.18:54:36::SCWPlatform::Trying to set the existing hwdb with name design_1_wrapper_20
TRACE::2026-07-26.18:54:36::SCWPlatform::Opened existing hwdb design_1_wrapper_20
TRACE::2026-07-26.18:54:36::SCWPlatform::Found the Hw Db part of the input DSA
TRACE::2026-07-26.18:54:36::SCWPlatform::Trying to open the hw design at /home/ran/Documents/uni/s10/asip_lab/vitis_ws/milestone2/hw/design_1_wrapper.xsa
TRACE::2026-07-26.18:54:36::SCWPlatform::DSA given /home/ran/Documents/uni/s10/asip_lab/vitis_ws/milestone2/hw/design_1_wrapper.xsa
TRACE::2026-07-26.18:54:36::SCWPlatform::DSA absoulate path /home/ran/Documents/uni/s10/asip_lab/vitis_ws/milestone2/hw/design_1_wrapper.xsa
TRACE::2026-07-26.18:54:36::SCWPlatform::DSA directory /home/ran/Documents/uni/s10/asip_lab/vitis_ws/milestone2/hw
TRACE::2026-07-26.18:54:36::SCWPlatform:: Platform Path /home/ran/Documents/uni/s10/asip_lab/vitis_ws/milestone2/hw/design_1_wrapper.xsa
TRACE::2026-07-26.18:54:36::SCWPlatform:: Unique name xilinx:::0.0
TRACE::2026-07-26.18:54:36::SCWPlatform::Trying to set the existing hwdb with name design_1_wrapper_20
TRACE::2026-07-26.18:54:36::SCWPlatform::Opened existing hwdb design_1_wrapper_20
TRACE::2026-07-26.18:54:36::SCWPlatform::Found the Hw Db part of the input DSA
TRACE::2026-07-26.18:54:36::SCWMssOS::Checking the sw design at  /home/ran/Documents/uni/s10/asip_lab/vitis_ws/milestone2/ps7_cortexa9_0/standalone_domain/bsp/system.mss
TRACE::2026-07-26.18:54:36::SCWMssOS::DEBUG:  swdes dump  /home/ran/Documents/uni/s10/asip_lab/vitis_ws/milestone2/zynq_fsbl/zynq_fsbl_bsp/system.mss|system||

TRACE::2026-07-26.18:54:36::SCWMssOS::No sw design opened at  /home/ran/Documents/uni/s10/asip_lab/vitis_ws/milestone2/ps7_cortexa9_0/standalone_domain/bsp/system.mss
TRACE::2026-07-26.18:54:36::SCWMssOS::mss exists loading the mss file  /home/ran/Documents/uni/s10/asip_lab/vitis_ws/milestone2/ps7_cortexa9_0/standalone_domain/bsp/system.mss
TRACE::2026-07-26.18:54:36::SCWMssOS::Opened the sw design from mss  /home/ran/Documents/uni/s10/asip_lab/vitis_ws/milestone2/ps7_cortexa9_0/standalone_domain/bsp/system.mss
TRACE::2026-07-26.18:54:36::SCWMssOS::Adding the swdes entry /home/ran/Documents/uni/s10/asip_lab/vitis_ws/milestone2/ps7_cortexa9_0/standalone_domain/bsp/system.mss with des name system_0
TRACE::2026-07-26.18:54:36::SCWMssOS::updating the scw layer about changes
TRACE::2026-07-26.18:54:36::SCWMssOS::Opened the sw design.  /home/ran/Documents/uni/s10/asip_lab/vitis_ws/milestone2/ps7_cortexa9_0/standalone_domain/bsp/system.mss
TRACE::2026-07-26.18:54:36::SCWPlatform::Trying to open the hw design at /home/ran/Documents/uni/s10/asip_lab/vitis_ws/milestone2/hw/design_1_wrapper.xsa
TRACE::2026-07-26.18:54:36::SCWPlatform::DSA given /home/ran/Documents/uni/s10/asip_lab/vitis_ws/milestone2/hw/design_1_wrapper.xsa
TRACE::2026-07-26.18:54:36::SCWPlatform::DSA absoulate path /home/ran/Documents/uni/s10/asip_lab/vitis_ws/milestone2/hw/design_1_wrapper.xsa
TRACE::2026-07-26.18:54:36::SCWPlatform::DSA directory /home/ran/Documents/uni/s10/asip_lab/vitis_ws/milestone2/hw
TRACE::2026-07-26.18:54:36::SCWPlatform:: Platform Path /home/ran/Documents/uni/s10/asip_lab/vitis_ws/milestone2/hw/design_1_wrapper.xsa
TRACE::2026-07-26.18:54:36::SCWPlatform:: Unique name xilinx:::0.0
TRACE::2026-07-26.18:54:36::SCWPlatform::Trying to set the existing hwdb with name design_1_wrapper_20
TRACE::2026-07-26.18:54:36::SCWPlatform::Opened existing hwdb design_1_wrapper_20
TRACE::2026-07-26.18:54:36::SCWPlatform::Found the Hw Db part of the input DSA
TRACE::2026-07-26.18:54:36::SCWMssOS::Checking the sw design at  /home/ran/Documents/uni/s10/asip_lab/vitis_ws/milestone2/ps7_cortexa9_0/standalone_domain/bsp/system.mss
TRACE::2026-07-26.18:54:36::SCWMssOS::DEBUG:  swdes dump  /home/ran/Documents/uni/s10/asip_lab/vitis_ws/milestone2/ps7_cortexa9_0/standalone_domain/bsp/system.mss|system_0||
/home/ran/Documents/uni/s10/asip_lab/vitis_ws/milestone2/zynq_fsbl/zynq_fsbl_bsp/system.mss|system||

TRACE::2026-07-26.18:54:36::SCWMssOS::Sw design exists and opened at  /home/ran/Documents/uni/s10/asip_lab/vitis_ws/milestone2/ps7_cortexa9_0/standalone_domain/bsp/system.mss
TRACE::2026-07-26.18:54:36::SCWPlatform::Trying to open the hw design at /home/ran/Documents/uni/s10/asip_lab/vitis_ws/milestone2/hw/design_1_wrapper.xsa
TRACE::2026-07-26.18:54:36::SCWPlatform::DSA given /home/ran/Documents/uni/s10/asip_lab/vitis_ws/milestone2/hw/design_1_wrapper.xsa
TRACE::2026-07-26.18:54:36::SCWPlatform::DSA absoulate path /home/ran/Documents/uni/s10/asip_lab/vitis_ws/milestone2/hw/design_1_wrapper.xsa
TRACE::2026-07-26.18:54:36::SCWPlatform::DSA directory /home/ran/Documents/uni/s10/asip_lab/vitis_ws/milestone2/hw
TRACE::2026-07-26.18:54:36::SCWPlatform:: Platform Path /home/ran/Documents/uni/s10/asip_lab/vitis_ws/milestone2/hw/design_1_wrapper.xsa
TRACE::2026-07-26.18:54:36::SCWPlatform:: Unique name xilinx:::0.0
TRACE::2026-07-26.18:54:36::SCWPlatform::Trying to set the existing hwdb with name design_1_wrapper_20
TRACE::2026-07-26.18:54:36::SCWPlatform::Opened existing hwdb design_1_wrapper_20
TRACE::2026-07-26.18:54:36::SCWPlatform::Found the Hw Db part of the input DSA
TRACE::2026-07-26.18:54:36::SCWMssOS::Checking the sw design at  /home/ran/Documents/uni/s10/asip_lab/vitis_ws/milestone2/ps7_cortexa9_0/standalone_domain/bsp/system.mss
TRACE::2026-07-26.18:54:36::SCWMssOS::DEBUG:  swdes dump  /home/ran/Documents/uni/s10/asip_lab/vitis_ws/milestone2/ps7_cortexa9_0/standalone_domain/bsp/system.mss|system_0||
/home/ran/Documents/uni/s10/asip_lab/vitis_ws/milestone2/zynq_fsbl/zynq_fsbl_bsp/system.mss|system||

TRACE::2026-07-26.18:54:36::SCWMssOS::Sw design exists and opened at  /home/ran/Documents/uni/s10/asip_lab/vitis_ws/milestone2/ps7_cortexa9_0/standalone_domain/bsp/system.mss
TRACE::2026-07-26.18:54:36::SCWPlatform::Trying to open the hw design at /home/ran/Documents/uni/s10/asip_lab/vitis_ws/milestone2/hw/design_1_wrapper.xsa
TRACE::2026-07-26.18:54:36::SCWPlatform::DSA given /home/ran/Documents/uni/s10/asip_lab/vitis_ws/milestone2/hw/design_1_wrapper.xsa
TRACE::2026-07-26.18:54:36::SCWPlatform::DSA absoulate path /home/ran/Documents/uni/s10/asip_lab/vitis_ws/milestone2/hw/design_1_wrapper.xsa
TRACE::2026-07-26.18:54:36::SCWPlatform::DSA directory /home/ran/Documents/uni/s10/asip_lab/vitis_ws/milestone2/hw
TRACE::2026-07-26.18:54:36::SCWPlatform:: Platform Path /home/ran/Documents/uni/s10/asip_lab/vitis_ws/milestone2/hw/design_1_wrapper.xsa
TRACE::2026-07-26.18:54:36::SCWPlatform:: Unique name xilinx:::0.0
TRACE::2026-07-26.18:54:36::SCWPlatform::Trying to set the existing hwdb with name design_1_wrapper_20
TRACE::2026-07-26.18:54:36::SCWPlatform::Opened existing hwdb design_1_wrapper_20
TRACE::2026-07-26.18:54:36::SCWPlatform::Found the Hw Db part of the input DSA
TRACE::2026-07-26.18:54:36::SCWMssOS::Checking the sw design at  /home/ran/Documents/uni/s10/asip_lab/vitis_ws/milestone2/ps7_cortexa9_0/standalone_domain/bsp/system.mss
TRACE::2026-07-26.18:54:36::SCWMssOS::DEBUG:  swdes dump  /home/ran/Documents/uni/s10/asip_lab/vitis_ws/milestone2/ps7_cortexa9_0/standalone_domain/bsp/system.mss|system_0||
/home/ran/Documents/uni/s10/asip_lab/vitis_ws/milestone2/zynq_fsbl/zynq_fsbl_bsp/system.mss|system||

TRACE::2026-07-26.18:54:36::SCWMssOS::Sw design exists and opened at  /home/ran/Documents/uni/s10/asip_lab/vitis_ws/milestone2/ps7_cortexa9_0/standalone_domain/bsp/system.mss
TRACE::2026-07-26.18:54:36::SCWPlatform::Trying to open the hw design at /home/ran/Documents/uni/s10/asip_lab/vitis_ws/milestone2/hw/design_1_wrapper.xsa
TRACE::2026-07-26.18:54:36::SCWPlatform::DSA given /home/ran/Documents/uni/s10/asip_lab/vitis_ws/milestone2/hw/design_1_wrapper.xsa
TRACE::2026-07-26.18:54:36::SCWPlatform::DSA absoulate path /home/ran/Documents/uni/s10/asip_lab/vitis_ws/milestone2/hw/design_1_wrapper.xsa
TRACE::2026-07-26.18:54:36::SCWPlatform::DSA directory /home/ran/Documents/uni/s10/asip_lab/vitis_ws/milestone2/hw
TRACE::2026-07-26.18:54:36::SCWPlatform:: Platform Path /home/ran/Documents/uni/s10/asip_lab/vitis_ws/milestone2/hw/design_1_wrapper.xsa
TRACE::2026-07-26.18:54:36::SCWPlatform:: Unique name xilinx:::0.0
TRACE::2026-07-26.18:54:36::SCWPlatform::Trying to set the existing hwdb with name design_1_wrapper_20
TRACE::2026-07-26.18:54:36::SCWPlatform::Opened existing hwdb design_1_wrapper_20
TRACE::2026-07-26.18:54:36::SCWPlatform::Found the Hw Db part of the input DSA
TRACE::2026-07-26.18:54:36::SCWMssOS::Checking the sw design at  /home/ran/Documents/uni/s10/asip_lab/vitis_ws/milestone2/ps7_cortexa9_0/standalone_domain/bsp/system.mss
TRACE::2026-07-26.18:54:36::SCWMssOS::DEBUG:  swdes dump  /home/ran/Documents/uni/s10/asip_lab/vitis_ws/milestone2/ps7_cortexa9_0/standalone_domain/bsp/system.mss|system_0||
/home/ran/Documents/uni/s10/asip_lab/vitis_ws/milestone2/zynq_fsbl/zynq_fsbl_bsp/system.mss|system||

TRACE::2026-07-26.18:54:36::SCWMssOS::Sw design exists and opened at  /home/ran/Documents/uni/s10/asip_lab/vitis_ws/milestone2/ps7_cortexa9_0/standalone_domain/bsp/system.mss
TRACE::2026-07-26.18:54:36::SCWMssOS::Saving the mss changes /home/ran/Documents/uni/s10/asip_lab/vitis_ws/milestone2/ps7_cortexa9_0/standalone_domain/bsp/system.mss
TRACE::2026-07-26.18:54:36::SCWMssOS::Found a swdesign opened with the mssfile.
TRACE::2026-07-26.18:54:36::SCWMssOS::Completed writemss as part of save.
TRACE::2026-07-26.18:54:36::SCWMssOS::Commit changes completed.
TRACE::2026-07-26.18:54:36::SCWReader::Adding prebuilt librarypaths as   
TRACE::2026-07-26.18:54:36::SCWReader::Adding prebuilt incpaths  as   
TRACE::2026-07-26.18:54:36::SCWPlatform::Trying to open the hw design at /home/ran/Documents/uni/s10/asip_lab/vitis_ws/milestone2/hw/design_1_wrapper.xsa
TRACE::2026-07-26.18:54:36::SCWPlatform::DSA given /home/ran/Documents/uni/s10/asip_lab/vitis_ws/milestone2/hw/design_1_wrapper.xsa
TRACE::2026-07-26.18:54:36::SCWPlatform::DSA absoulate path /home/ran/Documents/uni/s10/asip_lab/vitis_ws/milestone2/hw/design_1_wrapper.xsa
TRACE::2026-07-26.18:54:36::SCWPlatform::DSA directory /home/ran/Documents/uni/s10/asip_lab/vitis_ws/milestone2/hw
TRACE::2026-07-26.18:54:36::SCWPlatform:: Platform Path /home/ran/Documents/uni/s10/asip_lab/vitis_ws/milestone2/hw/design_1_wrapper.xsa
TRACE::2026-07-26.18:54:36::SCWPlatform:: Unique name xilinx:::0.0
TRACE::2026-07-26.18:54:36::SCWPlatform::Trying to set the existing hwdb with name design_1_wrapper_20
TRACE::2026-07-26.18:54:36::SCWPlatform::Opened existing hwdb design_1_wrapper_20
TRACE::2026-07-26.18:54:36::SCWPlatform::Found the Hw Db part of the input DSA
TRACE::2026-07-26.18:54:36::SCWMssOS::Checking the sw design at  /home/ran/Documents/uni/s10/asip_lab/vitis_ws/milestone2/ps7_cortexa9_0/standalone_domain/bsp/system.mss
TRACE::2026-07-26.18:54:36::SCWMssOS::DEBUG:  swdes dump  /home/ran/Documents/uni/s10/asip_lab/vitis_ws/milestone2/ps7_cortexa9_0/standalone_domain/bsp/system.mss|system_0||
/home/ran/Documents/uni/s10/asip_lab/vitis_ws/milestone2/zynq_fsbl/zynq_fsbl_bsp/system.mss|system||

TRACE::2026-07-26.18:54:36::SCWMssOS::Sw design exists and opened at  /home/ran/Documents/uni/s10/asip_lab/vitis_ws/milestone2/ps7_cortexa9_0/standalone_domain/bsp/system.mss
TRACE::2026-07-26.18:54:36::SCWReader::No isolation master present  
TRACE::2026-07-26.18:54:37::SCWPlatform::Trying to open the hw design at /home/ran/Documents/uni/s10/asip_lab/vitis_ws/milestone2/hw/design_1_wrapper.xsa
TRACE::2026-07-26.18:54:37::SCWPlatform::DSA given /home/ran/Documents/uni/s10/asip_lab/vitis_ws/milestone2/hw/design_1_wrapper.xsa
TRACE::2026-07-26.18:54:37::SCWPlatform::DSA absoulate path /home/ran/Documents/uni/s10/asip_lab/vitis_ws/milestone2/hw/design_1_wrapper.xsa
TRACE::2026-07-26.18:54:37::SCWPlatform::DSA directory /home/ran/Documents/uni/s10/asip_lab/vitis_ws/milestone2/hw
TRACE::2026-07-26.18:54:37::SCWPlatform:: Platform Path /home/ran/Documents/uni/s10/asip_lab/vitis_ws/milestone2/hw/design_1_wrapper.xsa
TRACE::2026-07-26.18:54:37::SCWPlatform:: Unique name xilinx:::0.0
TRACE::2026-07-26.18:54:37::SCWPlatform::Trying to set the existing hwdb with name design_1_wrapper_20
TRACE::2026-07-26.18:54:37::SCWPlatform::Opened existing hwdb design_1_wrapper_20
TRACE::2026-07-26.18:54:37::SCWPlatform::Found the Hw Db part of the input DSA
TRACE::2026-07-26.18:54:37::SCWMssOS::Checking the sw design at  /home/ran/Documents/uni/s10/asip_lab/vitis_ws/milestone2/ps7_cortexa9_0/standalone_domain/bsp/system.mss
TRACE::2026-07-26.18:54:37::SCWMssOS::DEBUG:  swdes dump  /home/ran/Documents/uni/s10/asip_lab/vitis_ws/milestone2/ps7_cortexa9_0/standalone_domain/bsp/system.mss|system_0||
/home/ran/Documents/uni/s10/asip_lab/vitis_ws/milestone2/zynq_fsbl/zynq_fsbl_bsp/system.mss|system||

TRACE::2026-07-26.18:54:37::SCWMssOS::Sw design exists and opened at  /home/ran/Documents/uni/s10/asip_lab/vitis_ws/milestone2/ps7_cortexa9_0/standalone_domain/bsp/system.mss
TRACE::2026-07-26.18:54:37::SCWMssOS::In reload Mss file.
TRACE::2026-07-26.18:54:37::SCWPlatform::Trying to open the hw design at /home/ran/Documents/uni/s10/asip_lab/vitis_ws/milestone2/hw/design_1_wrapper.xsa
TRACE::2026-07-26.18:54:37::SCWPlatform::DSA given /home/ran/Documents/uni/s10/asip_lab/vitis_ws/milestone2/hw/design_1_wrapper.xsa
TRACE::2026-07-26.18:54:37::SCWPlatform::DSA absoulate path /home/ran/Documents/uni/s10/asip_lab/vitis_ws/milestone2/hw/design_1_wrapper.xsa
TRACE::2026-07-26.18:54:37::SCWPlatform::DSA directory /home/ran/Documents/uni/s10/asip_lab/vitis_ws/milestone2/hw
TRACE::2026-07-26.18:54:37::SCWPlatform:: Platform Path /home/ran/Documents/uni/s10/asip_lab/vitis_ws/milestone2/hw/design_1_wrapper.xsa
TRACE::2026-07-26.18:54:37::SCWPlatform:: Unique name xilinx:::0.0
TRACE::2026-07-26.18:54:37::SCWPlatform::Trying to set the existing hwdb with name design_1_wrapper_20
TRACE::2026-07-26.18:54:37::SCWPlatform::Opened existing hwdb design_1_wrapper_20
TRACE::2026-07-26.18:54:37::SCWPlatform::Found the Hw Db part of the input DSA
TRACE::2026-07-26.18:54:37::SCWMssOS::Checking the sw design at  /home/ran/Documents/uni/s10/asip_lab/vitis_ws/milestone2/ps7_cortexa9_0/standalone_domain/bsp/system.mss
TRACE::2026-07-26.18:54:37::SCWMssOS::DEBUG:  swdes dump  /home/ran/Documents/uni/s10/asip_lab/vitis_ws/milestone2/zynq_fsbl/zynq_fsbl_bsp/system.mss|system||

TRACE::2026-07-26.18:54:37::SCWMssOS::No sw design opened at  /home/ran/Documents/uni/s10/asip_lab/vitis_ws/milestone2/ps7_cortexa9_0/standalone_domain/bsp/system.mss
TRACE::2026-07-26.18:54:37::SCWMssOS::mss exists loading the mss file  /home/ran/Documents/uni/s10/asip_lab/vitis_ws/milestone2/ps7_cortexa9_0/standalone_domain/bsp/system.mss
TRACE::2026-07-26.18:54:37::SCWMssOS::Opened the sw design from mss  /home/ran/Documents/uni/s10/asip_lab/vitis_ws/milestone2/ps7_cortexa9_0/standalone_domain/bsp/system.mss
TRACE::2026-07-26.18:54:37::SCWMssOS::Adding the swdes entry /home/ran/Documents/uni/s10/asip_lab/vitis_ws/milestone2/ps7_cortexa9_0/standalone_domain/bsp/system.mss with des name system_0
TRACE::2026-07-26.18:54:37::SCWMssOS::updating the scw layer about changes
TRACE::2026-07-26.18:54:37::SCWMssOS::Opened the sw design.  /home/ran/Documents/uni/s10/asip_lab/vitis_ws/milestone2/ps7_cortexa9_0/standalone_domain/bsp/system.mss
TRACE::2026-07-26.18:54:37::SCWPlatform::Trying to open the hw design at /home/ran/Documents/uni/s10/asip_lab/vitis_ws/milestone2/hw/design_1_wrapper.xsa
TRACE::2026-07-26.18:54:37::SCWPlatform::DSA given /home/ran/Documents/uni/s10/asip_lab/vitis_ws/milestone2/hw/design_1_wrapper.xsa
TRACE::2026-07-26.18:54:37::SCWPlatform::DSA absoulate path /home/ran/Documents/uni/s10/asip_lab/vitis_ws/milestone2/hw/design_1_wrapper.xsa
TRACE::2026-07-26.18:54:37::SCWPlatform::DSA directory /home/ran/Documents/uni/s10/asip_lab/vitis_ws/milestone2/hw
TRACE::2026-07-26.18:54:37::SCWPlatform:: Platform Path /home/ran/Documents/uni/s10/asip_lab/vitis_ws/milestone2/hw/design_1_wrapper.xsa
TRACE::2026-07-26.18:54:37::SCWPlatform:: Unique name xilinx:::0.0
TRACE::2026-07-26.18:54:37::SCWPlatform::Trying to set the existing hwdb with name design_1_wrapper_20
TRACE::2026-07-26.18:54:37::SCWPlatform::Opened existing hwdb design_1_wrapper_20
TRACE::2026-07-26.18:54:37::SCWPlatform::Found the Hw Db part of the input DSA
TRACE::2026-07-26.18:54:37::SCWMssOS::Checking the sw design at  /home/ran/Documents/uni/s10/asip_lab/vitis_ws/milestone2/ps7_cortexa9_0/standalone_domain/bsp/system.mss
TRACE::2026-07-26.18:54:37::SCWMssOS::DEBUG:  swdes dump  /home/ran/Documents/uni/s10/asip_lab/vitis_ws/milestone2/ps7_cortexa9_0/standalone_domain/bsp/system.mss|system_0||
/home/ran/Documents/uni/s10/asip_lab/vitis_ws/milestone2/zynq_fsbl/zynq_fsbl_bsp/system.mss|system||

TRACE::2026-07-26.18:54:37::SCWMssOS::Sw design exists and opened at  /home/ran/Documents/uni/s10/asip_lab/vitis_ws/milestone2/ps7_cortexa9_0/standalone_domain/bsp/system.mss
TRACE::2026-07-26.18:54:37::SCWPlatform::Trying to open the hw design at /home/ran/Documents/uni/s10/asip_lab/vitis_ws/milestone2/hw/design_1_wrapper.xsa
TRACE::2026-07-26.18:54:37::SCWPlatform::DSA given /home/ran/Documents/uni/s10/asip_lab/vitis_ws/milestone2/hw/design_1_wrapper.xsa
TRACE::2026-07-26.18:54:37::SCWPlatform::DSA absoulate path /home/ran/Documents/uni/s10/asip_lab/vitis_ws/milestone2/hw/design_1_wrapper.xsa
TRACE::2026-07-26.18:54:37::SCWPlatform::DSA directory /home/ran/Documents/uni/s10/asip_lab/vitis_ws/milestone2/hw
TRACE::2026-07-26.18:54:37::SCWPlatform:: Platform Path /home/ran/Documents/uni/s10/asip_lab/vitis_ws/milestone2/hw/design_1_wrapper.xsa
TRACE::2026-07-26.18:54:37::SCWPlatform:: Unique name xilinx:::0.0
TRACE::2026-07-26.18:54:37::SCWPlatform::Trying to set the existing hwdb with name design_1_wrapper_20
TRACE::2026-07-26.18:54:37::SCWPlatform::Opened existing hwdb design_1_wrapper_20
TRACE::2026-07-26.18:54:37::SCWPlatform::Found the Hw Db part of the input DSA
TRACE::2026-07-26.18:54:37::SCWMssOS::Checking the sw design at  /home/ran/Documents/uni/s10/asip_lab/vitis_ws/milestone2/ps7_cortexa9_0/standalone_domain/bsp/system.mss
TRACE::2026-07-26.18:54:37::SCWMssOS::DEBUG:  swdes dump  /home/ran/Documents/uni/s10/asip_lab/vitis_ws/milestone2/ps7_cortexa9_0/standalone_domain/bsp/system.mss|system_0||
/home/ran/Documents/uni/s10/asip_lab/vitis_ws/milestone2/zynq_fsbl/zynq_fsbl_bsp/system.mss|system||

TRACE::2026-07-26.18:54:37::SCWMssOS::Sw design exists and opened at  /home/ran/Documents/uni/s10/asip_lab/vitis_ws/milestone2/ps7_cortexa9_0/standalone_domain/bsp/system.mss
TRACE::2026-07-26.18:54:37::SCWPlatform::Trying to open the hw design at /home/ran/Documents/uni/s10/asip_lab/vitis_ws/milestone2/hw/design_1_wrapper.xsa
TRACE::2026-07-26.18:54:37::SCWPlatform::DSA given /home/ran/Documents/uni/s10/asip_lab/vitis_ws/milestone2/hw/design_1_wrapper.xsa
TRACE::2026-07-26.18:54:37::SCWPlatform::DSA absoulate path /home/ran/Documents/uni/s10/asip_lab/vitis_ws/milestone2/hw/design_1_wrapper.xsa
TRACE::2026-07-26.18:54:37::SCWPlatform::DSA directory /home/ran/Documents/uni/s10/asip_lab/vitis_ws/milestone2/hw
TRACE::2026-07-26.18:54:37::SCWPlatform:: Platform Path /home/ran/Documents/uni/s10/asip_lab/vitis_ws/milestone2/hw/design_1_wrapper.xsa
TRACE::2026-07-26.18:54:37::SCWPlatform:: Unique name xilinx:::0.0
TRACE::2026-07-26.18:54:37::SCWPlatform::Trying to set the existing hwdb with name design_1_wrapper_20
TRACE::2026-07-26.18:54:37::SCWPlatform::Opened existing hwdb design_1_wrapper_20
TRACE::2026-07-26.18:54:37::SCWPlatform::Found the Hw Db part of the input DSA
TRACE::2026-07-26.18:54:37::SCWMssOS::Checking the sw design at  /home/ran/Documents/uni/s10/asip_lab/vitis_ws/milestone2/ps7_cortexa9_0/standalone_domain/bsp/system.mss
TRACE::2026-07-26.18:54:37::SCWMssOS::DEBUG:  swdes dump  /home/ran/Documents/uni/s10/asip_lab/vitis_ws/milestone2/ps7_cortexa9_0/standalone_domain/bsp/system.mss|system_0||
/home/ran/Documents/uni/s10/asip_lab/vitis_ws/milestone2/zynq_fsbl/zynq_fsbl_bsp/system.mss|system||

TRACE::2026-07-26.18:54:37::SCWMssOS::Sw design exists and opened at  /home/ran/Documents/uni/s10/asip_lab/vitis_ws/milestone2/ps7_cortexa9_0/standalone_domain/bsp/system.mss
TRACE::2026-07-26.18:54:37::SCWPlatform::Trying to open the hw design at /home/ran/Documents/uni/s10/asip_lab/vitis_ws/milestone2/hw/design_1_wrapper.xsa
TRACE::2026-07-26.18:54:37::SCWPlatform::DSA given /home/ran/Documents/uni/s10/asip_lab/vitis_ws/milestone2/hw/design_1_wrapper.xsa
TRACE::2026-07-26.18:54:37::SCWPlatform::DSA absoulate path /home/ran/Documents/uni/s10/asip_lab/vitis_ws/milestone2/hw/design_1_wrapper.xsa
TRACE::2026-07-26.18:54:37::SCWPlatform::DSA directory /home/ran/Documents/uni/s10/asip_lab/vitis_ws/milestone2/hw
TRACE::2026-07-26.18:54:37::SCWPlatform:: Platform Path /home/ran/Documents/uni/s10/asip_lab/vitis_ws/milestone2/hw/design_1_wrapper.xsa
TRACE::2026-07-26.18:54:37::SCWPlatform:: Unique name xilinx:::0.0
TRACE::2026-07-26.18:54:37::SCWPlatform::Trying to set the existing hwdb with name design_1_wrapper_20
TRACE::2026-07-26.18:54:37::SCWPlatform::Opened existing hwdb design_1_wrapper_20
TRACE::2026-07-26.18:54:37::SCWPlatform::Found the Hw Db part of the input DSA
TRACE::2026-07-26.18:54:37::SCWMssOS::Checking the sw design at  /home/ran/Documents/uni/s10/asip_lab/vitis_ws/milestone2/ps7_cortexa9_0/standalone_domain/bsp/system.mss
TRACE::2026-07-26.18:54:37::SCWMssOS::DEBUG:  swdes dump  /home/ran/Documents/uni/s10/asip_lab/vitis_ws/milestone2/ps7_cortexa9_0/standalone_domain/bsp/system.mss|system_0||
/home/ran/Documents/uni/s10/asip_lab/vitis_ws/milestone2/zynq_fsbl/zynq_fsbl_bsp/system.mss|system||

TRACE::2026-07-26.18:54:37::SCWMssOS::Sw design exists and opened at  /home/ran/Documents/uni/s10/asip_lab/vitis_ws/milestone2/ps7_cortexa9_0/standalone_domain/bsp/system.mss
TRACE::2026-07-26.18:54:37::SCWMssOS::Saving the mss changes /home/ran/Documents/uni/s10/asip_lab/vitis_ws/milestone2/ps7_cortexa9_0/standalone_domain/bsp/system.mss
TRACE::2026-07-26.18:54:37::SCWMssOS::Found a swdesign opened with the mssfile.
TRACE::2026-07-26.18:54:37::SCWMssOS::Completed writemss as part of save.
TRACE::2026-07-26.18:54:37::SCWMssOS::Commit changes completed.
TRACE::2026-07-26.18:54:37::SCWPlatform::Trying to open the hw design at /home/ran/Documents/uni/s10/asip_lab/vitis_ws/milestone2/hw/design_1_wrapper.xsa
TRACE::2026-07-26.18:54:37::SCWPlatform::DSA given /home/ran/Documents/uni/s10/asip_lab/vitis_ws/milestone2/hw/design_1_wrapper.xsa
TRACE::2026-07-26.18:54:37::SCWPlatform::DSA absoulate path /home/ran/Documents/uni/s10/asip_lab/vitis_ws/milestone2/hw/design_1_wrapper.xsa
TRACE::2026-07-26.18:54:37::SCWPlatform::DSA directory /home/ran/Documents/uni/s10/asip_lab/vitis_ws/milestone2/hw
TRACE::2026-07-26.18:54:37::SCWPlatform:: Platform Path /home/ran/Documents/uni/s10/asip_lab/vitis_ws/milestone2/hw/design_1_wrapper.xsa
TRACE::2026-07-26.18:54:37::SCWPlatform:: Unique name xilinx:::0.0
TRACE::2026-07-26.18:54:37::SCWPlatform::Trying to set the existing hwdb with name design_1_wrapper_20
TRACE::2026-07-26.18:54:37::SCWPlatform::Opened existing hwdb design_1_wrapper_20
TRACE::2026-07-26.18:54:37::SCWPlatform::Found the Hw Db part of the input DSA
TRACE::2026-07-26.18:54:37::SCWMssOS::Checking the sw design at  /home/ran/Documents/uni/s10/asip_lab/vitis_ws/milestone2/ps7_cortexa9_0/standalone_domain/bsp/system.mss
TRACE::2026-07-26.18:54:37::SCWMssOS::DEBUG:  swdes dump  /home/ran/Documents/uni/s10/asip_lab/vitis_ws/milestone2/ps7_cortexa9_0/standalone_domain/bsp/system.mss|system_0||
/home/ran/Documents/uni/s10/asip_lab/vitis_ws/milestone2/zynq_fsbl/zynq_fsbl_bsp/system.mss|system||

TRACE::2026-07-26.18:54:37::SCWMssOS::Sw design exists and opened at  /home/ran/Documents/uni/s10/asip_lab/vitis_ws/milestone2/ps7_cortexa9_0/standalone_domain/bsp/system.mss
TRACE::2026-07-26.18:54:37::SCWMssOS::Removing the swdes entry for  /home/ran/Documents/uni/s10/asip_lab/vitis_ws/milestone2/ps7_cortexa9_0/standalone_domain/bsp/system.mss
TRACE::2026-07-26.18:54:39::SCWPlatform::Trying to open the hw design at /home/ran/Documents/uni/s10/asip_lab/vitis_ws/milestone2/hw/design_1_wrapper.xsa
TRACE::2026-07-26.18:54:39::SCWPlatform::DSA given /home/ran/Documents/uni/s10/asip_lab/vitis_ws/milestone2/hw/design_1_wrapper.xsa
TRACE::2026-07-26.18:54:39::SCWPlatform::DSA absoulate path /home/ran/Documents/uni/s10/asip_lab/vitis_ws/milestone2/hw/design_1_wrapper.xsa
TRACE::2026-07-26.18:54:39::SCWPlatform::DSA directory /home/ran/Documents/uni/s10/asip_lab/vitis_ws/milestone2/hw
TRACE::2026-07-26.18:54:39::SCWPlatform:: Platform Path /home/ran/Documents/uni/s10/asip_lab/vitis_ws/milestone2/hw/design_1_wrapper.xsa
TRACE::2026-07-26.18:54:39::SCWPlatform:: Unique name xilinx:::0.0
TRACE::2026-07-26.18:54:39::SCWPlatform::Trying to set the existing hwdb with name design_1_wrapper_20
TRACE::2026-07-26.18:54:39::SCWPlatform::Opened existing hwdb design_1_wrapper_20
TRACE::2026-07-26.18:54:39::SCWPlatform::Found the Hw Db part of the input DSA
TRACE::2026-07-26.18:54:39::SCWMssOS::Checking the sw design at  /home/ran/Documents/uni/s10/asip_lab/vitis_ws/milestone2/ps7_cortexa9_0/standalone_domain/bsp/system.mss
TRACE::2026-07-26.18:54:39::SCWMssOS::DEBUG:  swdes dump  /home/ran/Documents/uni/s10/asip_lab/vitis_ws/milestone2/zynq_fsbl/zynq_fsbl_bsp/system.mss|system||

TRACE::2026-07-26.18:54:39::SCWMssOS::No sw design opened at  /home/ran/Documents/uni/s10/asip_lab/vitis_ws/milestone2/ps7_cortexa9_0/standalone_domain/bsp/system.mss
TRACE::2026-07-26.18:54:39::SCWMssOS::mss exists loading the mss file  /home/ran/Documents/uni/s10/asip_lab/vitis_ws/milestone2/ps7_cortexa9_0/standalone_domain/bsp/system.mss
TRACE::2026-07-26.18:54:39::SCWMssOS::Opened the sw design from mss  /home/ran/Documents/uni/s10/asip_lab/vitis_ws/milestone2/ps7_cortexa9_0/standalone_domain/bsp/system.mss
TRACE::2026-07-26.18:54:39::SCWMssOS::Adding the swdes entry /home/ran/Documents/uni/s10/asip_lab/vitis_ws/milestone2/ps7_cortexa9_0/standalone_domain/bsp/system.mss with des name system_0
TRACE::2026-07-26.18:54:39::SCWMssOS::updating the scw layer about changes
TRACE::2026-07-26.18:54:39::SCWMssOS::Opened the sw design.  /home/ran/Documents/uni/s10/asip_lab/vitis_ws/milestone2/ps7_cortexa9_0/standalone_domain/bsp/system.mss
TRACE::2026-07-26.18:54:51::SCWPlatform::Trying to open the hw design at /home/ran/Documents/uni/s10/asip_lab/vitis_ws/milestone2/hw/design_1_wrapper.xsa
TRACE::2026-07-26.18:54:51::SCWPlatform::DSA given /home/ran/Documents/uni/s10/asip_lab/vitis_ws/milestone2/hw/design_1_wrapper.xsa
TRACE::2026-07-26.18:54:51::SCWPlatform::DSA absoulate path /home/ran/Documents/uni/s10/asip_lab/vitis_ws/milestone2/hw/design_1_wrapper.xsa
TRACE::2026-07-26.18:54:51::SCWPlatform::DSA directory /home/ran/Documents/uni/s10/asip_lab/vitis_ws/milestone2/hw
TRACE::2026-07-26.18:54:51::SCWPlatform:: Platform Path /home/ran/Documents/uni/s10/asip_lab/vitis_ws/milestone2/hw/design_1_wrapper.xsa
TRACE::2026-07-26.18:54:51::SCWPlatform:: Unique name xilinx:::0.0
TRACE::2026-07-26.18:54:51::SCWPlatform::Trying to set the existing hwdb with name design_1_wrapper_20
TRACE::2026-07-26.18:54:51::SCWPlatform::Opened existing hwdb design_1_wrapper_20
TRACE::2026-07-26.18:54:51::SCWPlatform::Found the Hw Db part of the input DSA
TRACE::2026-07-26.18:54:51::SCWMssOS::Checking the sw design at  /home/ran/Documents/uni/s10/asip_lab/vitis_ws/milestone2/ps7_cortexa9_0/standalone_domain/bsp/system.mss
TRACE::2026-07-26.18:54:51::SCWMssOS::DEBUG:  swdes dump  /home/ran/Documents/uni/s10/asip_lab/vitis_ws/milestone2/ps7_cortexa9_0/standalone_domain/bsp/system.mss|system_0||
/home/ran/Documents/uni/s10/asip_lab/vitis_ws/milestone2/zynq_fsbl/zynq_fsbl_bsp/system.mss|system||

TRACE::2026-07-26.18:54:51::SCWMssOS::Sw design exists and opened at  /home/ran/Documents/uni/s10/asip_lab/vitis_ws/milestone2/ps7_cortexa9_0/standalone_domain/bsp/system.mss
TRACE::2026-07-26.18:54:51::SCWPlatform::Trying to open the hw design at /home/ran/Documents/uni/s10/asip_lab/vitis_ws/milestone2/hw/design_1_wrapper.xsa
TRACE::2026-07-26.18:54:51::SCWPlatform::DSA given /home/ran/Documents/uni/s10/asip_lab/vitis_ws/milestone2/hw/design_1_wrapper.xsa
TRACE::2026-07-26.18:54:51::SCWPlatform::DSA absoulate path /home/ran/Documents/uni/s10/asip_lab/vitis_ws/milestone2/hw/design_1_wrapper.xsa
TRACE::2026-07-26.18:54:51::SCWPlatform::DSA directory /home/ran/Documents/uni/s10/asip_lab/vitis_ws/milestone2/hw
TRACE::2026-07-26.18:54:51::SCWPlatform:: Platform Path /home/ran/Documents/uni/s10/asip_lab/vitis_ws/milestone2/hw/design_1_wrapper.xsa
TRACE::2026-07-26.18:54:51::SCWPlatform:: Unique name xilinx:::0.0
TRACE::2026-07-26.18:54:51::SCWPlatform::Trying to set the existing hwdb with name design_1_wrapper_20
TRACE::2026-07-26.18:54:51::SCWPlatform::Opened existing hwdb design_1_wrapper_20
TRACE::2026-07-26.18:54:51::SCWPlatform::Found the Hw Db part of the input DSA
TRACE::2026-07-26.18:54:51::SCWMssOS::Checking the sw design at  /home/ran/Documents/uni/s10/asip_lab/vitis_ws/milestone2/ps7_cortexa9_0/standalone_domain/bsp/system.mss
TRACE::2026-07-26.18:54:51::SCWMssOS::DEBUG:  swdes dump  /home/ran/Documents/uni/s10/asip_lab/vitis_ws/milestone2/ps7_cortexa9_0/standalone_domain/bsp/system.mss|system_0||
/home/ran/Documents/uni/s10/asip_lab/vitis_ws/milestone2/zynq_fsbl/zynq_fsbl_bsp/system.mss|system||

TRACE::2026-07-26.18:54:51::SCWMssOS::Sw design exists and opened at  /home/ran/Documents/uni/s10/asip_lab/vitis_ws/milestone2/ps7_cortexa9_0/standalone_domain/bsp/system.mss
TRACE::2026-07-26.18:54:51::SCWPlatform::Trying to open the hw design at /home/ran/Documents/uni/s10/asip_lab/vitis_ws/milestone2/hw/design_1_wrapper.xsa
TRACE::2026-07-26.18:54:51::SCWPlatform::DSA given /home/ran/Documents/uni/s10/asip_lab/vitis_ws/milestone2/hw/design_1_wrapper.xsa
TRACE::2026-07-26.18:54:51::SCWPlatform::DSA absoulate path /home/ran/Documents/uni/s10/asip_lab/vitis_ws/milestone2/hw/design_1_wrapper.xsa
TRACE::2026-07-26.18:54:51::SCWPlatform::DSA directory /home/ran/Documents/uni/s10/asip_lab/vitis_ws/milestone2/hw
TRACE::2026-07-26.18:54:51::SCWPlatform:: Platform Path /home/ran/Documents/uni/s10/asip_lab/vitis_ws/milestone2/hw/design_1_wrapper.xsa
TRACE::2026-07-26.18:54:51::SCWPlatform:: Unique name xilinx:::0.0
TRACE::2026-07-26.18:54:51::SCWPlatform::Trying to set the existing hwdb with name design_1_wrapper_20
TRACE::2026-07-26.18:54:51::SCWPlatform::Opened existing hwdb design_1_wrapper_20
TRACE::2026-07-26.18:54:51::SCWPlatform::Found the Hw Db part of the input DSA
TRACE::2026-07-26.18:54:51::SCWMssOS::Checking the sw design at  /home/ran/Documents/uni/s10/asip_lab/vitis_ws/milestone2/ps7_cortexa9_0/standalone_domain/bsp/system.mss
TRACE::2026-07-26.18:54:51::SCWMssOS::DEBUG:  swdes dump  /home/ran/Documents/uni/s10/asip_lab/vitis_ws/milestone2/ps7_cortexa9_0/standalone_domain/bsp/system.mss|system_0||
/home/ran/Documents/uni/s10/asip_lab/vitis_ws/milestone2/zynq_fsbl/zynq_fsbl_bsp/system.mss|system||

TRACE::2026-07-26.18:54:51::SCWMssOS::Sw design exists and opened at  /home/ran/Documents/uni/s10/asip_lab/vitis_ws/milestone2/ps7_cortexa9_0/standalone_domain/bsp/system.mss
TRACE::2026-07-26.18:54:51::SCWPlatform::Trying to open the hw design at /home/ran/Documents/uni/s10/asip_lab/vitis_ws/milestone2/hw/design_1_wrapper.xsa
TRACE::2026-07-26.18:54:51::SCWPlatform::DSA given /home/ran/Documents/uni/s10/asip_lab/vitis_ws/milestone2/hw/design_1_wrapper.xsa
TRACE::2026-07-26.18:54:51::SCWPlatform::DSA absoulate path /home/ran/Documents/uni/s10/asip_lab/vitis_ws/milestone2/hw/design_1_wrapper.xsa
TRACE::2026-07-26.18:54:51::SCWPlatform::DSA directory /home/ran/Documents/uni/s10/asip_lab/vitis_ws/milestone2/hw
TRACE::2026-07-26.18:54:51::SCWPlatform:: Platform Path /home/ran/Documents/uni/s10/asip_lab/vitis_ws/milestone2/hw/design_1_wrapper.xsa
TRACE::2026-07-26.18:54:51::SCWPlatform:: Unique name xilinx:::0.0
TRACE::2026-07-26.18:54:51::SCWPlatform::Trying to set the existing hwdb with name design_1_wrapper_20
TRACE::2026-07-26.18:54:51::SCWPlatform::Opened existing hwdb design_1_wrapper_20
TRACE::2026-07-26.18:54:51::SCWPlatform::Found the Hw Db part of the input DSA
TRACE::2026-07-26.18:54:51::SCWMssOS::Checking the sw design at  /home/ran/Documents/uni/s10/asip_lab/vitis_ws/milestone2/ps7_cortexa9_0/standalone_domain/bsp/system.mss
TRACE::2026-07-26.18:54:51::SCWMssOS::DEBUG:  swdes dump  /home/ran/Documents/uni/s10/asip_lab/vitis_ws/milestone2/ps7_cortexa9_0/standalone_domain/bsp/system.mss|system_0||
/home/ran/Documents/uni/s10/asip_lab/vitis_ws/milestone2/zynq_fsbl/zynq_fsbl_bsp/system.mss|system||

TRACE::2026-07-26.18:54:51::SCWMssOS::Sw design exists and opened at  /home/ran/Documents/uni/s10/asip_lab/vitis_ws/milestone2/ps7_cortexa9_0/standalone_domain/bsp/system.mss
TRACE::2026-07-26.18:54:51::SCWPlatform::Trying to open the hw design at /home/ran/Documents/uni/s10/asip_lab/vitis_ws/milestone2/hw/design_1_wrapper.xsa
TRACE::2026-07-26.18:54:51::SCWPlatform::DSA given /home/ran/Documents/uni/s10/asip_lab/vitis_ws/milestone2/hw/design_1_wrapper.xsa
TRACE::2026-07-26.18:54:51::SCWPlatform::DSA absoulate path /home/ran/Documents/uni/s10/asip_lab/vitis_ws/milestone2/hw/design_1_wrapper.xsa
TRACE::2026-07-26.18:54:51::SCWPlatform::DSA directory /home/ran/Documents/uni/s10/asip_lab/vitis_ws/milestone2/hw
TRACE::2026-07-26.18:54:51::SCWPlatform:: Platform Path /home/ran/Documents/uni/s10/asip_lab/vitis_ws/milestone2/hw/design_1_wrapper.xsa
TRACE::2026-07-26.18:54:51::SCWPlatform:: Unique name xilinx:::0.0
TRACE::2026-07-26.18:54:51::SCWPlatform::Trying to set the existing hwdb with name design_1_wrapper_20
TRACE::2026-07-26.18:54:51::SCWPlatform::Opened existing hwdb design_1_wrapper_20
TRACE::2026-07-26.18:54:51::SCWPlatform::Found the Hw Db part of the input DSA
TRACE::2026-07-26.18:54:51::SCWMssOS::Checking the sw design at  /home/ran/Documents/uni/s10/asip_lab/vitis_ws/milestone2/ps7_cortexa9_0/standalone_domain/bsp/system.mss
TRACE::2026-07-26.18:54:51::SCWMssOS::DEBUG:  swdes dump  /home/ran/Documents/uni/s10/asip_lab/vitis_ws/milestone2/ps7_cortexa9_0/standalone_domain/bsp/system.mss|system_0||
/home/ran/Documents/uni/s10/asip_lab/vitis_ws/milestone2/zynq_fsbl/zynq_fsbl_bsp/system.mss|system||

TRACE::2026-07-26.18:54:51::SCWMssOS::Sw design exists and opened at  /home/ran/Documents/uni/s10/asip_lab/vitis_ws/milestone2/ps7_cortexa9_0/standalone_domain/bsp/system.mss
TRACE::2026-07-26.18:54:53::SCWPlatform::Trying to open the hw design at /home/ran/Documents/uni/s10/asip_lab/vitis_ws/milestone2/hw/design_1_wrapper.xsa
TRACE::2026-07-26.18:54:53::SCWPlatform::DSA given /home/ran/Documents/uni/s10/asip_lab/vitis_ws/milestone2/hw/design_1_wrapper.xsa
TRACE::2026-07-26.18:54:53::SCWPlatform::DSA absoulate path /home/ran/Documents/uni/s10/asip_lab/vitis_ws/milestone2/hw/design_1_wrapper.xsa
TRACE::2026-07-26.18:54:53::SCWPlatform::DSA directory /home/ran/Documents/uni/s10/asip_lab/vitis_ws/milestone2/hw
TRACE::2026-07-26.18:54:53::SCWPlatform:: Platform Path /home/ran/Documents/uni/s10/asip_lab/vitis_ws/milestone2/hw/design_1_wrapper.xsa
TRACE::2026-07-26.18:54:53::SCWPlatform:: Unique name xilinx:::0.0
TRACE::2026-07-26.18:54:53::SCWPlatform::Trying to set the existing hwdb with name design_1_wrapper_20
TRACE::2026-07-26.18:54:53::SCWPlatform::Opened existing hwdb design_1_wrapper_20
TRACE::2026-07-26.18:54:53::SCWPlatform::Found the Hw Db part of the input DSA
TRACE::2026-07-26.18:54:53::SCWMssOS::Checking the sw design at  /home/ran/Documents/uni/s10/asip_lab/vitis_ws/milestone2/ps7_cortexa9_0/standalone_domain/bsp/system.mss
TRACE::2026-07-26.18:54:53::SCWMssOS::DEBUG:  swdes dump  /home/ran/Documents/uni/s10/asip_lab/vitis_ws/milestone2/ps7_cortexa9_0/standalone_domain/bsp/system.mss|system_0||
/home/ran/Documents/uni/s10/asip_lab/vitis_ws/milestone2/zynq_fsbl/zynq_fsbl_bsp/system.mss|system||

TRACE::2026-07-26.18:54:53::SCWMssOS::Sw design exists and opened at  /home/ran/Documents/uni/s10/asip_lab/vitis_ws/milestone2/ps7_cortexa9_0/standalone_domain/bsp/system.mss
TRACE::2026-07-26.18:54:53::SCWPlatform::Trying to open the hw design at /home/ran/Documents/uni/s10/asip_lab/vitis_ws/milestone2/hw/design_1_wrapper.xsa
TRACE::2026-07-26.18:54:53::SCWPlatform::DSA given /home/ran/Documents/uni/s10/asip_lab/vitis_ws/milestone2/hw/design_1_wrapper.xsa
TRACE::2026-07-26.18:54:53::SCWPlatform::DSA absoulate path /home/ran/Documents/uni/s10/asip_lab/vitis_ws/milestone2/hw/design_1_wrapper.xsa
TRACE::2026-07-26.18:54:53::SCWPlatform::DSA directory /home/ran/Documents/uni/s10/asip_lab/vitis_ws/milestone2/hw
TRACE::2026-07-26.18:54:53::SCWPlatform:: Platform Path /home/ran/Documents/uni/s10/asip_lab/vitis_ws/milestone2/hw/design_1_wrapper.xsa
TRACE::2026-07-26.18:54:53::SCWPlatform:: Unique name xilinx:::0.0
TRACE::2026-07-26.18:54:53::SCWPlatform::Trying to set the existing hwdb with name design_1_wrapper_20
TRACE::2026-07-26.18:54:53::SCWPlatform::Opened existing hwdb design_1_wrapper_20
TRACE::2026-07-26.18:54:53::SCWPlatform::Found the Hw Db part of the input DSA
TRACE::2026-07-26.18:54:53::SCWMssOS::Checking the sw design at  /home/ran/Documents/uni/s10/asip_lab/vitis_ws/milestone2/ps7_cortexa9_0/standalone_domain/bsp/system.mss
TRACE::2026-07-26.18:54:53::SCWMssOS::DEBUG:  swdes dump  /home/ran/Documents/uni/s10/asip_lab/vitis_ws/milestone2/ps7_cortexa9_0/standalone_domain/bsp/system.mss|system_0||
/home/ran/Documents/uni/s10/asip_lab/vitis_ws/milestone2/zynq_fsbl/zynq_fsbl_bsp/system.mss|system||

TRACE::2026-07-26.18:54:53::SCWMssOS::Sw design exists and opened at  /home/ran/Documents/uni/s10/asip_lab/vitis_ws/milestone2/ps7_cortexa9_0/standalone_domain/bsp/system.mss
TRACE::2026-07-26.18:54:53::SCWPlatform::Trying to open the hw design at /home/ran/Documents/uni/s10/asip_lab/vitis_ws/milestone2/hw/design_1_wrapper.xsa
TRACE::2026-07-26.18:54:53::SCWPlatform::DSA given /home/ran/Documents/uni/s10/asip_lab/vitis_ws/milestone2/hw/design_1_wrapper.xsa
TRACE::2026-07-26.18:54:53::SCWPlatform::DSA absoulate path /home/ran/Documents/uni/s10/asip_lab/vitis_ws/milestone2/hw/design_1_wrapper.xsa
TRACE::2026-07-26.18:54:53::SCWPlatform::DSA directory /home/ran/Documents/uni/s10/asip_lab/vitis_ws/milestone2/hw
TRACE::2026-07-26.18:54:53::SCWPlatform:: Platform Path /home/ran/Documents/uni/s10/asip_lab/vitis_ws/milestone2/hw/design_1_wrapper.xsa
TRACE::2026-07-26.18:54:53::SCWPlatform:: Unique name xilinx:::0.0
TRACE::2026-07-26.18:54:53::SCWPlatform::Trying to set the existing hwdb with name design_1_wrapper_20
TRACE::2026-07-26.18:54:53::SCWPlatform::Opened existing hwdb design_1_wrapper_20
TRACE::2026-07-26.18:54:53::SCWPlatform::Found the Hw Db part of the input DSA
TRACE::2026-07-26.18:54:53::SCWMssOS::Checking the sw design at  /home/ran/Documents/uni/s10/asip_lab/vitis_ws/milestone2/ps7_cortexa9_0/standalone_domain/bsp/system.mss
TRACE::2026-07-26.18:54:53::SCWMssOS::DEBUG:  swdes dump  /home/ran/Documents/uni/s10/asip_lab/vitis_ws/milestone2/ps7_cortexa9_0/standalone_domain/bsp/system.mss|system_0||
/home/ran/Documents/uni/s10/asip_lab/vitis_ws/milestone2/zynq_fsbl/zynq_fsbl_bsp/system.mss|system||

TRACE::2026-07-26.18:54:53::SCWMssOS::Sw design exists and opened at  /home/ran/Documents/uni/s10/asip_lab/vitis_ws/milestone2/ps7_cortexa9_0/standalone_domain/bsp/system.mss
TRACE::2026-07-26.18:54:53::SCWPlatform::Trying to open the hw design at /home/ran/Documents/uni/s10/asip_lab/vitis_ws/milestone2/hw/design_1_wrapper.xsa
TRACE::2026-07-26.18:54:53::SCWPlatform::DSA given /home/ran/Documents/uni/s10/asip_lab/vitis_ws/milestone2/hw/design_1_wrapper.xsa
TRACE::2026-07-26.18:54:53::SCWPlatform::DSA absoulate path /home/ran/Documents/uni/s10/asip_lab/vitis_ws/milestone2/hw/design_1_wrapper.xsa
TRACE::2026-07-26.18:54:53::SCWPlatform::DSA directory /home/ran/Documents/uni/s10/asip_lab/vitis_ws/milestone2/hw
TRACE::2026-07-26.18:54:53::SCWPlatform:: Platform Path /home/ran/Documents/uni/s10/asip_lab/vitis_ws/milestone2/hw/design_1_wrapper.xsa
TRACE::2026-07-26.18:54:53::SCWPlatform:: Unique name xilinx:::0.0
TRACE::2026-07-26.18:54:53::SCWPlatform::Trying to set the existing hwdb with name design_1_wrapper_20
TRACE::2026-07-26.18:54:53::SCWPlatform::Opened existing hwdb design_1_wrapper_20
TRACE::2026-07-26.18:54:53::SCWPlatform::Found the Hw Db part of the input DSA
TRACE::2026-07-26.18:54:53::SCWMssOS::Checking the sw design at  /home/ran/Documents/uni/s10/asip_lab/vitis_ws/milestone2/ps7_cortexa9_0/standalone_domain/bsp/system.mss
TRACE::2026-07-26.18:54:53::SCWMssOS::DEBUG:  swdes dump  /home/ran/Documents/uni/s10/asip_lab/vitis_ws/milestone2/ps7_cortexa9_0/standalone_domain/bsp/system.mss|system_0||
/home/ran/Documents/uni/s10/asip_lab/vitis_ws/milestone2/zynq_fsbl/zynq_fsbl_bsp/system.mss|system||

TRACE::2026-07-26.18:54:53::SCWMssOS::Sw design exists and opened at  /home/ran/Documents/uni/s10/asip_lab/vitis_ws/milestone2/ps7_cortexa9_0/standalone_domain/bsp/system.mss
TRACE::2026-07-26.18:54:53::SCWPlatform::Trying to open the hw design at /home/ran/Documents/uni/s10/asip_lab/vitis_ws/milestone2/hw/design_1_wrapper.xsa
TRACE::2026-07-26.18:54:53::SCWPlatform::DSA given /home/ran/Documents/uni/s10/asip_lab/vitis_ws/milestone2/hw/design_1_wrapper.xsa
TRACE::2026-07-26.18:54:53::SCWPlatform::DSA absoulate path /home/ran/Documents/uni/s10/asip_lab/vitis_ws/milestone2/hw/design_1_wrapper.xsa
TRACE::2026-07-26.18:54:53::SCWPlatform::DSA directory /home/ran/Documents/uni/s10/asip_lab/vitis_ws/milestone2/hw
TRACE::2026-07-26.18:54:53::SCWPlatform:: Platform Path /home/ran/Documents/uni/s10/asip_lab/vitis_ws/milestone2/hw/design_1_wrapper.xsa
TRACE::2026-07-26.18:54:53::SCWPlatform:: Unique name xilinx:::0.0
TRACE::2026-07-26.18:54:53::SCWPlatform::Trying to set the existing hwdb with name design_1_wrapper_20
TRACE::2026-07-26.18:54:53::SCWPlatform::Opened existing hwdb design_1_wrapper_20
TRACE::2026-07-26.18:54:53::SCWPlatform::Found the Hw Db part of the input DSA
TRACE::2026-07-26.18:54:53::SCWMssOS::Checking the sw design at  /home/ran/Documents/uni/s10/asip_lab/vitis_ws/milestone2/ps7_cortexa9_0/standalone_domain/bsp/system.mss
TRACE::2026-07-26.18:54:53::SCWMssOS::DEBUG:  swdes dump  /home/ran/Documents/uni/s10/asip_lab/vitis_ws/milestone2/ps7_cortexa9_0/standalone_domain/bsp/system.mss|system_0||
/home/ran/Documents/uni/s10/asip_lab/vitis_ws/milestone2/zynq_fsbl/zynq_fsbl_bsp/system.mss|system||

TRACE::2026-07-26.18:54:53::SCWMssOS::Sw design exists and opened at  /home/ran/Documents/uni/s10/asip_lab/vitis_ws/milestone2/ps7_cortexa9_0/standalone_domain/bsp/system.mss
TRACE::2026-07-26.18:54:53::SCWMssOS::Saving the mss changes /home/ran/Documents/uni/s10/asip_lab/vitis_ws/milestone2/zynq_fsbl/zynq_fsbl_bsp/system.mss
TRACE::2026-07-26.18:54:53::SCWMssOS::Found a swdesign opened with the mssfile.
TRACE::2026-07-26.18:54:53::SCWMssOS::Completed writemss as part of save.
TRACE::2026-07-26.18:54:53::SCWMssOS::Commit changes completed.
TRACE::2026-07-26.18:54:53::SCWMssOS::Saving the mss changes /home/ran/Documents/uni/s10/asip_lab/vitis_ws/milestone2/ps7_cortexa9_0/standalone_domain/bsp/system.mss
TRACE::2026-07-26.18:54:53::SCWMssOS::Found a swdesign opened with the mssfile.
TRACE::2026-07-26.18:54:53::SCWMssOS::Completed writemss as part of save.
TRACE::2026-07-26.18:54:53::SCWMssOS::Commit changes completed.
TRACE::2026-07-26.18:54:54::SCWPlatform::Trying to open the hw design at /home/ran/Documents/uni/s10/asip_lab/vitis_ws/milestone2/hw/design_1_wrapper.xsa
TRACE::2026-07-26.18:54:54::SCWPlatform::DSA given /home/ran/Documents/uni/s10/asip_lab/vitis_ws/milestone2/hw/design_1_wrapper.xsa
TRACE::2026-07-26.18:54:54::SCWPlatform::DSA absoulate path /home/ran/Documents/uni/s10/asip_lab/vitis_ws/milestone2/hw/design_1_wrapper.xsa
TRACE::2026-07-26.18:54:54::SCWPlatform::DSA directory /home/ran/Documents/uni/s10/asip_lab/vitis_ws/milestone2/hw
TRACE::2026-07-26.18:54:54::SCWPlatform:: Platform Path /home/ran/Documents/uni/s10/asip_lab/vitis_ws/milestone2/hw/design_1_wrapper.xsa
TRACE::2026-07-26.18:54:54::SCWPlatform:: Unique name xilinx:::0.0
TRACE::2026-07-26.18:54:54::SCWPlatform::Trying to set the existing hwdb with name design_1_wrapper_20
TRACE::2026-07-26.18:54:54::SCWPlatform::Opened existing hwdb design_1_wrapper_20
TRACE::2026-07-26.18:54:54::SCWPlatform::Found the Hw Db part of the input DSA
TRACE::2026-07-26.18:54:54::SCWMssOS::Checking the sw design at  /home/ran/Documents/uni/s10/asip_lab/vitis_ws/milestone2/zynq_fsbl/zynq_fsbl_bsp/system.mss
TRACE::2026-07-26.18:54:54::SCWMssOS::DEBUG:  swdes dump  /home/ran/Documents/uni/s10/asip_lab/vitis_ws/milestone2/ps7_cortexa9_0/standalone_domain/bsp/system.mss|system_0||
/home/ran/Documents/uni/s10/asip_lab/vitis_ws/milestone2/zynq_fsbl/zynq_fsbl_bsp/system.mss|system||

TRACE::2026-07-26.18:54:54::SCWMssOS::Sw design exists and opened at  /home/ran/Documents/uni/s10/asip_lab/vitis_ws/milestone2/zynq_fsbl/zynq_fsbl_bsp/system.mss
TRACE::2026-07-26.18:54:54::SCWPlatform::Trying to open the hw design at /home/ran/Documents/uni/s10/asip_lab/vitis_ws/milestone2/hw/design_1_wrapper.xsa
TRACE::2026-07-26.18:54:54::SCWPlatform::DSA given /home/ran/Documents/uni/s10/asip_lab/vitis_ws/milestone2/hw/design_1_wrapper.xsa
TRACE::2026-07-26.18:54:54::SCWPlatform::DSA absoulate path /home/ran/Documents/uni/s10/asip_lab/vitis_ws/milestone2/hw/design_1_wrapper.xsa
TRACE::2026-07-26.18:54:54::SCWPlatform::DSA directory /home/ran/Documents/uni/s10/asip_lab/vitis_ws/milestone2/hw
TRACE::2026-07-26.18:54:54::SCWPlatform:: Platform Path /home/ran/Documents/uni/s10/asip_lab/vitis_ws/milestone2/hw/design_1_wrapper.xsa
TRACE::2026-07-26.18:54:54::SCWPlatform:: Unique name xilinx:::0.0
TRACE::2026-07-26.18:54:54::SCWPlatform::Trying to set the existing hwdb with name design_1_wrapper_20
TRACE::2026-07-26.18:54:54::SCWPlatform::Opened existing hwdb design_1_wrapper_20
TRACE::2026-07-26.18:54:54::SCWPlatform::Found the Hw Db part of the input DSA
TRACE::2026-07-26.18:54:54::SCWMssOS::Checking the sw design at  /home/ran/Documents/uni/s10/asip_lab/vitis_ws/milestone2/ps7_cortexa9_0/standalone_domain/bsp/system.mss
TRACE::2026-07-26.18:54:54::SCWMssOS::DEBUG:  swdes dump  /home/ran/Documents/uni/s10/asip_lab/vitis_ws/milestone2/ps7_cortexa9_0/standalone_domain/bsp/system.mss|system_0||
/home/ran/Documents/uni/s10/asip_lab/vitis_ws/milestone2/zynq_fsbl/zynq_fsbl_bsp/system.mss|system||

TRACE::2026-07-26.18:54:54::SCWMssOS::Sw design exists and opened at  /home/ran/Documents/uni/s10/asip_lab/vitis_ws/milestone2/ps7_cortexa9_0/standalone_domain/bsp/system.mss
TRACE::2026-07-26.18:54:54::SCWWriter::formatted JSON is {
	"platformName":	"milestone2",
	"sprVersion":	"2.0",
	"mode":	"gui",
	"dsaType":	"Fixed",
	"platformDesc":	"milestone2",
	"platHandOff":	"/home/ran/Documents/uni/s10/asip_lab/final_project/design_1_wrapper.xsa",
	"platIntHandOff":	"<platformDir>/hw/design_1_wrapper.xsa",
	"deviceType":	"zynq",
	"platIsPrebuiltAutogen":	"false",
	"platIsNoBootBsp":	"false",
	"hasFsblMakeHasChanges":	"false",
	"hasPmufwMakeHasChanges":	"false",
	"fsblExtraCompilerFlags":	"-MMD -MP       -mcpu=cortex-a9 -mfpu=vfpv3 -mfloat-abi=hard ",
	"platPreBuiltFlag":	false,
	"platformSamplesDir":	"",
	"platActiveSys":	"milestone2",
	"systems":	[{
			"systemName":	"milestone2",
			"systemDesc":	"milestone2",
			"sysIsBootAutoGen":	"true",
			"systemDispName":	"milestone2",
			"sysActiveDom":	"standalone_domain",
			"sysDefaultDom":	"standalone_domain",
			"domains":	[{
					"domainName":	"zynq_fsbl",
					"domainDispName":	"zynq_fsbl",
					"domainDesc":	"FSBL Application BSP - Auto Generated.",
					"processors":	"ps7_cortexa9_0",
					"os":	"standalone",
					"sdxOs":	"standalone",
					"debugEnable":	"",
					"domRuntimes":	["cpp"],
					"swRepo":	"",
					"mssOsVer":	"8.0",
					"mssFile":	"",
					"md5Digest":	"5190a0a8ca228895166de3d006f5d4d11",
					"compatibleApp":	"zynq_fsbl",
					"domType":	"bootDomain",
					"arch":	"32-bit",
					"appSettings":	{
						"appCompilerFlags":	"",
						"appLinkerFlags":	""
					},
					"addedLibs":	["xilffs:4.8", "xilrsa:1.6"],
					"libOptions":	{
						"standalone":	{
							"stdin":	"ps7_coresight_comp_0",
							"stdout":	"ps7_coresight_comp_0",
							"libOptionNames":	["stdin", "stdout"]
						},
						"libsContainingOptions":	["standalone"]
					},
					"prebuiltLibs":	{
						"prebuiltIncPath":	[],
						"prebuiltLibPath":	[]
					},
					"isolation":	{
					}
				}, {
					"domainName":	"standalone_domain",
					"domainDispName":	"standalone on ps7_cortexa9_0",
					"domainDesc":	"standalone_domain",
					"processors":	"ps7_cortexa9_0",
					"os":	"standalone",
					"sdxOs":	"standalone",
					"qemuArgs":	"<platformDir>/resources/milestone2/standalone_domain/qemu_args.txt",
					"qemuData":	"<platformDir>/resources/milestone2/standalone_domain/qemu",
					"debugEnable":	"False",
					"domRuntimes":	["cpp"],
					"swRepo":	"",
					"mssOsVer":	"8.0",
					"mssFile":	"",
					"md5Digest":	"25886e0fbe9d4ff5df7468588603f3f0",
					"compatibleApp":	"",
					"domType":	"mssDomain",
					"appSettings":	{
						"appCompilerFlags":	"",
						"appLinkerFlags":	""
					},
					"addedLibs":	[],
					"libOptions":	{
						"standalone":	{
							"stdin":	"ps7_uart_0",
							"stdout":	"ps7_uart_0",
							"libOptionNames":	["stdin", "stdout"]
						},
						"libsContainingOptions":	["standalone"]
					},
					"prebuiltLibs":	{
						"prebuiltIncPath":	[],
						"prebuiltLibPath":	[]
					},
					"isolation":	{
					}
				}]
		}]
}
TRACE::2026-07-26.18:54:54::SCWMssOS::Saving the mss changes /home/ran/Documents/uni/s10/asip_lab/vitis_ws/milestone2/ps7_cortexa9_0/standalone_domain/bsp/system.mss
TRACE::2026-07-26.18:54:54::SCWMssOS::Found a swdesign opened with the mssfile.
TRACE::2026-07-26.18:54:54::SCWMssOS::Completed writemss as part of save.
TRACE::2026-07-26.18:54:54::SCWMssOS::Commit changes completed.
TRACE::2026-07-26.18:54:54::SCWPlatform::Trying to open the hw design at /home/ran/Documents/uni/s10/asip_lab/vitis_ws/milestone2/hw/design_1_wrapper.xsa
TRACE::2026-07-26.18:54:54::SCWPlatform::DSA given /home/ran/Documents/uni/s10/asip_lab/vitis_ws/milestone2/hw/design_1_wrapper.xsa
TRACE::2026-07-26.18:54:54::SCWPlatform::DSA absoulate path /home/ran/Documents/uni/s10/asip_lab/vitis_ws/milestone2/hw/design_1_wrapper.xsa
TRACE::2026-07-26.18:54:54::SCWPlatform::DSA directory /home/ran/Documents/uni/s10/asip_lab/vitis_ws/milestone2/hw
TRACE::2026-07-26.18:54:54::SCWPlatform:: Platform Path /home/ran/Documents/uni/s10/asip_lab/vitis_ws/milestone2/hw/design_1_wrapper.xsa
TRACE::2026-07-26.18:54:54::SCWPlatform:: Unique name xilinx:::0.0
TRACE::2026-07-26.18:54:54::SCWPlatform::Trying to set the existing hwdb with name design_1_wrapper_20
TRACE::2026-07-26.18:54:54::SCWPlatform::Opened existing hwdb design_1_wrapper_20
TRACE::2026-07-26.18:54:54::SCWPlatform::Found the Hw Db part of the input DSA
TRACE::2026-07-26.18:54:54::SCWMssOS::Checking the sw design at  /home/ran/Documents/uni/s10/asip_lab/vitis_ws/milestone2/ps7_cortexa9_0/standalone_domain/bsp/system.mss
TRACE::2026-07-26.18:54:54::SCWMssOS::DEBUG:  swdes dump  /home/ran/Documents/uni/s10/asip_lab/vitis_ws/milestone2/ps7_cortexa9_0/standalone_domain/bsp/system.mss|system_0||
/home/ran/Documents/uni/s10/asip_lab/vitis_ws/milestone2/zynq_fsbl/zynq_fsbl_bsp/system.mss|system||

TRACE::2026-07-26.18:54:54::SCWMssOS::Sw design exists and opened at  /home/ran/Documents/uni/s10/asip_lab/vitis_ws/milestone2/ps7_cortexa9_0/standalone_domain/bsp/system.mss
TRACE::2026-07-26.18:54:54::SCWMssOS::Removing the swdes entry for  /home/ran/Documents/uni/s10/asip_lab/vitis_ws/milestone2/ps7_cortexa9_0/standalone_domain/bsp/system.mss
TRACE::2026-07-26.18:54:54::SCWMssOS::In reload Mss file.
TRACE::2026-07-26.18:54:54::SCWPlatform::Trying to open the hw design at /home/ran/Documents/uni/s10/asip_lab/vitis_ws/milestone2/hw/design_1_wrapper.xsa
TRACE::2026-07-26.18:54:54::SCWPlatform::DSA given /home/ran/Documents/uni/s10/asip_lab/vitis_ws/milestone2/hw/design_1_wrapper.xsa
TRACE::2026-07-26.18:54:54::SCWPlatform::DSA absoulate path /home/ran/Documents/uni/s10/asip_lab/vitis_ws/milestone2/hw/design_1_wrapper.xsa
TRACE::2026-07-26.18:54:54::SCWPlatform::DSA directory /home/ran/Documents/uni/s10/asip_lab/vitis_ws/milestone2/hw
TRACE::2026-07-26.18:54:54::SCWPlatform:: Platform Path /home/ran/Documents/uni/s10/asip_lab/vitis_ws/milestone2/hw/design_1_wrapper.xsa
TRACE::2026-07-26.18:54:54::SCWPlatform:: Unique name xilinx:::0.0
TRACE::2026-07-26.18:54:54::SCWPlatform::Trying to set the existing hwdb with name design_1_wrapper_20
TRACE::2026-07-26.18:54:54::SCWPlatform::Opened existing hwdb design_1_wrapper_20
TRACE::2026-07-26.18:54:54::SCWPlatform::Found the Hw Db part of the input DSA
TRACE::2026-07-26.18:54:54::SCWMssOS::Checking the sw design at  /home/ran/Documents/uni/s10/asip_lab/vitis_ws/milestone2/ps7_cortexa9_0/standalone_domain/bsp/system.mss
TRACE::2026-07-26.18:54:54::SCWMssOS::DEBUG:  swdes dump  /home/ran/Documents/uni/s10/asip_lab/vitis_ws/milestone2/zynq_fsbl/zynq_fsbl_bsp/system.mss|system||

TRACE::2026-07-26.18:54:54::SCWMssOS::No sw design opened at  /home/ran/Documents/uni/s10/asip_lab/vitis_ws/milestone2/ps7_cortexa9_0/standalone_domain/bsp/system.mss
TRACE::2026-07-26.18:54:54::SCWMssOS::mss exists loading the mss file  /home/ran/Documents/uni/s10/asip_lab/vitis_ws/milestone2/ps7_cortexa9_0/standalone_domain/bsp/system.mss
TRACE::2026-07-26.18:54:54::SCWMssOS::Opened the sw design from mss  /home/ran/Documents/uni/s10/asip_lab/vitis_ws/milestone2/ps7_cortexa9_0/standalone_domain/bsp/system.mss
TRACE::2026-07-26.18:54:54::SCWMssOS::Adding the swdes entry /home/ran/Documents/uni/s10/asip_lab/vitis_ws/milestone2/ps7_cortexa9_0/standalone_domain/bsp/system.mss with des name system_0
TRACE::2026-07-26.18:54:54::SCWMssOS::updating the scw layer about changes
TRACE::2026-07-26.18:54:54::SCWMssOS::Opened the sw design.  /home/ran/Documents/uni/s10/asip_lab/vitis_ws/milestone2/ps7_cortexa9_0/standalone_domain/bsp/system.mss
TRACE::2026-07-26.18:54:54::SCWPlatform::Trying to open the hw design at /home/ran/Documents/uni/s10/asip_lab/vitis_ws/milestone2/hw/design_1_wrapper.xsa
TRACE::2026-07-26.18:54:54::SCWPlatform::DSA given /home/ran/Documents/uni/s10/asip_lab/vitis_ws/milestone2/hw/design_1_wrapper.xsa
TRACE::2026-07-26.18:54:54::SCWPlatform::DSA absoulate path /home/ran/Documents/uni/s10/asip_lab/vitis_ws/milestone2/hw/design_1_wrapper.xsa
TRACE::2026-07-26.18:54:54::SCWPlatform::DSA directory /home/ran/Documents/uni/s10/asip_lab/vitis_ws/milestone2/hw
TRACE::2026-07-26.18:54:54::SCWPlatform:: Platform Path /home/ran/Documents/uni/s10/asip_lab/vitis_ws/milestone2/hw/design_1_wrapper.xsa
TRACE::2026-07-26.18:54:54::SCWPlatform:: Unique name xilinx:::0.0
TRACE::2026-07-26.18:54:54::SCWPlatform::Trying to set the existing hwdb with name design_1_wrapper_20
TRACE::2026-07-26.18:54:54::SCWPlatform::Opened existing hwdb design_1_wrapper_20
TRACE::2026-07-26.18:54:54::SCWPlatform::Found the Hw Db part of the input DSA
TRACE::2026-07-26.18:54:54::SCWMssOS::Checking the sw design at  /home/ran/Documents/uni/s10/asip_lab/vitis_ws/milestone2/ps7_cortexa9_0/standalone_domain/bsp/system.mss
TRACE::2026-07-26.18:54:54::SCWMssOS::DEBUG:  swdes dump  /home/ran/Documents/uni/s10/asip_lab/vitis_ws/milestone2/ps7_cortexa9_0/standalone_domain/bsp/system.mss|system_0||
/home/ran/Documents/uni/s10/asip_lab/vitis_ws/milestone2/zynq_fsbl/zynq_fsbl_bsp/system.mss|system||

TRACE::2026-07-26.18:54:54::SCWMssOS::Sw design exists and opened at  /home/ran/Documents/uni/s10/asip_lab/vitis_ws/milestone2/ps7_cortexa9_0/standalone_domain/bsp/system.mss
TRACE::2026-07-26.18:54:54::SCWPlatform::Trying to open the hw design at /home/ran/Documents/uni/s10/asip_lab/vitis_ws/milestone2/hw/design_1_wrapper.xsa
TRACE::2026-07-26.18:54:54::SCWPlatform::DSA given /home/ran/Documents/uni/s10/asip_lab/vitis_ws/milestone2/hw/design_1_wrapper.xsa
TRACE::2026-07-26.18:54:54::SCWPlatform::DSA absoulate path /home/ran/Documents/uni/s10/asip_lab/vitis_ws/milestone2/hw/design_1_wrapper.xsa
TRACE::2026-07-26.18:54:54::SCWPlatform::DSA directory /home/ran/Documents/uni/s10/asip_lab/vitis_ws/milestone2/hw
TRACE::2026-07-26.18:54:54::SCWPlatform:: Platform Path /home/ran/Documents/uni/s10/asip_lab/vitis_ws/milestone2/hw/design_1_wrapper.xsa
TRACE::2026-07-26.18:54:54::SCWPlatform:: Unique name xilinx:::0.0
TRACE::2026-07-26.18:54:54::SCWPlatform::Trying to set the existing hwdb with name design_1_wrapper_20
TRACE::2026-07-26.18:54:54::SCWPlatform::Opened existing hwdb design_1_wrapper_20
TRACE::2026-07-26.18:54:54::SCWPlatform::Found the Hw Db part of the input DSA
TRACE::2026-07-26.18:54:54::SCWMssOS::Checking the sw design at  /home/ran/Documents/uni/s10/asip_lab/vitis_ws/milestone2/ps7_cortexa9_0/standalone_domain/bsp/system.mss
TRACE::2026-07-26.18:54:54::SCWMssOS::DEBUG:  swdes dump  /home/ran/Documents/uni/s10/asip_lab/vitis_ws/milestone2/ps7_cortexa9_0/standalone_domain/bsp/system.mss|system_0||
/home/ran/Documents/uni/s10/asip_lab/vitis_ws/milestone2/zynq_fsbl/zynq_fsbl_bsp/system.mss|system||

TRACE::2026-07-26.18:54:54::SCWMssOS::Sw design exists and opened at  /home/ran/Documents/uni/s10/asip_lab/vitis_ws/milestone2/ps7_cortexa9_0/standalone_domain/bsp/system.mss
TRACE::2026-07-26.18:54:54::SCWPlatform::Trying to open the hw design at /home/ran/Documents/uni/s10/asip_lab/vitis_ws/milestone2/hw/design_1_wrapper.xsa
TRACE::2026-07-26.18:54:54::SCWPlatform::DSA given /home/ran/Documents/uni/s10/asip_lab/vitis_ws/milestone2/hw/design_1_wrapper.xsa
TRACE::2026-07-26.18:54:54::SCWPlatform::DSA absoulate path /home/ran/Documents/uni/s10/asip_lab/vitis_ws/milestone2/hw/design_1_wrapper.xsa
TRACE::2026-07-26.18:54:54::SCWPlatform::DSA directory /home/ran/Documents/uni/s10/asip_lab/vitis_ws/milestone2/hw
TRACE::2026-07-26.18:54:54::SCWPlatform:: Platform Path /home/ran/Documents/uni/s10/asip_lab/vitis_ws/milestone2/hw/design_1_wrapper.xsa
TRACE::2026-07-26.18:54:54::SCWPlatform:: Unique name xilinx:::0.0
TRACE::2026-07-26.18:54:54::SCWPlatform::Trying to set the existing hwdb with name design_1_wrapper_20
TRACE::2026-07-26.18:54:54::SCWPlatform::Opened existing hwdb design_1_wrapper_20
TRACE::2026-07-26.18:54:54::SCWPlatform::Found the Hw Db part of the input DSA
TRACE::2026-07-26.18:54:54::SCWMssOS::Checking the sw design at  /home/ran/Documents/uni/s10/asip_lab/vitis_ws/milestone2/ps7_cortexa9_0/standalone_domain/bsp/system.mss
TRACE::2026-07-26.18:54:54::SCWMssOS::DEBUG:  swdes dump  /home/ran/Documents/uni/s10/asip_lab/vitis_ws/milestone2/ps7_cortexa9_0/standalone_domain/bsp/system.mss|system_0||
/home/ran/Documents/uni/s10/asip_lab/vitis_ws/milestone2/zynq_fsbl/zynq_fsbl_bsp/system.mss|system||

TRACE::2026-07-26.18:54:54::SCWMssOS::Sw design exists and opened at  /home/ran/Documents/uni/s10/asip_lab/vitis_ws/milestone2/ps7_cortexa9_0/standalone_domain/bsp/system.mss
TRACE::2026-07-26.18:54:54::SCWPlatform::Trying to open the hw design at /home/ran/Documents/uni/s10/asip_lab/vitis_ws/milestone2/hw/design_1_wrapper.xsa
TRACE::2026-07-26.18:54:54::SCWPlatform::DSA given /home/ran/Documents/uni/s10/asip_lab/vitis_ws/milestone2/hw/design_1_wrapper.xsa
TRACE::2026-07-26.18:54:54::SCWPlatform::DSA absoulate path /home/ran/Documents/uni/s10/asip_lab/vitis_ws/milestone2/hw/design_1_wrapper.xsa
TRACE::2026-07-26.18:54:54::SCWPlatform::DSA directory /home/ran/Documents/uni/s10/asip_lab/vitis_ws/milestone2/hw
TRACE::2026-07-26.18:54:54::SCWPlatform:: Platform Path /home/ran/Documents/uni/s10/asip_lab/vitis_ws/milestone2/hw/design_1_wrapper.xsa
TRACE::2026-07-26.18:54:54::SCWPlatform:: Unique name xilinx:::0.0
TRACE::2026-07-26.18:54:54::SCWPlatform::Trying to set the existing hwdb with name design_1_wrapper_20
TRACE::2026-07-26.18:54:54::SCWPlatform::Opened existing hwdb design_1_wrapper_20
TRACE::2026-07-26.18:54:54::SCWPlatform::Found the Hw Db part of the input DSA
TRACE::2026-07-26.18:54:54::SCWMssOS::Checking the sw design at  /home/ran/Documents/uni/s10/asip_lab/vitis_ws/milestone2/ps7_cortexa9_0/standalone_domain/bsp/system.mss
TRACE::2026-07-26.18:54:54::SCWMssOS::DEBUG:  swdes dump  /home/ran/Documents/uni/s10/asip_lab/vitis_ws/milestone2/ps7_cortexa9_0/standalone_domain/bsp/system.mss|system_0||
/home/ran/Documents/uni/s10/asip_lab/vitis_ws/milestone2/zynq_fsbl/zynq_fsbl_bsp/system.mss|system||

TRACE::2026-07-26.18:54:54::SCWMssOS::Sw design exists and opened at  /home/ran/Documents/uni/s10/asip_lab/vitis_ws/milestone2/ps7_cortexa9_0/standalone_domain/bsp/system.mss
TRACE::2026-07-26.18:54:54::SCWMssOS::Saving the mss changes /home/ran/Documents/uni/s10/asip_lab/vitis_ws/milestone2/ps7_cortexa9_0/standalone_domain/bsp/system.mss
TRACE::2026-07-26.18:54:54::SCWMssOS::Found a swdesign opened with the mssfile.
TRACE::2026-07-26.18:54:54::SCWMssOS::Completed writemss as part of save.
TRACE::2026-07-26.18:54:54::SCWMssOS::Commit changes completed.
TRACE::2026-07-26.18:54:54::SCWPlatform::Trying to open the hw design at /home/ran/Documents/uni/s10/asip_lab/vitis_ws/milestone2/hw/design_1_wrapper.xsa
TRACE::2026-07-26.18:54:54::SCWPlatform::DSA given /home/ran/Documents/uni/s10/asip_lab/vitis_ws/milestone2/hw/design_1_wrapper.xsa
TRACE::2026-07-26.18:54:54::SCWPlatform::DSA absoulate path /home/ran/Documents/uni/s10/asip_lab/vitis_ws/milestone2/hw/design_1_wrapper.xsa
TRACE::2026-07-26.18:54:54::SCWPlatform::DSA directory /home/ran/Documents/uni/s10/asip_lab/vitis_ws/milestone2/hw
TRACE::2026-07-26.18:54:54::SCWPlatform:: Platform Path /home/ran/Documents/uni/s10/asip_lab/vitis_ws/milestone2/hw/design_1_wrapper.xsa
TRACE::2026-07-26.18:54:54::SCWPlatform:: Unique name xilinx:::0.0
TRACE::2026-07-26.18:54:54::SCWPlatform::Trying to set the existing hwdb with name design_1_wrapper_20
TRACE::2026-07-26.18:54:54::SCWPlatform::Opened existing hwdb design_1_wrapper_20
TRACE::2026-07-26.18:54:54::SCWPlatform::Found the Hw Db part of the input DSA
TRACE::2026-07-26.18:54:54::SCWMssOS::Checking the sw design at  /home/ran/Documents/uni/s10/asip_lab/vitis_ws/milestone2/ps7_cortexa9_0/standalone_domain/bsp/system.mss
TRACE::2026-07-26.18:54:54::SCWMssOS::DEBUG:  swdes dump  /home/ran/Documents/uni/s10/asip_lab/vitis_ws/milestone2/ps7_cortexa9_0/standalone_domain/bsp/system.mss|system_0||
/home/ran/Documents/uni/s10/asip_lab/vitis_ws/milestone2/zynq_fsbl/zynq_fsbl_bsp/system.mss|system||

TRACE::2026-07-26.18:54:54::SCWMssOS::Sw design exists and opened at  /home/ran/Documents/uni/s10/asip_lab/vitis_ws/milestone2/ps7_cortexa9_0/standalone_domain/bsp/system.mss
TRACE::2026-07-26.18:54:54::SCWMssOS::Removing the swdes entry for  /home/ran/Documents/uni/s10/asip_lab/vitis_ws/milestone2/ps7_cortexa9_0/standalone_domain/bsp/system.mss
TRACE::2026-07-26.18:54:54::SCWPlatform::Trying to open the hw design at /home/ran/Documents/uni/s10/asip_lab/vitis_ws/milestone2/hw/design_1_wrapper.xsa
TRACE::2026-07-26.18:54:54::SCWPlatform::DSA given /home/ran/Documents/uni/s10/asip_lab/vitis_ws/milestone2/hw/design_1_wrapper.xsa
TRACE::2026-07-26.18:54:54::SCWPlatform::DSA absoulate path /home/ran/Documents/uni/s10/asip_lab/vitis_ws/milestone2/hw/design_1_wrapper.xsa
TRACE::2026-07-26.18:54:54::SCWPlatform::DSA directory /home/ran/Documents/uni/s10/asip_lab/vitis_ws/milestone2/hw
TRACE::2026-07-26.18:54:54::SCWPlatform:: Platform Path /home/ran/Documents/uni/s10/asip_lab/vitis_ws/milestone2/hw/design_1_wrapper.xsa
TRACE::2026-07-26.18:54:54::SCWPlatform:: Unique name xilinx:::0.0
TRACE::2026-07-26.18:54:54::SCWPlatform::Trying to set the existing hwdb with name design_1_wrapper_20
TRACE::2026-07-26.18:54:54::SCWPlatform::Opened existing hwdb design_1_wrapper_20
TRACE::2026-07-26.18:54:54::SCWPlatform::Found the Hw Db part of the input DSA
TRACE::2026-07-26.18:54:54::SCWMssOS::Checking the sw design at  /home/ran/Documents/uni/s10/asip_lab/vitis_ws/milestone2/ps7_cortexa9_0/standalone_domain/bsp/system.mss
TRACE::2026-07-26.18:54:54::SCWMssOS::DEBUG:  swdes dump  /home/ran/Documents/uni/s10/asip_lab/vitis_ws/milestone2/zynq_fsbl/zynq_fsbl_bsp/system.mss|system||

TRACE::2026-07-26.18:54:54::SCWMssOS::No sw design opened at  /home/ran/Documents/uni/s10/asip_lab/vitis_ws/milestone2/ps7_cortexa9_0/standalone_domain/bsp/system.mss
TRACE::2026-07-26.18:54:54::SCWMssOS::mss exists loading the mss file  /home/ran/Documents/uni/s10/asip_lab/vitis_ws/milestone2/ps7_cortexa9_0/standalone_domain/bsp/system.mss
TRACE::2026-07-26.18:54:54::SCWMssOS::Opened the sw design from mss  /home/ran/Documents/uni/s10/asip_lab/vitis_ws/milestone2/ps7_cortexa9_0/standalone_domain/bsp/system.mss
TRACE::2026-07-26.18:54:54::SCWMssOS::Adding the swdes entry /home/ran/Documents/uni/s10/asip_lab/vitis_ws/milestone2/ps7_cortexa9_0/standalone_domain/bsp/system.mss with des name system_0
TRACE::2026-07-26.18:54:54::SCWMssOS::updating the scw layer about changes
TRACE::2026-07-26.18:54:54::SCWMssOS::Opened the sw design.  /home/ran/Documents/uni/s10/asip_lab/vitis_ws/milestone2/ps7_cortexa9_0/standalone_domain/bsp/system.mss
TRACE::2026-07-26.18:54:54::SCWMssOS::Completed writing the mss file at /home/ran/Documents/uni/s10/asip_lab/vitis_ws/milestone2/ps7_cortexa9_0/standalone_domain/bsp
TRACE::2026-07-26.18:54:54::SCWMssOS::Forcing BSP Sources regeneration.
KEYINFO::2026-07-26.18:54:54::SCWMssOS::Removing file /home/ran/Documents/uni/s10/asip_lab/vitis_ws/milestone2/ps7_cortexa9_0/standalone_domain/bsp/system_0.mss
LOG::2026-07-26.18:55:02::SCWPlatform::Started generating the artifacts platform milestone2
TRACE::2026-07-26.18:55:02::SCWPlatform::Sanity checking of platform is completed
LOG::2026-07-26.18:55:02::SCWPlatform::Started generating the artifacts for system configuration milestone2
LOG::2026-07-26.18:55:02::SCWSystem::Checking the domain zynq_fsbl
LOG::2026-07-26.18:55:02::SCWSystem::Doing application build for :  zynq_fsbl
TRACE::2026-07-26.18:55:02::SCWBDomain::Not a forced makefile updation, No changes are present. 
TRACE::2026-07-26.18:55:02::SCWDomain::Skipping the build for domain :  zynq_fsbl
LOG::2026-07-26.18:55:02::SCWSystem::Checking the domain standalone_domain
LOG::2026-07-26.18:55:02::SCWSystem::Not a boot domain 
LOG::2026-07-26.18:55:02::SCWSystem::Started Processing the domain standalone_domain
TRACE::2026-07-26.18:55:02::SCWDomain::Generating domain artifcats
TRACE::2026-07-26.18:55:02::SCWMssOS::Generating standalone artifcats
TRACE::2026-07-26.18:55:02::SCWMssOS::Copying the qemu file from  /home/ran/Documents/uni/s10/asip_lab/vitis_ws/milestone2/resources/milestone2/standalone_domain/qemu_args.txt To /home/ran/Documents/uni/s10/asip_lab/vitis_ws/milestone2/export/milestone2/sw/milestone2/qemu/
TRACE::2026-07-26.18:55:02::SCWMssOS::Copying the qemu file from  /home/ran/Documents/uni/s10/asip_lab/vitis_ws/milestone2/resources/milestone2/standalone_domain/qemu_args.txt To /home/ran/Documents/uni/s10/asip_lab/vitis_ws/milestone2/export/milestone2/sw/milestone2/standalone_domain/qemu/
TRACE::2026-07-26.18:55:02::SCWMssOS:: Copying the user libraries. 
TRACE::2026-07-26.18:55:02::SCWPlatform::Trying to open the hw design at /home/ran/Documents/uni/s10/asip_lab/vitis_ws/milestone2/hw/design_1_wrapper.xsa
TRACE::2026-07-26.18:55:02::SCWPlatform::DSA given /home/ran/Documents/uni/s10/asip_lab/vitis_ws/milestone2/hw/design_1_wrapper.xsa
TRACE::2026-07-26.18:55:02::SCWPlatform::DSA absoulate path /home/ran/Documents/uni/s10/asip_lab/vitis_ws/milestone2/hw/design_1_wrapper.xsa
TRACE::2026-07-26.18:55:02::SCWPlatform::DSA directory /home/ran/Documents/uni/s10/asip_lab/vitis_ws/milestone2/hw
TRACE::2026-07-26.18:55:02::SCWPlatform:: Platform Path /home/ran/Documents/uni/s10/asip_lab/vitis_ws/milestone2/hw/design_1_wrapper.xsa
TRACE::2026-07-26.18:55:02::SCWPlatform:: Unique name xilinx:::0.0
TRACE::2026-07-26.18:55:02::SCWPlatform::Trying to set the existing hwdb with name design_1_wrapper_20
TRACE::2026-07-26.18:55:02::SCWPlatform::Opened existing hwdb design_1_wrapper_20
TRACE::2026-07-26.18:55:02::SCWPlatform::Found the Hw Db part of the input DSA
TRACE::2026-07-26.18:55:02::SCWMssOS::Checking the sw design at  /home/ran/Documents/uni/s10/asip_lab/vitis_ws/milestone2/ps7_cortexa9_0/standalone_domain/bsp/system.mss
TRACE::2026-07-26.18:55:02::SCWMssOS::DEBUG:  swdes dump  /home/ran/Documents/uni/s10/asip_lab/vitis_ws/milestone2/zynq_fsbl/zynq_fsbl_bsp/system.mss|system||

TRACE::2026-07-26.18:55:02::SCWMssOS::No sw design opened at  /home/ran/Documents/uni/s10/asip_lab/vitis_ws/milestone2/ps7_cortexa9_0/standalone_domain/bsp/system.mss
TRACE::2026-07-26.18:55:02::SCWMssOS::mss exists loading the mss file  /home/ran/Documents/uni/s10/asip_lab/vitis_ws/milestone2/ps7_cortexa9_0/standalone_domain/bsp/system.mss
TRACE::2026-07-26.18:55:02::SCWMssOS::Opened the sw design from mss  /home/ran/Documents/uni/s10/asip_lab/vitis_ws/milestone2/ps7_cortexa9_0/standalone_domain/bsp/system.mss
TRACE::2026-07-26.18:55:02::SCWMssOS::Adding the swdes entry /home/ran/Documents/uni/s10/asip_lab/vitis_ws/milestone2/ps7_cortexa9_0/standalone_domain/bsp/system.mss with des name system_0
TRACE::2026-07-26.18:55:02::SCWMssOS::updating the scw layer about changes
TRACE::2026-07-26.18:55:02::SCWMssOS::Opened the sw design.  /home/ran/Documents/uni/s10/asip_lab/vitis_ws/milestone2/ps7_cortexa9_0/standalone_domain/bsp/system.mss
TRACE::2026-07-26.18:55:02::SCWMssOS::Completed writing the mss file at /home/ran/Documents/uni/s10/asip_lab/vitis_ws/milestone2/ps7_cortexa9_0/standalone_domain/bsp
TRACE::2026-07-26.18:55:02::SCWMssOS::Mss edits present, copying mssfile into export location /home/ran/Documents/uni/s10/asip_lab/vitis_ws/milestone2/ps7_cortexa9_0/standalone_domain/bsp/system.mss
TRACE::2026-07-26.18:55:02::SCWMssOS::bsp generated is upto date with the mss file. Skipping bsp generation.
TRACE::2026-07-26.18:55:02::SCWMssOS::BSP is already built. skipping the bsp build ... 
TRACE::2026-07-26.18:55:02::SCWDomain::Building the domain :  standalone_domain
TRACE::2026-07-26.18:55:02::SCWMssOS::doing bsp build ... 
TRACE::2026-07-26.18:55:02::SCWMssOS::System Command Ran  cd  /home/ran/Documents/uni/s10/asip_lab/vitis_ws/milestone2/ps7_cortexa9_0/standalone_domain/bsp ; bash -c "make  " 
TRACE::2026-07-26.18:55:02::SCWMssOS::make --no-print-directory seq_libs

TRACE::2026-07-26.18:55:02::SCWMssOS::Finished building libraries sequentially.

TRACE::2026-07-26.18:55:02::SCWMssOS::make -j 10 --no-print-directory par_libs

TRACE::2026-07-26.18:55:02::SCWMssOS::Running Make include in ps7_cortexa9_0/libsrc/bram_v4_8/src

TRACE::2026-07-26.18:55:02::SCWMssOS::Running Make include in ps7_cortexa9_0/libsrc/ddrps_v1_2/src

TRACE::2026-07-26.18:55:02::SCWMssOS::Running Make include in ps7_cortexa9_0/libsrc/coresightps_dcc_v1_8/src

TRACE::2026-07-26.18:55:02::SCWMssOS::make -C ps7_cortexa9_0/libsrc/bram_v4_8/src -s include  "SHELL=/bin/sh" "COMPILER=arm-none-eabi-gcc" "ASSEMBLER=arm-none-eabi-a
TRACE::2026-07-26.18:55:02::SCWMssOS::s" "ARCHIVER=arm-none-eabi-ar" "COMPILER_FLAGS=  -O2 -c" "EXTRA_COMPILER_FLAGS=-mcpu=cortex-a9 -mfpu=vfpv3 -mfloat-abi=hard -no
TRACE::2026-07-26.18:55:02::SCWMssOS::startfiles -g -Wall -Wextra -fno-tree-loop-distribute-patterns"

TRACE::2026-07-26.18:55:02::SCWMssOS::make -C ps7_cortexa9_0/libsrc/coresightps_dcc_v1_8/src -s include  "SHELL=/bin/sh" "COMPILER=arm-none-eabi-gcc" "ASSEMBLER=arm-
TRACE::2026-07-26.18:55:02::SCWMssOS::none-eabi-as" "ARCHIVER=arm-none-eabi-ar" "COMPILER_FLAGS=  -O2 -c" "EXTRA_COMPILER_FLAGS=-mcpu=cortex-a9 -mfpu=vfpv3 -mfloat-a
TRACE::2026-07-26.18:55:02::SCWMssOS::bi=hard -nostartfiles -g -Wall -Wextra -fno-tree-loop-distribute-patterns"

TRACE::2026-07-26.18:55:02::SCWMssOS::Running Make include in ps7_cortexa9_0/libsrc/cpu_cortexa9_v2_11/src

TRACE::2026-07-26.18:55:02::SCWMssOS::make -C ps7_cortexa9_0/libsrc/ddrps_v1_2/src -s include  "SHELL=/bin/sh" "COMPILER=arm-none-eabi-gcc" "ASSEMBLER=arm-none-eabi-
TRACE::2026-07-26.18:55:02::SCWMssOS::as" "ARCHIVER=arm-none-eabi-ar" "COMPILER_FLAGS=  -O2 -c" "EXTRA_COMPILER_FLAGS=-mcpu=cortex-a9 -mfpu=vfpv3 -mfloat-abi=hard -n
TRACE::2026-07-26.18:55:02::SCWMssOS::ostartfiles -g -Wall -Wextra -fno-tree-loop-distribute-patterns"

TRACE::2026-07-26.18:55:02::SCWMssOS::make -C ps7_cortexa9_0/libsrc/cpu_cortexa9_v2_11/src -s include  "SHELL=/bin/sh" "COMPILER=arm-none-eabi-gcc" "ASSEMBLER=arm-no
TRACE::2026-07-26.18:55:02::SCWMssOS::ne-eabi-as" "ARCHIVER=arm-none-eabi-ar" "COMPILER_FLAGS=  -O2 -c" "EXTRA_COMPILER_FLAGS=-mcpu=cortex-a9 -mfpu=vfpv3 -mfloat-abi
TRACE::2026-07-26.18:55:02::SCWMssOS::=hard -nostartfiles -g -Wall -Wextra -fno-tree-loop-distribute-patterns"

TRACE::2026-07-26.18:55:02::SCWMssOS::Running Make include in ps7_cortexa9_0/libsrc/devcfg_v3_7/src

TRACE::2026-07-26.18:55:02::SCWMssOS::Running Make include in ps7_cortexa9_0/libsrc/dmaps_v2_8/src

TRACE::2026-07-26.18:55:02::SCWMssOS::make -C ps7_cortexa9_0/libsrc/devcfg_v3_7/src -s include  "SHELL=/bin/sh" "COMPILER=arm-none-eabi-gcc" "ASSEMBLER=arm-none-eabi
TRACE::2026-07-26.18:55:02::SCWMssOS::-as" "ARCHIVER=arm-none-eabi-ar" "COMPILER_FLAGS=  -O2 -c" "EXTRA_COMPILER_FLAGS=-mcpu=cortex-a9 -mfpu=vfpv3 -mfloat-abi=hard -
TRACE::2026-07-26.18:55:02::SCWMssOS::nostartfiles -g -Wall -Wextra -fno-tree-loop-distribute-patterns"

TRACE::2026-07-26.18:55:02::SCWMssOS::make -C ps7_cortexa9_0/libsrc/dmaps_v2_8/src -s include  "SHELL=/bin/sh" "COMPILER=arm-none-eabi-gcc" "ASSEMBLER=arm-none-eabi-
TRACE::2026-07-26.18:55:02::SCWMssOS::as" "ARCHIVER=arm-none-eabi-ar" "COMPILER_FLAGS=  -O2 -c" "EXTRA_COMPILER_FLAGS=-mcpu=cortex-a9 -mfpu=vfpv3 -mfloat-abi=hard -n
TRACE::2026-07-26.18:55:02::SCWMssOS::ostartfiles -g -Wall -Wextra -fno-tree-loop-distribute-patterns"

TRACE::2026-07-26.18:55:02::SCWMssOS::Running Make include in ps7_cortexa9_0/libsrc/gpiops_v3_10/src

TRACE::2026-07-26.18:55:02::SCWMssOS::make -C ps7_cortexa9_0/libsrc/gpiops_v3_10/src -s include  "SHELL=/bin/sh" "COMPILER=arm-none-eabi-gcc" "ASSEMBLER=arm-none-eab
TRACE::2026-07-26.18:55:02::SCWMssOS::i-as" "ARCHIVER=arm-none-eabi-ar" "COMPILER_FLAGS=  -O2 -c" "EXTRA_COMPILER_FLAGS=-mcpu=cortex-a9 -mfpu=vfpv3 -mfloat-abi=hard 
TRACE::2026-07-26.18:55:02::SCWMssOS::-nostartfiles -g -Wall -Wextra -fno-tree-loop-distribute-patterns"

TRACE::2026-07-26.18:55:02::SCWMssOS::Running Make include in ps7_cortexa9_0/libsrc/qspips_v3_10/src

TRACE::2026-07-26.18:55:02::SCWMssOS::make -C ps7_cortexa9_0/libsrc/qspips_v3_10/src -s include  "SHELL=/bin/sh" "COMPILER=arm-none-eabi-gcc" "ASSEMBLER=arm-none-eab
TRACE::2026-07-26.18:55:02::SCWMssOS::i-as" "ARCHIVER=arm-none-eabi-ar" "COMPILER_FLAGS=  -O2 -c" "EXTRA_COMPILER_FLAGS=-mcpu=cortex-a9 -mfpu=vfpv3 -mfloat-abi=hard 
TRACE::2026-07-26.18:55:02::SCWMssOS::-nostartfiles -g -Wall -Wextra -fno-tree-loop-distribute-patterns"

TRACE::2026-07-26.18:55:02::SCWMssOS::Running Make include in ps7_cortexa9_0/libsrc/scugic_v5_0/src

TRACE::2026-07-26.18:55:02::SCWMssOS::make -C ps7_cortexa9_0/libsrc/scugic_v5_0/src -s include  "SHELL=/bin/sh" "COMPILER=arm-none-eabi-gcc" "ASSEMBLER=arm-none-eabi
TRACE::2026-07-26.18:55:02::SCWMssOS::-as" "ARCHIVER=arm-none-eabi-ar" "COMPILER_FLAGS=  -O2 -c" "EXTRA_COMPILER_FLAGS=-mcpu=cortex-a9 -mfpu=vfpv3 -mfloat-abi=hard -
TRACE::2026-07-26.18:55:02::SCWMssOS::nostartfiles -g -Wall -Wextra -fno-tree-loop-distribute-patterns"

TRACE::2026-07-26.18:55:02::SCWMssOS::Running Make include in ps7_cortexa9_0/libsrc/scutimer_v2_4/src

TRACE::2026-07-26.18:55:02::SCWMssOS::make -C ps7_cortexa9_0/libsrc/scutimer_v2_4/src -s include  "SHELL=/bin/sh" "COMPILER=arm-none-eabi-gcc" "ASSEMBLER=arm-none-ea
TRACE::2026-07-26.18:55:02::SCWMssOS::bi-as" "ARCHIVER=arm-none-eabi-ar" "COMPILER_FLAGS=  -O2 -c" "EXTRA_COMPILER_FLAGS=-mcpu=cortex-a9 -mfpu=vfpv3 -mfloat-abi=hard
TRACE::2026-07-26.18:55:02::SCWMssOS:: -nostartfiles -g -Wall -Wextra -fno-tree-loop-distribute-patterns"

TRACE::2026-07-26.18:55:02::SCWMssOS::Running Make include in ps7_cortexa9_0/libsrc/scuwdt_v2_4/src

TRACE::2026-07-26.18:55:02::SCWMssOS::make -C ps7_cortexa9_0/libsrc/scuwdt_v2_4/src -s include  "SHELL=/bin/sh" "COMPILER=arm-none-eabi-gcc" "ASSEMBLER=arm-none-eabi
TRACE::2026-07-26.18:55:02::SCWMssOS::-as" "ARCHIVER=arm-none-eabi-ar" "COMPILER_FLAGS=  -O2 -c" "EXTRA_COMPILER_FLAGS=-mcpu=cortex-a9 -mfpu=vfpv3 -mfloat-abi=hard -
TRACE::2026-07-26.18:55:02::SCWMssOS::nostartfiles -g -Wall -Wextra -fno-tree-loop-distribute-patterns"

TRACE::2026-07-26.18:55:02::SCWMssOS::Running Make include in ps7_cortexa9_0/libsrc/sdps_v4_0/src

TRACE::2026-07-26.18:55:02::SCWMssOS::make -C ps7_cortexa9_0/libsrc/sdps_v4_0/src -s include  "SHELL=/bin/sh" "COMPILER=arm-none-eabi-gcc" "ASSEMBLER=arm-none-eabi-a
TRACE::2026-07-26.18:55:02::SCWMssOS::s" "ARCHIVER=arm-none-eabi-ar" "COMPILER_FLAGS=  -O2 -c" "EXTRA_COMPILER_FLAGS=-mcpu=cortex-a9 -mfpu=vfpv3 -mfloat-abi=hard -no
TRACE::2026-07-26.18:55:02::SCWMssOS::startfiles -g -Wall -Wextra -fno-tree-loop-distribute-patterns"

TRACE::2026-07-26.18:55:02::SCWMssOS::Running Make include in ps7_cortexa9_0/libsrc/spips_v3_8/src

TRACE::2026-07-26.18:55:02::SCWMssOS::Running Make include in ps7_cortexa9_0/libsrc/standalone_v8_0/src

TRACE::2026-07-26.18:55:02::SCWMssOS::make -C ps7_cortexa9_0/libsrc/spips_v3_8/src -s include  "SHELL=/bin/sh" "COMPILER=arm-none-eabi-gcc" "ASSEMBLER=arm-none-eabi-
TRACE::2026-07-26.18:55:02::SCWMssOS::as" "ARCHIVER=arm-none-eabi-ar" "COMPILER_FLAGS=  -O2 -c" "EXTRA_COMPILER_FLAGS=-mcpu=cortex-a9 -mfpu=vfpv3 -mfloat-abi=hard -n
TRACE::2026-07-26.18:55:02::SCWMssOS::ostartfiles -g -Wall -Wextra -fno-tree-loop-distribute-patterns"

TRACE::2026-07-26.18:55:02::SCWMssOS::make -C ps7_cortexa9_0/libsrc/standalone_v8_0/src -s include  "SHELL=/bin/sh" "COMPILER=arm-none-eabi-gcc" "ASSEMBLER=arm-none-
TRACE::2026-07-26.18:55:02::SCWMssOS::eabi-as" "ARCHIVER=arm-none-eabi-ar" "COMPILER_FLAGS=  -O2 -c" "EXTRA_COMPILER_FLAGS=-mcpu=cortex-a9 -mfpu=vfpv3 -mfloat-abi=ha
TRACE::2026-07-26.18:55:02::SCWMssOS::rd -nostartfiles -g -Wall -Wextra -fno-tree-loop-distribute-patterns"

TRACE::2026-07-26.18:55:02::SCWMssOS::Running Make include in ps7_cortexa9_0/libsrc/usbps_v2_7/src

TRACE::2026-07-26.18:55:02::SCWMssOS::make -C ps7_cortexa9_0/libsrc/usbps_v2_7/src -s include  "SHELL=/bin/sh" "COMPILER=arm-none-eabi-gcc" "ASSEMBLER=arm-none-eabi-
TRACE::2026-07-26.18:55:02::SCWMssOS::as" "ARCHIVER=arm-none-eabi-ar" "COMPILER_FLAGS=  -O2 -c" "EXTRA_COMPILER_FLAGS=-mcpu=cortex-a9 -mfpu=vfpv3 -mfloat-abi=hard -n
TRACE::2026-07-26.18:55:02::SCWMssOS::ostartfiles -g -Wall -Wextra -fno-tree-loop-distribute-patterns"

TRACE::2026-07-26.18:55:02::SCWMssOS::Running Make include in ps7_cortexa9_0/libsrc/uartps_v3_11/src

TRACE::2026-07-26.18:55:02::SCWMssOS::make -C ps7_cortexa9_0/libsrc/uartps_v3_11/src -s include  "SHELL=/bin/sh" "COMPILER=arm-none-eabi-gcc" "ASSEMBLER=arm-none-eab
TRACE::2026-07-26.18:55:02::SCWMssOS::i-as" "ARCHIVER=arm-none-eabi-ar" "COMPILER_FLAGS=  -O2 -c" "EXTRA_COMPILER_FLAGS=-mcpu=cortex-a9 -mfpu=vfpv3 -mfloat-abi=hard 
TRACE::2026-07-26.18:55:02::SCWMssOS::-nostartfiles -g -Wall -Wextra -fno-tree-loop-distribute-patterns"

TRACE::2026-07-26.18:55:02::SCWMssOS::Running Make include in ps7_cortexa9_0/libsrc/xadcps_v2_6/src

TRACE::2026-07-26.18:55:02::SCWMssOS::make -C ps7_cortexa9_0/libsrc/xadcps_v2_6/src -s include  "SHELL=/bin/sh" "COMPILER=arm-none-eabi-gcc" "ASSEMBLER=arm-none-eabi
TRACE::2026-07-26.18:55:02::SCWMssOS::-as" "ARCHIVER=arm-none-eabi-ar" "COMPILER_FLAGS=  -O2 -c" "EXTRA_COMPILER_FLAGS=-mcpu=cortex-a9 -mfpu=vfpv3 -mfloat-abi=hard -
TRACE::2026-07-26.18:55:02::SCWMssOS::nostartfiles -g -Wall -Wextra -fno-tree-loop-distribute-patterns"

TRACE::2026-07-26.18:55:02::SCWMssOS::Running Make libs in ps7_cortexa9_0/libsrc/bram_v4_8/src

TRACE::2026-07-26.18:55:02::SCWMssOS::Running Make libs in ps7_cortexa9_0/libsrc/coresightps_dcc_v1_8/src

TRACE::2026-07-26.18:55:02::SCWMssOS::Running Make libs in ps7_cortexa9_0/libsrc/cpu_cortexa9_v2_11/src

TRACE::2026-07-26.18:55:02::SCWMssOS::make -C ps7_cortexa9_0/libsrc/bram_v4_8/src -s libs  "SHELL=/bin/sh" "COMPILER=arm-none-eabi-gcc" "ASSEMBLER=arm-none-eabi-as" 
TRACE::2026-07-26.18:55:02::SCWMssOS::"ARCHIVER=arm-none-eabi-ar" "COMPILER_FLAGS=  -O2 -c" "EXTRA_COMPILER_FLAGS=-mcpu=cortex-a9 -mfpu=vfpv3 -mfloat-abi=hard -nosta
TRACE::2026-07-26.18:55:02::SCWMssOS::rtfiles -g -Wall -Wextra -fno-tree-loop-distribute-patterns"

TRACE::2026-07-26.18:55:02::SCWMssOS::Running Make libs in ps7_cortexa9_0/libsrc/ddrps_v1_2/src

TRACE::2026-07-26.18:55:02::SCWMssOS::make -C ps7_cortexa9_0/libsrc/coresightps_dcc_v1_8/src -s libs  "SHELL=/bin/sh" "COMPILER=arm-none-eabi-gcc" "ASSEMBLER=arm-non
TRACE::2026-07-26.18:55:02::SCWMssOS::e-eabi-as" "ARCHIVER=arm-none-eabi-ar" "COMPILER_FLAGS=  -O2 -c" "EXTRA_COMPILER_FLAGS=-mcpu=cortex-a9 -mfpu=vfpv3 -mfloat-abi=
TRACE::2026-07-26.18:55:02::SCWMssOS::hard -nostartfiles -g -Wall -Wextra -fno-tree-loop-distribute-patterns"

TRACE::2026-07-26.18:55:02::SCWMssOS::make -C ps7_cortexa9_0/libsrc/cpu_cortexa9_v2_11/src -s libs  "SHELL=/bin/sh" "COMPILER=arm-none-eabi-gcc" "ASSEMBLER=arm-none-
TRACE::2026-07-26.18:55:02::SCWMssOS::eabi-as" "ARCHIVER=arm-none-eabi-ar" "COMPILER_FLAGS=  -O2 -c" "EXTRA_COMPILER_FLAGS=-mcpu=cortex-a9 -mfpu=vfpv3 -mfloat-abi=ha
TRACE::2026-07-26.18:55:02::SCWMssOS::rd -nostartfiles -g -Wall -Wextra -fno-tree-loop-distribute-patterns"

TRACE::2026-07-26.18:55:02::SCWMssOS::make -C ps7_cortexa9_0/libsrc/ddrps_v1_2/src -s libs  "SHELL=/bin/sh" "COMPILER=arm-none-eabi-gcc" "ASSEMBLER=arm-none-eabi-as"
TRACE::2026-07-26.18:55:02::SCWMssOS:: "ARCHIVER=arm-none-eabi-ar" "COMPILER_FLAGS=  -O2 -c" "EXTRA_COMPILER_FLAGS=-mcpu=cortex-a9 -mfpu=vfpv3 -mfloat-abi=hard -nost
TRACE::2026-07-26.18:55:02::SCWMssOS::artfiles -g -Wall -Wextra -fno-tree-loop-distribute-patterns"

TRACE::2026-07-26.18:55:02::SCWMssOS::Running Make libs in ps7_cortexa9_0/libsrc/devcfg_v3_7/src

TRACE::2026-07-26.18:55:02::SCWMssOS::Running Make libs in ps7_cortexa9_0/libsrc/dmaps_v2_8/src

TRACE::2026-07-26.18:55:02::SCWMssOS::Running Make libs in ps7_cortexa9_0/libsrc/qspips_v3_10/src

TRACE::2026-07-26.18:55:02::SCWMssOS::make -C ps7_cortexa9_0/libsrc/devcfg_v3_7/src -s libs  "SHELL=/bin/sh" "COMPILER=arm-none-eabi-gcc" "ASSEMBLER=arm-none-eabi-as
TRACE::2026-07-26.18:55:02::SCWMssOS::" "ARCHIVER=arm-none-eabi-ar" "COMPILER_FLAGS=  -O2 -c" "EXTRA_COMPILER_FLAGS=-mcpu=cortex-a9 -mfpu=vfpv3 -mfloat-abi=hard -nos
TRACE::2026-07-26.18:55:02::SCWMssOS::tartfiles -g -Wall -Wextra -fno-tree-loop-distribute-patterns"

TRACE::2026-07-26.18:55:02::SCWMssOS::Running Make libs in ps7_cortexa9_0/libsrc/gpiops_v3_10/src

TRACE::2026-07-26.18:55:02::SCWMssOS::make -C ps7_cortexa9_0/libsrc/dmaps_v2_8/src -s libs  "SHELL=/bin/sh" "COMPILER=arm-none-eabi-gcc" "ASSEMBLER=arm-none-eabi-as"
TRACE::2026-07-26.18:55:02::SCWMssOS:: "ARCHIVER=arm-none-eabi-ar" "COMPILER_FLAGS=  -O2 -c" "EXTRA_COMPILER_FLAGS=-mcpu=cortex-a9 -mfpu=vfpv3 -mfloat-abi=hard -nost
TRACE::2026-07-26.18:55:02::SCWMssOS::artfiles -g -Wall -Wextra -fno-tree-loop-distribute-patterns"

TRACE::2026-07-26.18:55:02::SCWMssOS::make -C ps7_cortexa9_0/libsrc/qspips_v3_10/src -s libs  "SHELL=/bin/sh" "COMPILER=arm-none-eabi-gcc" "ASSEMBLER=arm-none-eabi-a
TRACE::2026-07-26.18:55:02::SCWMssOS::s" "ARCHIVER=arm-none-eabi-ar" "COMPILER_FLAGS=  -O2 -c" "EXTRA_COMPILER_FLAGS=-mcpu=cortex-a9 -mfpu=vfpv3 -mfloat-abi=hard -no
TRACE::2026-07-26.18:55:02::SCWMssOS::startfiles -g -Wall -Wextra -fno-tree-loop-distribute-patterns"

TRACE::2026-07-26.18:55:02::SCWMssOS::make -C ps7_cortexa9_0/libsrc/gpiops_v3_10/src -s libs  "SHELL=/bin/sh" "COMPILER=arm-none-eabi-gcc" "ASSEMBLER=arm-none-eabi-a
TRACE::2026-07-26.18:55:02::SCWMssOS::s" "ARCHIVER=arm-none-eabi-ar" "COMPILER_FLAGS=  -O2 -c" "EXTRA_COMPILER_FLAGS=-mcpu=cortex-a9 -mfpu=vfpv3 -mfloat-abi=hard -no
TRACE::2026-07-26.18:55:02::SCWMssOS::startfiles -g -Wall -Wextra -fno-tree-loop-distribute-patterns"

TRACE::2026-07-26.18:55:02::SCWMssOS::Running Make libs in ps7_cortexa9_0/libsrc/scugic_v5_0/src

TRACE::2026-07-26.18:55:02::SCWMssOS::make -C ps7_cortexa9_0/libsrc/scugic_v5_0/src -s libs  "SHELL=/bin/sh" "COMPILER=arm-none-eabi-gcc" "ASSEMBLER=arm-none-eabi-as
TRACE::2026-07-26.18:55:02::SCWMssOS::" "ARCHIVER=arm-none-eabi-ar" "COMPILER_FLAGS=  -O2 -c" "EXTRA_COMPILER_FLAGS=-mcpu=cortex-a9 -mfpu=vfpv3 -mfloat-abi=hard -nos
TRACE::2026-07-26.18:55:02::SCWMssOS::tartfiles -g -Wall -Wextra -fno-tree-loop-distribute-patterns"

TRACE::2026-07-26.18:55:02::SCWMssOS::Running Make libs in ps7_cortexa9_0/libsrc/scutimer_v2_4/src

TRACE::2026-07-26.18:55:02::SCWMssOS::make -C ps7_cortexa9_0/libsrc/scutimer_v2_4/src -s libs  "SHELL=/bin/sh" "COMPILER=arm-none-eabi-gcc" "ASSEMBLER=arm-none-eabi-
TRACE::2026-07-26.18:55:02::SCWMssOS::as" "ARCHIVER=arm-none-eabi-ar" "COMPILER_FLAGS=  -O2 -c" "EXTRA_COMPILER_FLAGS=-mcpu=cortex-a9 -mfpu=vfpv3 -mfloat-abi=hard -n
TRACE::2026-07-26.18:55:02::SCWMssOS::ostartfiles -g -Wall -Wextra -fno-tree-loop-distribute-patterns"

TRACE::2026-07-26.18:55:02::SCWMssOS::Running Make libs in ps7_cortexa9_0/libsrc/scuwdt_v2_4/src

TRACE::2026-07-26.18:55:02::SCWMssOS::make -C ps7_cortexa9_0/libsrc/scuwdt_v2_4/src -s libs  "SHELL=/bin/sh" "COMPILER=arm-none-eabi-gcc" "ASSEMBLER=arm-none-eabi-as
TRACE::2026-07-26.18:55:02::SCWMssOS::" "ARCHIVER=arm-none-eabi-ar" "COMPILER_FLAGS=  -O2 -c" "EXTRA_COMPILER_FLAGS=-mcpu=cortex-a9 -mfpu=vfpv3 -mfloat-abi=hard -nos
TRACE::2026-07-26.18:55:02::SCWMssOS::tartfiles -g -Wall -Wextra -fno-tree-loop-distribute-patterns"

TRACE::2026-07-26.18:55:02::SCWMssOS::Running Make libs in ps7_cortexa9_0/libsrc/sdps_v4_0/src

TRACE::2026-07-26.18:55:02::SCWMssOS::make -C ps7_cortexa9_0/libsrc/sdps_v4_0/src -s libs  "SHELL=/bin/sh" "COMPILER=arm-none-eabi-gcc" "ASSEMBLER=arm-none-eabi-as" 
TRACE::2026-07-26.18:55:02::SCWMssOS::"ARCHIVER=arm-none-eabi-ar" "COMPILER_FLAGS=  -O2 -c" "EXTRA_COMPILER_FLAGS=-mcpu=cortex-a9 -mfpu=vfpv3 -mfloat-abi=hard -nosta
TRACE::2026-07-26.18:55:02::SCWMssOS::rtfiles -g -Wall -Wextra -fno-tree-loop-distribute-patterns"

TRACE::2026-07-26.18:55:02::SCWMssOS::Running Make libs in ps7_cortexa9_0/libsrc/spips_v3_8/src

TRACE::2026-07-26.18:55:02::SCWMssOS::make -C ps7_cortexa9_0/libsrc/spips_v3_8/src -s libs  "SHELL=/bin/sh" "COMPILER=arm-none-eabi-gcc" "ASSEMBLER=arm-none-eabi-as"
TRACE::2026-07-26.18:55:02::SCWMssOS:: "ARCHIVER=arm-none-eabi-ar" "COMPILER_FLAGS=  -O2 -c" "EXTRA_COMPILER_FLAGS=-mcpu=cortex-a9 -mfpu=vfpv3 -mfloat-abi=hard -nost
TRACE::2026-07-26.18:55:02::SCWMssOS::artfiles -g -Wall -Wextra -fno-tree-loop-distribute-patterns"

TRACE::2026-07-26.18:55:02::SCWMssOS::Running Make libs in ps7_cortexa9_0/libsrc/standalone_v8_0/src

TRACE::2026-07-26.18:55:02::SCWMssOS::make -C ps7_cortexa9_0/libsrc/standalone_v8_0/src -s libs  "SHELL=/bin/sh" "COMPILER=arm-none-eabi-gcc" "ASSEMBLER=arm-none-eab
TRACE::2026-07-26.18:55:02::SCWMssOS::i-as" "ARCHIVER=arm-none-eabi-ar" "COMPILER_FLAGS=  -O2 -c" "EXTRA_COMPILER_FLAGS=-mcpu=cortex-a9 -mfpu=vfpv3 -mfloat-abi=hard 
TRACE::2026-07-26.18:55:02::SCWMssOS::-nostartfiles -g -Wall -Wextra -fno-tree-loop-distribute-patterns"

TRACE::2026-07-26.18:55:02::SCWMssOS::Running Make libs in ps7_cortexa9_0/libsrc/uartps_v3_11/src

TRACE::2026-07-26.18:55:02::SCWMssOS::make -C ps7_cortexa9_0/libsrc/uartps_v3_11/src -s libs  "SHELL=/bin/sh" "COMPILER=arm-none-eabi-gcc" "ASSEMBLER=arm-none-eabi-a
TRACE::2026-07-26.18:55:02::SCWMssOS::s" "ARCHIVER=arm-none-eabi-ar" "COMPILER_FLAGS=  -O2 -c" "EXTRA_COMPILER_FLAGS=-mcpu=cortex-a9 -mfpu=vfpv3 -mfloat-abi=hard -no
TRACE::2026-07-26.18:55:02::SCWMssOS::startfiles -g -Wall -Wextra -fno-tree-loop-distribute-patterns"

TRACE::2026-07-26.18:55:02::SCWMssOS::Running Make libs in ps7_cortexa9_0/libsrc/usbps_v2_7/src

TRACE::2026-07-26.18:55:02::SCWMssOS::make -C ps7_cortexa9_0/libsrc/usbps_v2_7/src -s libs  "SHELL=/bin/sh" "COMPILER=arm-none-eabi-gcc" "ASSEMBLER=arm-none-eabi-as"
TRACE::2026-07-26.18:55:02::SCWMssOS:: "ARCHIVER=arm-none-eabi-ar" "COMPILER_FLAGS=  -O2 -c" "EXTRA_COMPILER_FLAGS=-mcpu=cortex-a9 -mfpu=vfpv3 -mfloat-abi=hard -nost
TRACE::2026-07-26.18:55:02::SCWMssOS::artfiles -g -Wall -Wextra -fno-tree-loop-distribute-patterns"

TRACE::2026-07-26.18:55:03::SCWMssOS::Running Make libs in ps7_cortexa9_0/libsrc/xadcps_v2_6/src

TRACE::2026-07-26.18:55:03::SCWMssOS::make -C ps7_cortexa9_0/libsrc/xadcps_v2_6/src -s libs  "SHELL=/bin/sh" "COMPILER=arm-none-eabi-gcc" "ASSEMBLER=arm-none-eabi-as
TRACE::2026-07-26.18:55:03::SCWMssOS::" "ARCHIVER=arm-none-eabi-ar" "COMPILER_FLAGS=  -O2 -c" "EXTRA_COMPILER_FLAGS=-mcpu=cortex-a9 -mfpu=vfpv3 -mfloat-abi=hard -nos
TRACE::2026-07-26.18:55:03::SCWMssOS::tartfiles -g -Wall -Wextra -fno-tree-loop-distribute-patterns"

TRACE::2026-07-26.18:55:03::SCWMssOS::Finished building libraries parallelly.

TRACE::2026-07-26.18:55:03::SCWMssOS::make --no-print-directory archive

TRACE::2026-07-26.18:55:03::SCWMssOS::arm-none-eabi-ar -r  ps7_cortexa9_0/lib/libxil.a ps7_cortexa9_0/lib/_exit.o ps7_cortexa9_0/lib/_open.o ps7_cortexa9_0/lib/_sbrk
TRACE::2026-07-26.18:55:03::SCWMssOS::.o ps7_cortexa9_0/lib/abort.o ps7_cortexa9_0/lib/asm_vectors.o ps7_cortexa9_0/lib/boot.o ps7_cortexa9_0/lib/close.o ps7_cortexa
TRACE::2026-07-26.18:55:03::SCWMssOS::9_0/lib/cpputest_time.o ps7_cortexa9_0/lib/cpu_init.o ps7_cortexa9_0/lib/errno.o ps7_cortexa9_0/lib/fcntl.o ps7_cortexa9_0/lib/
TRACE::2026-07-26.18:55:03::SCWMssOS::fstat.o ps7_cortexa9_0/lib/getpid.o ps7_cortexa9_0/lib/inbyte.o ps7_cortexa9_0/lib/isatty.o ps7_cortexa9_0/lib/kill.o ps7_corte
TRACE::2026-07-26.18:55:03::SCWMssOS::xa9_0/lib/lseek.o ps7_cortexa9_0/lib/open.o ps7_cortexa9_0/lib/outbyte.o ps7_cortexa9_0/lib/print.o ps7_cortexa9_0/lib/putnum.o
TRACE::2026-07-26.18:55:03::SCWMssOS:: ps7_cortexa9_0/lib/read.o ps7_cortexa9_0/lib/sbrk.o ps7_cortexa9_0/lib/sleep.o ps7_cortexa9_0/lib/time.o ps7_cortexa9_0/lib/tr
TRACE::2026-07-26.18:55:03::SCWMssOS::anslation_table.o ps7_cortexa9_0/lib/unlink.o ps7_cortexa9_0/lib/usleep.o ps7_cortexa9_0/lib/vectors.o ps7_cortexa9_0/lib/write
TRACE::2026-07-26.18:55:03::SCWMssOS::.o ps7_cortexa9_0/lib/xadcps.o ps7_cortexa9_0/lib/xadcps_g.o ps7_cortexa9_0/lib/xadcps_intr.o ps7_cortexa9_0/lib/xadcps_selftes
TRACE::2026-07-26.18:55:03::SCWMssOS::t.o ps7_cortexa9_0/lib/xadcps_sinit.o ps7_cortexa9_0/lib/xbram.o ps7_cortexa9_0/lib/xbram_g.o ps7_cortexa9_0/lib/xbram_intr.o p
TRACE::2026-07-26.18:55:03::SCWMssOS::s7_cortexa9_0/lib/xbram_selftest.o ps7_cortexa9_0/lib/xbram_sinit.o ps7_cortexa9_0/lib/xcoresightpsdcc.o ps7_cortexa9_0/lib/xde
TRACE::2026-07-26.18:55:03::SCWMssOS::vcfg.o ps7_cortexa9_0/lib/xdevcfg_g.o ps7_cortexa9_0/lib/xdevcfg_hw.o ps7_cortexa9_0/lib/xdevcfg_intr.o ps7_cortexa9_0/lib/xdev
TRACE::2026-07-26.18:55:03::SCWMssOS::cfg_selftest.o ps7_cortexa9_0/lib/xdevcfg_sinit.o ps7_cortexa9_0/lib/xdmaps.o ps7_cortexa9_0/lib/xdmaps_g.o ps7_cortexa9_0/lib/
TRACE::2026-07-26.18:55:03::SCWMssOS::xdmaps_hw.o ps7_cortexa9_0/lib/xdmaps_selftest.o ps7_cortexa9_0/lib/xdmaps_sinit.o ps7_cortexa9_0/lib/xgpiops.o ps7_cortexa9_0/
TRACE::2026-07-26.18:55:03::SCWMssOS::lib/xgpiops_g.o ps7_cortexa9_0/lib/xgpiops_hw.o ps7_cortexa9_0/lib/xgpiops_intr.o ps7_cortexa9_0/lib/xgpiops_selftest.o ps7_cor
TRACE::2026-07-26.18:55:03::SCWMssOS::texa9_0/lib/xgpiops_sinit.o ps7_cortexa9_0/lib/xil-crt0.o ps7_cortexa9_0/lib/xil_assert.o ps7_cortexa9_0/lib/xil_cache.o ps7_co
TRACE::2026-07-26.18:55:03::SCWMssOS::rtexa9_0/lib/xil_clocking.o ps7_cortexa9_0/lib/xil_exception.o ps7_cortexa9_0/lib/xil_mem.o ps7_cortexa9_0/lib/xil_misc_psreset
TRACE::2026-07-26.18:55:03::SCWMssOS::_api.o ps7_cortexa9_0/lib/xil_mmu.o ps7_cortexa9_0/lib/xil_printf.o ps7_cortexa9_0/lib/xil_sleepcommon.o ps7_cortexa9_0/lib/xil
TRACE::2026-07-26.18:55:03::SCWMssOS::_sleeptimer.o ps7_cortexa9_0/lib/xil_spinlock.o ps7_cortexa9_0/lib/xil_testcache.o ps7_cortexa9_0/lib/xil_testio.o ps7_cortexa9
TRACE::2026-07-26.18:55:03::SCWMssOS::_0/lib/xil_testmem.o ps7_cortexa9_0/lib/xil_util.o ps7_cortexa9_0/lib/xinterrupt_wrap.o ps7_cortexa9_0/lib/xl2cc_counter.o ps7_
TRACE::2026-07-26.18:55:03::SCWMssOS::cortexa9_0/lib/xplatform_info.o ps7_cortexa9_0/lib/xpm_counter.o ps7_cortexa9_0/lib/xqspips.o ps7_cortexa9_0/lib/xqspips_g.o ps
TRACE::2026-07-26.18:55:03::SCWMssOS::7_cortexa9_0/lib/xqspips_hw.o ps7_cortexa9_0/lib/xqspips_options.o ps7_cortexa9_0/lib/xqspips_selftest.o ps7_cortexa9_0/lib/xqs
TRACE::2026-07-26.18:55:03::SCWMssOS::pips_sinit.o ps7_cortexa9_0/lib/xscugic.o ps7_cortexa9_0/lib/xscugic_g.o ps7_cortexa9_0/lib/xscugic_hw.o ps7_cortexa9_0/lib/xsc
TRACE::2026-07-26.18:55:03::SCWMssOS::ugic_intr.o ps7_cortexa9_0/lib/xscugic_selftest.o ps7_cortexa9_0/lib/xscugic_sinit.o ps7_cortexa9_0/lib/xscutimer.o ps7_cortexa
TRACE::2026-07-26.18:55:03::SCWMssOS::9_0/lib/xscutimer_g.o ps7_cortexa9_0/lib/xscutimer_selftest.o ps7_cortexa9_0/lib/xscutimer_sinit.o ps7_cortexa9_0/lib/xscuwdt.o
TRACE::2026-07-26.18:55:03::SCWMssOS:: ps7_cortexa9_0/lib/xscuwdt_g.o ps7_cortexa9_0/lib/xscuwdt_selftest.o ps7_cortexa9_0/lib/xscuwdt_sinit.o ps7_cortexa9_0/lib/xsd
TRACE::2026-07-26.18:55:03::SCWMssOS::ps.o ps7_cortexa9_0/lib/xsdps_card.o ps7_cortexa9_0/lib/xsdps_g.o ps7_cortexa9_0/lib/xsdps_host.o ps7_cortexa9_0/lib/xsdps_opti
TRACE::2026-07-26.18:55:03::SCWMssOS::ons.o ps7_cortexa9_0/lib/xsdps_sinit.o ps7_cortexa9_0/lib/xspips.o ps7_cortexa9_0/lib/xspips_g.o ps7_cortexa9_0/lib/xspips_hw.o
TRACE::2026-07-26.18:55:03::SCWMssOS:: ps7_cortexa9_0/lib/xspips_options.o ps7_cortexa9_0/lib/xspips_selftest.o ps7_cortexa9_0/lib/xspips_sinit.o ps7_cortexa9_0/lib/
TRACE::2026-07-26.18:55:03::SCWMssOS::xtime_l.o ps7_cortexa9_0/lib/xuartps.o ps7_cortexa9_0/lib/xuartps_g.o ps7_cortexa9_0/lib/xuartps_hw.o ps7_cortexa9_0/lib/xuartp
TRACE::2026-07-26.18:55:03::SCWMssOS::s_intr.o ps7_cortexa9_0/lib/xuartps_options.o ps7_cortexa9_0/lib/xuartps_selftest.o ps7_cortexa9_0/lib/xuartps_sinit.o ps7_cort
TRACE::2026-07-26.18:55:03::SCWMssOS::exa9_0/lib/xusbps.o ps7_cortexa9_0/lib/xusbps_endpoint.o ps7_cortexa9_0/lib/xusbps_g.o ps7_cortexa9_0/lib/xusbps_hw.o ps7_corte
TRACE::2026-07-26.18:55:03::SCWMssOS::xa9_0/lib/xusbps_intr.o ps7_cortexa9_0/lib/xusbps_sinit.o

TRACE::2026-07-26.18:55:03::SCWMssOS::Finished building libraries

TRACE::2026-07-26.18:55:03::SCWMssOS::Copying to export directory.
TRACE::2026-07-26.18:55:03::SCWMssOS:: Checking if to create the Supporting Applications
TRACE::2026-07-26.18:55:03::SCWMssOS:: No Linux domain exists, trying to generate FSBL 
LOG::2026-07-26.18:55:03::SCWSystem::Completed Processing the domain standalone_domain
LOG::2026-07-26.18:55:03::SCWSystem::Completed Processing the sysconfig milestone2
LOG::2026-07-26.18:55:03::SCWPlatform::Completed generating the artifacts for system configuration milestone2
TRACE::2026-07-26.18:55:03::SCWPlatform::Started preparing the platform 
TRACE::2026-07-26.18:55:03::SCWSystem::Writing the bif file for system config milestone2
TRACE::2026-07-26.18:55:03::SCWSystem::dir created 
TRACE::2026-07-26.18:55:03::SCWSystem::Writing the bif 
TRACE::2026-07-26.18:55:03::SCWPlatform::Started writing the spfm file 
TRACE::2026-07-26.18:55:03::SCWPlatform::Started writing the xpfm file 
TRACE::2026-07-26.18:55:03::SCWPlatform::Completed generating the platform
TRACE::2026-07-26.18:55:03::SCWMssOS::Saving the mss changes /home/ran/Documents/uni/s10/asip_lab/vitis_ws/milestone2/zynq_fsbl/zynq_fsbl_bsp/system.mss
TRACE::2026-07-26.18:55:03::SCWMssOS::Found a swdesign opened with the mssfile.
TRACE::2026-07-26.18:55:03::SCWMssOS::Completed writemss as part of save.
TRACE::2026-07-26.18:55:03::SCWMssOS::Commit changes completed.
TRACE::2026-07-26.18:55:03::SCWMssOS::Saving the mss changes /home/ran/Documents/uni/s10/asip_lab/vitis_ws/milestone2/ps7_cortexa9_0/standalone_domain/bsp/system.mss
TRACE::2026-07-26.18:55:03::SCWMssOS::Found a swdesign opened with the mssfile.
TRACE::2026-07-26.18:55:03::SCWMssOS::Completed writemss as part of save.
TRACE::2026-07-26.18:55:03::SCWMssOS::Commit changes completed.
TRACE::2026-07-26.18:55:03::SCWPlatform::Trying to open the hw design at /home/ran/Documents/uni/s10/asip_lab/vitis_ws/milestone2/hw/design_1_wrapper.xsa
TRACE::2026-07-26.18:55:03::SCWPlatform::DSA given /home/ran/Documents/uni/s10/asip_lab/vitis_ws/milestone2/hw/design_1_wrapper.xsa
TRACE::2026-07-26.18:55:03::SCWPlatform::DSA absoulate path /home/ran/Documents/uni/s10/asip_lab/vitis_ws/milestone2/hw/design_1_wrapper.xsa
TRACE::2026-07-26.18:55:03::SCWPlatform::DSA directory /home/ran/Documents/uni/s10/asip_lab/vitis_ws/milestone2/hw
TRACE::2026-07-26.18:55:03::SCWPlatform:: Platform Path /home/ran/Documents/uni/s10/asip_lab/vitis_ws/milestone2/hw/design_1_wrapper.xsa
TRACE::2026-07-26.18:55:03::SCWPlatform:: Unique name xilinx:::0.0
TRACE::2026-07-26.18:55:03::SCWPlatform::Trying to set the existing hwdb with name design_1_wrapper_20
TRACE::2026-07-26.18:55:03::SCWPlatform::Opened existing hwdb design_1_wrapper_20
TRACE::2026-07-26.18:55:03::SCWPlatform::Found the Hw Db part of the input DSA
TRACE::2026-07-26.18:55:03::SCWMssOS::Checking the sw design at  /home/ran/Documents/uni/s10/asip_lab/vitis_ws/milestone2/zynq_fsbl/zynq_fsbl_bsp/system.mss
TRACE::2026-07-26.18:55:03::SCWMssOS::DEBUG:  swdes dump  /home/ran/Documents/uni/s10/asip_lab/vitis_ws/milestone2/ps7_cortexa9_0/standalone_domain/bsp/system.mss|system_0||
/home/ran/Documents/uni/s10/asip_lab/vitis_ws/milestone2/zynq_fsbl/zynq_fsbl_bsp/system.mss|system||

TRACE::2026-07-26.18:55:03::SCWMssOS::Sw design exists and opened at  /home/ran/Documents/uni/s10/asip_lab/vitis_ws/milestone2/zynq_fsbl/zynq_fsbl_bsp/system.mss
TRACE::2026-07-26.18:55:03::SCWPlatform::Trying to open the hw design at /home/ran/Documents/uni/s10/asip_lab/vitis_ws/milestone2/hw/design_1_wrapper.xsa
TRACE::2026-07-26.18:55:03::SCWPlatform::DSA given /home/ran/Documents/uni/s10/asip_lab/vitis_ws/milestone2/hw/design_1_wrapper.xsa
TRACE::2026-07-26.18:55:03::SCWPlatform::DSA absoulate path /home/ran/Documents/uni/s10/asip_lab/vitis_ws/milestone2/hw/design_1_wrapper.xsa
TRACE::2026-07-26.18:55:03::SCWPlatform::DSA directory /home/ran/Documents/uni/s10/asip_lab/vitis_ws/milestone2/hw
TRACE::2026-07-26.18:55:03::SCWPlatform:: Platform Path /home/ran/Documents/uni/s10/asip_lab/vitis_ws/milestone2/hw/design_1_wrapper.xsa
TRACE::2026-07-26.18:55:03::SCWPlatform:: Unique name xilinx:::0.0
TRACE::2026-07-26.18:55:03::SCWPlatform::Trying to set the existing hwdb with name design_1_wrapper_20
TRACE::2026-07-26.18:55:03::SCWPlatform::Opened existing hwdb design_1_wrapper_20
TRACE::2026-07-26.18:55:03::SCWPlatform::Found the Hw Db part of the input DSA
TRACE::2026-07-26.18:55:03::SCWMssOS::Checking the sw design at  /home/ran/Documents/uni/s10/asip_lab/vitis_ws/milestone2/ps7_cortexa9_0/standalone_domain/bsp/system.mss
TRACE::2026-07-26.18:55:03::SCWMssOS::DEBUG:  swdes dump  /home/ran/Documents/uni/s10/asip_lab/vitis_ws/milestone2/ps7_cortexa9_0/standalone_domain/bsp/system.mss|system_0||
/home/ran/Documents/uni/s10/asip_lab/vitis_ws/milestone2/zynq_fsbl/zynq_fsbl_bsp/system.mss|system||

TRACE::2026-07-26.18:55:03::SCWMssOS::Sw design exists and opened at  /home/ran/Documents/uni/s10/asip_lab/vitis_ws/milestone2/ps7_cortexa9_0/standalone_domain/bsp/system.mss
TRACE::2026-07-26.18:55:03::SCWWriter::formatted JSON is {
	"platformName":	"milestone2",
	"sprVersion":	"2.0",
	"mode":	"gui",
	"dsaType":	"Fixed",
	"platformDesc":	"milestone2",
	"platHandOff":	"/home/ran/Documents/uni/s10/asip_lab/final_project/design_1_wrapper.xsa",
	"platIntHandOff":	"<platformDir>/hw/design_1_wrapper.xsa",
	"deviceType":	"zynq",
	"platIsPrebuiltAutogen":	"false",
	"platIsNoBootBsp":	"false",
	"hasFsblMakeHasChanges":	"false",
	"hasPmufwMakeHasChanges":	"false",
	"fsblExtraCompilerFlags":	"-MMD -MP       -mcpu=cortex-a9 -mfpu=vfpv3 -mfloat-abi=hard ",
	"platPreBuiltFlag":	false,
	"platformSamplesDir":	"",
	"platActiveSys":	"milestone2",
	"systems":	[{
			"systemName":	"milestone2",
			"systemDesc":	"milestone2",
			"sysIsBootAutoGen":	"true",
			"systemDispName":	"milestone2",
			"sysActiveDom":	"standalone_domain",
			"sysDefaultDom":	"standalone_domain",
			"domains":	[{
					"domainName":	"zynq_fsbl",
					"domainDispName":	"zynq_fsbl",
					"domainDesc":	"FSBL Application BSP - Auto Generated.",
					"processors":	"ps7_cortexa9_0",
					"os":	"standalone",
					"sdxOs":	"standalone",
					"debugEnable":	"",
					"domRuntimes":	["cpp"],
					"swRepo":	"",
					"mssOsVer":	"8.0",
					"mssFile":	"",
					"md5Digest":	"5190a0a8ca228895166de3d006f5d4d11",
					"compatibleApp":	"zynq_fsbl",
					"domType":	"bootDomain",
					"arch":	"32-bit",
					"appSettings":	{
						"appCompilerFlags":	"",
						"appLinkerFlags":	""
					},
					"addedLibs":	["xilffs:4.8", "xilrsa:1.6"],
					"libOptions":	{
						"standalone":	{
							"stdin":	"ps7_coresight_comp_0",
							"stdout":	"ps7_coresight_comp_0",
							"libOptionNames":	["stdin", "stdout"]
						},
						"libsContainingOptions":	["standalone"]
					},
					"prebuiltLibs":	{
						"prebuiltIncPath":	[],
						"prebuiltLibPath":	[]
					},
					"isolation":	{
					}
				}, {
					"domainName":	"standalone_domain",
					"domainDispName":	"standalone on ps7_cortexa9_0",
					"domainDesc":	"standalone_domain",
					"processors":	"ps7_cortexa9_0",
					"os":	"standalone",
					"sdxOs":	"standalone",
					"qemuArgs":	"<platformDir>/resources/milestone2/standalone_domain/qemu_args.txt",
					"qemuData":	"<platformDir>/resources/milestone2/standalone_domain/qemu",
					"debugEnable":	"False",
					"domRuntimes":	["cpp"],
					"swRepo":	"",
					"mssOsVer":	"8.0",
					"mssFile":	"",
					"md5Digest":	"535e79a15a1e73fcd4a563d70192fb2c",
					"compatibleApp":	"",
					"domType":	"mssDomain",
					"appSettings":	{
						"appCompilerFlags":	"",
						"appLinkerFlags":	""
					},
					"addedLibs":	[],
					"libOptions":	{
						"libsContainingOptions":	[]
					},
					"prebuiltLibs":	{
						"prebuiltIncPath":	[],
						"prebuiltLibPath":	[]
					},
					"isolation":	{
					}
				}]
		}]
}
KEYINFO::2026-07-26.18:55:03::SCWPlatform::updated the xpfm file.
TRACE::2026-07-26.18:55:03::SCWPlatform::Trying to open the hw design at /home/ran/Documents/uni/s10/asip_lab/vitis_ws/milestone2/hw/design_1_wrapper.xsa
TRACE::2026-07-26.18:55:03::SCWPlatform::DSA given /home/ran/Documents/uni/s10/asip_lab/vitis_ws/milestone2/hw/design_1_wrapper.xsa
TRACE::2026-07-26.18:55:03::SCWPlatform::DSA absoulate path /home/ran/Documents/uni/s10/asip_lab/vitis_ws/milestone2/hw/design_1_wrapper.xsa
TRACE::2026-07-26.18:55:03::SCWPlatform::DSA directory /home/ran/Documents/uni/s10/asip_lab/vitis_ws/milestone2/hw
TRACE::2026-07-26.18:55:03::SCWPlatform:: Platform Path /home/ran/Documents/uni/s10/asip_lab/vitis_ws/milestone2/hw/design_1_wrapper.xsa
TRACE::2026-07-26.18:55:03::SCWPlatform:: Unique name xilinx:::0.0
TRACE::2026-07-26.18:55:03::SCWPlatform::Trying to set the existing hwdb with name design_1_wrapper_20
TRACE::2026-07-26.18:55:03::SCWPlatform::Opened existing hwdb design_1_wrapper_20
TRACE::2026-07-26.18:55:03::SCWPlatform::Found the Hw Db part of the input DSA
TRACE::2026-07-26.18:55:03::SCWMssOS::Checking the sw design at  /home/ran/Documents/uni/s10/asip_lab/vitis_ws/milestone2/ps7_cortexa9_0/standalone_domain/bsp/system.mss
TRACE::2026-07-26.18:55:03::SCWMssOS::DEBUG:  swdes dump  /home/ran/Documents/uni/s10/asip_lab/vitis_ws/milestone2/ps7_cortexa9_0/standalone_domain/bsp/system.mss|system_0||
/home/ran/Documents/uni/s10/asip_lab/vitis_ws/milestone2/zynq_fsbl/zynq_fsbl_bsp/system.mss|system||

TRACE::2026-07-26.18:55:03::SCWMssOS::Sw design exists and opened at  /home/ran/Documents/uni/s10/asip_lab/vitis_ws/milestone2/ps7_cortexa9_0/standalone_domain/bsp/system.mss
TRACE::2026-07-26.18:56:41::SCWPlatform::Trying to open the hw design at /home/ran/Documents/uni/s10/asip_lab/vitis_ws/milestone2/hw/design_1_wrapper.xsa
TRACE::2026-07-26.18:56:41::SCWPlatform::DSA given /home/ran/Documents/uni/s10/asip_lab/vitis_ws/milestone2/hw/design_1_wrapper.xsa
TRACE::2026-07-26.18:56:41::SCWPlatform::DSA absoulate path /home/ran/Documents/uni/s10/asip_lab/vitis_ws/milestone2/hw/design_1_wrapper.xsa
TRACE::2026-07-26.18:56:41::SCWPlatform::DSA directory /home/ran/Documents/uni/s10/asip_lab/vitis_ws/milestone2/hw
TRACE::2026-07-26.18:56:41::SCWPlatform:: Platform Path /home/ran/Documents/uni/s10/asip_lab/vitis_ws/milestone2/hw/design_1_wrapper.xsa
TRACE::2026-07-26.18:56:41::SCWPlatform:: Unique name xilinx:::0.0
TRACE::2026-07-26.18:56:41::SCWPlatform::Trying to set the existing hwdb with name design_1_wrapper_20
TRACE::2026-07-26.18:56:41::SCWPlatform::Opened existing hwdb design_1_wrapper_20
TRACE::2026-07-26.18:56:41::SCWPlatform::Found the Hw Db part of the input DSA
TRACE::2026-07-26.18:56:41::SCWMssOS::Checking the sw design at  /home/ran/Documents/uni/s10/asip_lab/vitis_ws/milestone2/ps7_cortexa9_0/standalone_domain/bsp/system.mss
TRACE::2026-07-26.18:56:41::SCWMssOS::DEBUG:  swdes dump  /home/ran/Documents/uni/s10/asip_lab/vitis_ws/milestone2/ps7_cortexa9_0/standalone_domain/bsp/system.mss|system_0||
/home/ran/Documents/uni/s10/asip_lab/vitis_ws/milestone2/zynq_fsbl/zynq_fsbl_bsp/system.mss|system||

TRACE::2026-07-26.18:56:41::SCWMssOS::Sw design exists and opened at  /home/ran/Documents/uni/s10/asip_lab/vitis_ws/milestone2/ps7_cortexa9_0/standalone_domain/bsp/system.mss
TRACE::2026-07-26.18:56:47::SCWPlatform::Trying to open the hw design at /home/ran/Documents/uni/s10/asip_lab/vitis_ws/milestone2/hw/design_1_wrapper.xsa
TRACE::2026-07-26.18:56:47::SCWPlatform::DSA given /home/ran/Documents/uni/s10/asip_lab/vitis_ws/milestone2/hw/design_1_wrapper.xsa
TRACE::2026-07-26.18:56:47::SCWPlatform::DSA absoulate path /home/ran/Documents/uni/s10/asip_lab/vitis_ws/milestone2/hw/design_1_wrapper.xsa
TRACE::2026-07-26.18:56:47::SCWPlatform::DSA directory /home/ran/Documents/uni/s10/asip_lab/vitis_ws/milestone2/hw
TRACE::2026-07-26.18:56:47::SCWPlatform:: Platform Path /home/ran/Documents/uni/s10/asip_lab/vitis_ws/milestone2/hw/design_1_wrapper.xsa
TRACE::2026-07-26.18:56:47::SCWPlatform:: Unique name xilinx:::0.0
TRACE::2026-07-26.18:56:47::SCWPlatform::Trying to set the existing hwdb with name design_1_wrapper_20
TRACE::2026-07-26.18:56:47::SCWPlatform::Opened existing hwdb design_1_wrapper_20
TRACE::2026-07-26.18:56:47::SCWPlatform::Found the Hw Db part of the input DSA
TRACE::2026-07-26.18:56:47::SCWMssOS::Checking the sw design at  /home/ran/Documents/uni/s10/asip_lab/vitis_ws/milestone2/ps7_cortexa9_0/standalone_domain/bsp/system.mss
TRACE::2026-07-26.18:56:47::SCWMssOS::DEBUG:  swdes dump  /home/ran/Documents/uni/s10/asip_lab/vitis_ws/milestone2/ps7_cortexa9_0/standalone_domain/bsp/system.mss|system_0||
/home/ran/Documents/uni/s10/asip_lab/vitis_ws/milestone2/zynq_fsbl/zynq_fsbl_bsp/system.mss|system||

TRACE::2026-07-26.18:56:47::SCWMssOS::Sw design exists and opened at  /home/ran/Documents/uni/s10/asip_lab/vitis_ws/milestone2/ps7_cortexa9_0/standalone_domain/bsp/system.mss
TRACE::2026-07-26.18:56:47::SCWPlatform::Trying to open the hw design at /home/ran/Documents/uni/s10/asip_lab/vitis_ws/milestone2/hw/design_1_wrapper.xsa
TRACE::2026-07-26.18:56:47::SCWPlatform::DSA given /home/ran/Documents/uni/s10/asip_lab/vitis_ws/milestone2/hw/design_1_wrapper.xsa
TRACE::2026-07-26.18:56:47::SCWPlatform::DSA absoulate path /home/ran/Documents/uni/s10/asip_lab/vitis_ws/milestone2/hw/design_1_wrapper.xsa
TRACE::2026-07-26.18:56:47::SCWPlatform::DSA directory /home/ran/Documents/uni/s10/asip_lab/vitis_ws/milestone2/hw
TRACE::2026-07-26.18:56:47::SCWPlatform:: Platform Path /home/ran/Documents/uni/s10/asip_lab/vitis_ws/milestone2/hw/design_1_wrapper.xsa
TRACE::2026-07-26.18:56:47::SCWPlatform:: Unique name xilinx:::0.0
TRACE::2026-07-26.18:56:47::SCWPlatform::Trying to set the existing hwdb with name design_1_wrapper_20
TRACE::2026-07-26.18:56:47::SCWPlatform::Opened existing hwdb design_1_wrapper_20
TRACE::2026-07-26.18:56:47::SCWPlatform::Found the Hw Db part of the input DSA
TRACE::2026-07-26.18:56:47::SCWMssOS::Checking the sw design at  /home/ran/Documents/uni/s10/asip_lab/vitis_ws/milestone2/ps7_cortexa9_0/standalone_domain/bsp/system.mss
TRACE::2026-07-26.18:56:47::SCWMssOS::DEBUG:  swdes dump  /home/ran/Documents/uni/s10/asip_lab/vitis_ws/milestone2/ps7_cortexa9_0/standalone_domain/bsp/system.mss|system_0||
/home/ran/Documents/uni/s10/asip_lab/vitis_ws/milestone2/zynq_fsbl/zynq_fsbl_bsp/system.mss|system||

TRACE::2026-07-26.18:56:47::SCWMssOS::Sw design exists and opened at  /home/ran/Documents/uni/s10/asip_lab/vitis_ws/milestone2/ps7_cortexa9_0/standalone_domain/bsp/system.mss
TRACE::2026-07-26.18:56:47::SCWPlatform::Trying to open the hw design at /home/ran/Documents/uni/s10/asip_lab/vitis_ws/milestone2/hw/design_1_wrapper.xsa
TRACE::2026-07-26.18:56:47::SCWPlatform::DSA given /home/ran/Documents/uni/s10/asip_lab/vitis_ws/milestone2/hw/design_1_wrapper.xsa
TRACE::2026-07-26.18:56:47::SCWPlatform::DSA absoulate path /home/ran/Documents/uni/s10/asip_lab/vitis_ws/milestone2/hw/design_1_wrapper.xsa
TRACE::2026-07-26.18:56:47::SCWPlatform::DSA directory /home/ran/Documents/uni/s10/asip_lab/vitis_ws/milestone2/hw
TRACE::2026-07-26.18:56:47::SCWPlatform:: Platform Path /home/ran/Documents/uni/s10/asip_lab/vitis_ws/milestone2/hw/design_1_wrapper.xsa
TRACE::2026-07-26.18:56:47::SCWPlatform:: Unique name xilinx:::0.0
TRACE::2026-07-26.18:56:47::SCWPlatform::Trying to set the existing hwdb with name design_1_wrapper_20
TRACE::2026-07-26.18:56:47::SCWPlatform::Opened existing hwdb design_1_wrapper_20
TRACE::2026-07-26.18:56:47::SCWPlatform::Found the Hw Db part of the input DSA
TRACE::2026-07-26.18:56:47::SCWMssOS::Checking the sw design at  /home/ran/Documents/uni/s10/asip_lab/vitis_ws/milestone2/ps7_cortexa9_0/standalone_domain/bsp/system.mss
TRACE::2026-07-26.18:56:47::SCWMssOS::DEBUG:  swdes dump  /home/ran/Documents/uni/s10/asip_lab/vitis_ws/milestone2/ps7_cortexa9_0/standalone_domain/bsp/system.mss|system_0||
/home/ran/Documents/uni/s10/asip_lab/vitis_ws/milestone2/zynq_fsbl/zynq_fsbl_bsp/system.mss|system||

TRACE::2026-07-26.18:56:47::SCWMssOS::Sw design exists and opened at  /home/ran/Documents/uni/s10/asip_lab/vitis_ws/milestone2/ps7_cortexa9_0/standalone_domain/bsp/system.mss
TRACE::2026-07-26.18:56:47::SCWPlatform::Trying to open the hw design at /home/ran/Documents/uni/s10/asip_lab/vitis_ws/milestone2/hw/design_1_wrapper.xsa
TRACE::2026-07-26.18:56:47::SCWPlatform::DSA given /home/ran/Documents/uni/s10/asip_lab/vitis_ws/milestone2/hw/design_1_wrapper.xsa
TRACE::2026-07-26.18:56:47::SCWPlatform::DSA absoulate path /home/ran/Documents/uni/s10/asip_lab/vitis_ws/milestone2/hw/design_1_wrapper.xsa
TRACE::2026-07-26.18:56:47::SCWPlatform::DSA directory /home/ran/Documents/uni/s10/asip_lab/vitis_ws/milestone2/hw
TRACE::2026-07-26.18:56:47::SCWPlatform:: Platform Path /home/ran/Documents/uni/s10/asip_lab/vitis_ws/milestone2/hw/design_1_wrapper.xsa
TRACE::2026-07-26.18:56:47::SCWPlatform:: Unique name xilinx:::0.0
TRACE::2026-07-26.18:56:47::SCWPlatform::Trying to set the existing hwdb with name design_1_wrapper_20
TRACE::2026-07-26.18:56:47::SCWPlatform::Opened existing hwdb design_1_wrapper_20
TRACE::2026-07-26.18:56:47::SCWPlatform::Found the Hw Db part of the input DSA
TRACE::2026-07-26.18:56:47::SCWMssOS::Checking the sw design at  /home/ran/Documents/uni/s10/asip_lab/vitis_ws/milestone2/ps7_cortexa9_0/standalone_domain/bsp/system.mss
TRACE::2026-07-26.18:56:47::SCWMssOS::DEBUG:  swdes dump  /home/ran/Documents/uni/s10/asip_lab/vitis_ws/milestone2/ps7_cortexa9_0/standalone_domain/bsp/system.mss|system_0||
/home/ran/Documents/uni/s10/asip_lab/vitis_ws/milestone2/zynq_fsbl/zynq_fsbl_bsp/system.mss|system||

TRACE::2026-07-26.18:56:47::SCWMssOS::Sw design exists and opened at  /home/ran/Documents/uni/s10/asip_lab/vitis_ws/milestone2/ps7_cortexa9_0/standalone_domain/bsp/system.mss
TRACE::2026-07-26.18:56:47::SCWPlatform::Trying to open the hw design at /home/ran/Documents/uni/s10/asip_lab/vitis_ws/milestone2/hw/design_1_wrapper.xsa
TRACE::2026-07-26.18:56:47::SCWPlatform::DSA given /home/ran/Documents/uni/s10/asip_lab/vitis_ws/milestone2/hw/design_1_wrapper.xsa
TRACE::2026-07-26.18:56:47::SCWPlatform::DSA absoulate path /home/ran/Documents/uni/s10/asip_lab/vitis_ws/milestone2/hw/design_1_wrapper.xsa
TRACE::2026-07-26.18:56:47::SCWPlatform::DSA directory /home/ran/Documents/uni/s10/asip_lab/vitis_ws/milestone2/hw
TRACE::2026-07-26.18:56:47::SCWPlatform:: Platform Path /home/ran/Documents/uni/s10/asip_lab/vitis_ws/milestone2/hw/design_1_wrapper.xsa
TRACE::2026-07-26.18:56:47::SCWPlatform:: Unique name xilinx:::0.0
TRACE::2026-07-26.18:56:47::SCWPlatform::Trying to set the existing hwdb with name design_1_wrapper_20
TRACE::2026-07-26.18:56:47::SCWPlatform::Opened existing hwdb design_1_wrapper_20
TRACE::2026-07-26.18:56:47::SCWPlatform::Found the Hw Db part of the input DSA
TRACE::2026-07-26.18:56:47::SCWMssOS::Checking the sw design at  /home/ran/Documents/uni/s10/asip_lab/vitis_ws/milestone2/ps7_cortexa9_0/standalone_domain/bsp/system.mss
TRACE::2026-07-26.18:56:47::SCWMssOS::DEBUG:  swdes dump  /home/ran/Documents/uni/s10/asip_lab/vitis_ws/milestone2/ps7_cortexa9_0/standalone_domain/bsp/system.mss|system_0||
/home/ran/Documents/uni/s10/asip_lab/vitis_ws/milestone2/zynq_fsbl/zynq_fsbl_bsp/system.mss|system||

TRACE::2026-07-26.18:56:47::SCWMssOS::Sw design exists and opened at  /home/ran/Documents/uni/s10/asip_lab/vitis_ws/milestone2/ps7_cortexa9_0/standalone_domain/bsp/system.mss
TRACE::2026-07-26.18:56:50::SCWPlatform::Trying to open the hw design at /home/ran/Documents/uni/s10/asip_lab/vitis_ws/milestone2/hw/design_1_wrapper.xsa
TRACE::2026-07-26.18:56:50::SCWPlatform::DSA given /home/ran/Documents/uni/s10/asip_lab/vitis_ws/milestone2/hw/design_1_wrapper.xsa
TRACE::2026-07-26.18:56:50::SCWPlatform::DSA absoulate path /home/ran/Documents/uni/s10/asip_lab/vitis_ws/milestone2/hw/design_1_wrapper.xsa
TRACE::2026-07-26.18:56:50::SCWPlatform::DSA directory /home/ran/Documents/uni/s10/asip_lab/vitis_ws/milestone2/hw
TRACE::2026-07-26.18:56:50::SCWPlatform:: Platform Path /home/ran/Documents/uni/s10/asip_lab/vitis_ws/milestone2/hw/design_1_wrapper.xsa
TRACE::2026-07-26.18:56:50::SCWPlatform:: Unique name xilinx:::0.0
TRACE::2026-07-26.18:56:50::SCWPlatform::Trying to set the existing hwdb with name design_1_wrapper_20
TRACE::2026-07-26.18:56:50::SCWPlatform::Opened existing hwdb design_1_wrapper_20
TRACE::2026-07-26.18:56:50::SCWPlatform::Found the Hw Db part of the input DSA
TRACE::2026-07-26.18:56:50::SCWMssOS::Checking the sw design at  /home/ran/Documents/uni/s10/asip_lab/vitis_ws/milestone2/ps7_cortexa9_0/standalone_domain/bsp/system.mss
TRACE::2026-07-26.18:56:50::SCWMssOS::DEBUG:  swdes dump  /home/ran/Documents/uni/s10/asip_lab/vitis_ws/milestone2/ps7_cortexa9_0/standalone_domain/bsp/system.mss|system_0||
/home/ran/Documents/uni/s10/asip_lab/vitis_ws/milestone2/zynq_fsbl/zynq_fsbl_bsp/system.mss|system||

TRACE::2026-07-26.18:56:50::SCWMssOS::Sw design exists and opened at  /home/ran/Documents/uni/s10/asip_lab/vitis_ws/milestone2/ps7_cortexa9_0/standalone_domain/bsp/system.mss
TRACE::2026-07-26.18:56:50::SCWPlatform::Trying to open the hw design at /home/ran/Documents/uni/s10/asip_lab/vitis_ws/milestone2/hw/design_1_wrapper.xsa
TRACE::2026-07-26.18:56:50::SCWPlatform::DSA given /home/ran/Documents/uni/s10/asip_lab/vitis_ws/milestone2/hw/design_1_wrapper.xsa
TRACE::2026-07-26.18:56:50::SCWPlatform::DSA absoulate path /home/ran/Documents/uni/s10/asip_lab/vitis_ws/milestone2/hw/design_1_wrapper.xsa
TRACE::2026-07-26.18:56:50::SCWPlatform::DSA directory /home/ran/Documents/uni/s10/asip_lab/vitis_ws/milestone2/hw
TRACE::2026-07-26.18:56:50::SCWPlatform:: Platform Path /home/ran/Documents/uni/s10/asip_lab/vitis_ws/milestone2/hw/design_1_wrapper.xsa
TRACE::2026-07-26.18:56:50::SCWPlatform:: Unique name xilinx:::0.0
TRACE::2026-07-26.18:56:50::SCWPlatform::Trying to set the existing hwdb with name design_1_wrapper_20
TRACE::2026-07-26.18:56:50::SCWPlatform::Opened existing hwdb design_1_wrapper_20
TRACE::2026-07-26.18:56:50::SCWPlatform::Found the Hw Db part of the input DSA
TRACE::2026-07-26.18:56:50::SCWMssOS::Checking the sw design at  /home/ran/Documents/uni/s10/asip_lab/vitis_ws/milestone2/ps7_cortexa9_0/standalone_domain/bsp/system.mss
TRACE::2026-07-26.18:56:50::SCWMssOS::DEBUG:  swdes dump  /home/ran/Documents/uni/s10/asip_lab/vitis_ws/milestone2/ps7_cortexa9_0/standalone_domain/bsp/system.mss|system_0||
/home/ran/Documents/uni/s10/asip_lab/vitis_ws/milestone2/zynq_fsbl/zynq_fsbl_bsp/system.mss|system||

TRACE::2026-07-26.18:56:50::SCWMssOS::Sw design exists and opened at  /home/ran/Documents/uni/s10/asip_lab/vitis_ws/milestone2/ps7_cortexa9_0/standalone_domain/bsp/system.mss
TRACE::2026-07-26.18:56:50::SCWPlatform::Trying to open the hw design at /home/ran/Documents/uni/s10/asip_lab/vitis_ws/milestone2/hw/design_1_wrapper.xsa
TRACE::2026-07-26.18:56:50::SCWPlatform::DSA given /home/ran/Documents/uni/s10/asip_lab/vitis_ws/milestone2/hw/design_1_wrapper.xsa
TRACE::2026-07-26.18:56:50::SCWPlatform::DSA absoulate path /home/ran/Documents/uni/s10/asip_lab/vitis_ws/milestone2/hw/design_1_wrapper.xsa
TRACE::2026-07-26.18:56:50::SCWPlatform::DSA directory /home/ran/Documents/uni/s10/asip_lab/vitis_ws/milestone2/hw
TRACE::2026-07-26.18:56:50::SCWPlatform:: Platform Path /home/ran/Documents/uni/s10/asip_lab/vitis_ws/milestone2/hw/design_1_wrapper.xsa
TRACE::2026-07-26.18:56:50::SCWPlatform:: Unique name xilinx:::0.0
TRACE::2026-07-26.18:56:50::SCWPlatform::Trying to set the existing hwdb with name design_1_wrapper_20
TRACE::2026-07-26.18:56:50::SCWPlatform::Opened existing hwdb design_1_wrapper_20
TRACE::2026-07-26.18:56:50::SCWPlatform::Found the Hw Db part of the input DSA
TRACE::2026-07-26.18:56:50::SCWMssOS::Checking the sw design at  /home/ran/Documents/uni/s10/asip_lab/vitis_ws/milestone2/ps7_cortexa9_0/standalone_domain/bsp/system.mss
TRACE::2026-07-26.18:56:50::SCWMssOS::DEBUG:  swdes dump  /home/ran/Documents/uni/s10/asip_lab/vitis_ws/milestone2/ps7_cortexa9_0/standalone_domain/bsp/system.mss|system_0||
/home/ran/Documents/uni/s10/asip_lab/vitis_ws/milestone2/zynq_fsbl/zynq_fsbl_bsp/system.mss|system||

TRACE::2026-07-26.18:56:50::SCWMssOS::Sw design exists and opened at  /home/ran/Documents/uni/s10/asip_lab/vitis_ws/milestone2/ps7_cortexa9_0/standalone_domain/bsp/system.mss
TRACE::2026-07-26.18:56:50::SCWPlatform::Trying to open the hw design at /home/ran/Documents/uni/s10/asip_lab/vitis_ws/milestone2/hw/design_1_wrapper.xsa
TRACE::2026-07-26.18:56:50::SCWPlatform::DSA given /home/ran/Documents/uni/s10/asip_lab/vitis_ws/milestone2/hw/design_1_wrapper.xsa
TRACE::2026-07-26.18:56:50::SCWPlatform::DSA absoulate path /home/ran/Documents/uni/s10/asip_lab/vitis_ws/milestone2/hw/design_1_wrapper.xsa
TRACE::2026-07-26.18:56:50::SCWPlatform::DSA directory /home/ran/Documents/uni/s10/asip_lab/vitis_ws/milestone2/hw
TRACE::2026-07-26.18:56:50::SCWPlatform:: Platform Path /home/ran/Documents/uni/s10/asip_lab/vitis_ws/milestone2/hw/design_1_wrapper.xsa
TRACE::2026-07-26.18:56:50::SCWPlatform:: Unique name xilinx:::0.0
TRACE::2026-07-26.18:56:50::SCWPlatform::Trying to set the existing hwdb with name design_1_wrapper_20
TRACE::2026-07-26.18:56:50::SCWPlatform::Opened existing hwdb design_1_wrapper_20
TRACE::2026-07-26.18:56:50::SCWPlatform::Found the Hw Db part of the input DSA
TRACE::2026-07-26.18:56:50::SCWMssOS::Checking the sw design at  /home/ran/Documents/uni/s10/asip_lab/vitis_ws/milestone2/ps7_cortexa9_0/standalone_domain/bsp/system.mss
TRACE::2026-07-26.18:56:50::SCWMssOS::DEBUG:  swdes dump  /home/ran/Documents/uni/s10/asip_lab/vitis_ws/milestone2/ps7_cortexa9_0/standalone_domain/bsp/system.mss|system_0||
/home/ran/Documents/uni/s10/asip_lab/vitis_ws/milestone2/zynq_fsbl/zynq_fsbl_bsp/system.mss|system||

TRACE::2026-07-26.18:56:50::SCWMssOS::Sw design exists and opened at  /home/ran/Documents/uni/s10/asip_lab/vitis_ws/milestone2/ps7_cortexa9_0/standalone_domain/bsp/system.mss
TRACE::2026-07-26.18:56:50::SCWPlatform::Trying to open the hw design at /home/ran/Documents/uni/s10/asip_lab/vitis_ws/milestone2/hw/design_1_wrapper.xsa
TRACE::2026-07-26.18:56:50::SCWPlatform::DSA given /home/ran/Documents/uni/s10/asip_lab/vitis_ws/milestone2/hw/design_1_wrapper.xsa
TRACE::2026-07-26.18:56:50::SCWPlatform::DSA absoulate path /home/ran/Documents/uni/s10/asip_lab/vitis_ws/milestone2/hw/design_1_wrapper.xsa
TRACE::2026-07-26.18:56:50::SCWPlatform::DSA directory /home/ran/Documents/uni/s10/asip_lab/vitis_ws/milestone2/hw
TRACE::2026-07-26.18:56:50::SCWPlatform:: Platform Path /home/ran/Documents/uni/s10/asip_lab/vitis_ws/milestone2/hw/design_1_wrapper.xsa
TRACE::2026-07-26.18:56:50::SCWPlatform:: Unique name xilinx:::0.0
TRACE::2026-07-26.18:56:50::SCWPlatform::Trying to set the existing hwdb with name design_1_wrapper_20
TRACE::2026-07-26.18:56:50::SCWPlatform::Opened existing hwdb design_1_wrapper_20
TRACE::2026-07-26.18:56:50::SCWPlatform::Found the Hw Db part of the input DSA
TRACE::2026-07-26.18:56:50::SCWMssOS::Checking the sw design at  /home/ran/Documents/uni/s10/asip_lab/vitis_ws/milestone2/ps7_cortexa9_0/standalone_domain/bsp/system.mss
TRACE::2026-07-26.18:56:50::SCWMssOS::DEBUG:  swdes dump  /home/ran/Documents/uni/s10/asip_lab/vitis_ws/milestone2/ps7_cortexa9_0/standalone_domain/bsp/system.mss|system_0||
/home/ran/Documents/uni/s10/asip_lab/vitis_ws/milestone2/zynq_fsbl/zynq_fsbl_bsp/system.mss|system||

TRACE::2026-07-26.18:56:50::SCWMssOS::Sw design exists and opened at  /home/ran/Documents/uni/s10/asip_lab/vitis_ws/milestone2/ps7_cortexa9_0/standalone_domain/bsp/system.mss
TRACE::2026-07-26.18:56:53::SCWMssOS::Saving the mss changes /home/ran/Documents/uni/s10/asip_lab/vitis_ws/milestone2/zynq_fsbl/zynq_fsbl_bsp/system.mss
TRACE::2026-07-26.18:56:53::SCWMssOS::Found a swdesign opened with the mssfile.
TRACE::2026-07-26.18:56:53::SCWMssOS::Completed writemss as part of save.
TRACE::2026-07-26.18:56:53::SCWMssOS::Commit changes completed.
TRACE::2026-07-26.18:56:53::SCWMssOS::Saving the mss changes /home/ran/Documents/uni/s10/asip_lab/vitis_ws/milestone2/ps7_cortexa9_0/standalone_domain/bsp/system.mss
TRACE::2026-07-26.18:56:53::SCWMssOS::Found a swdesign opened with the mssfile.
TRACE::2026-07-26.18:56:53::SCWMssOS::Completed writemss as part of save.
TRACE::2026-07-26.18:56:53::SCWMssOS::Commit changes completed.
TRACE::2026-07-26.18:56:53::SCWPlatform::Trying to open the hw design at /home/ran/Documents/uni/s10/asip_lab/vitis_ws/milestone2/hw/design_1_wrapper.xsa
TRACE::2026-07-26.18:56:53::SCWPlatform::DSA given /home/ran/Documents/uni/s10/asip_lab/vitis_ws/milestone2/hw/design_1_wrapper.xsa
TRACE::2026-07-26.18:56:53::SCWPlatform::DSA absoulate path /home/ran/Documents/uni/s10/asip_lab/vitis_ws/milestone2/hw/design_1_wrapper.xsa
TRACE::2026-07-26.18:56:53::SCWPlatform::DSA directory /home/ran/Documents/uni/s10/asip_lab/vitis_ws/milestone2/hw
TRACE::2026-07-26.18:56:53::SCWPlatform:: Platform Path /home/ran/Documents/uni/s10/asip_lab/vitis_ws/milestone2/hw/design_1_wrapper.xsa
TRACE::2026-07-26.18:56:53::SCWPlatform:: Unique name xilinx:::0.0
TRACE::2026-07-26.18:56:53::SCWPlatform::Trying to set the existing hwdb with name design_1_wrapper_20
TRACE::2026-07-26.18:56:53::SCWPlatform::Opened existing hwdb design_1_wrapper_20
TRACE::2026-07-26.18:56:53::SCWPlatform::Found the Hw Db part of the input DSA
TRACE::2026-07-26.18:56:53::SCWMssOS::Checking the sw design at  /home/ran/Documents/uni/s10/asip_lab/vitis_ws/milestone2/zynq_fsbl/zynq_fsbl_bsp/system.mss
TRACE::2026-07-26.18:56:53::SCWMssOS::DEBUG:  swdes dump  /home/ran/Documents/uni/s10/asip_lab/vitis_ws/milestone2/ps7_cortexa9_0/standalone_domain/bsp/system.mss|system_0||
/home/ran/Documents/uni/s10/asip_lab/vitis_ws/milestone2/zynq_fsbl/zynq_fsbl_bsp/system.mss|system||

TRACE::2026-07-26.18:56:53::SCWMssOS::Sw design exists and opened at  /home/ran/Documents/uni/s10/asip_lab/vitis_ws/milestone2/zynq_fsbl/zynq_fsbl_bsp/system.mss
TRACE::2026-07-26.18:56:53::SCWPlatform::Trying to open the hw design at /home/ran/Documents/uni/s10/asip_lab/vitis_ws/milestone2/hw/design_1_wrapper.xsa
TRACE::2026-07-26.18:56:53::SCWPlatform::DSA given /home/ran/Documents/uni/s10/asip_lab/vitis_ws/milestone2/hw/design_1_wrapper.xsa
TRACE::2026-07-26.18:56:53::SCWPlatform::DSA absoulate path /home/ran/Documents/uni/s10/asip_lab/vitis_ws/milestone2/hw/design_1_wrapper.xsa
TRACE::2026-07-26.18:56:53::SCWPlatform::DSA directory /home/ran/Documents/uni/s10/asip_lab/vitis_ws/milestone2/hw
TRACE::2026-07-26.18:56:53::SCWPlatform:: Platform Path /home/ran/Documents/uni/s10/asip_lab/vitis_ws/milestone2/hw/design_1_wrapper.xsa
TRACE::2026-07-26.18:56:53::SCWPlatform:: Unique name xilinx:::0.0
TRACE::2026-07-26.18:56:53::SCWPlatform::Trying to set the existing hwdb with name design_1_wrapper_20
TRACE::2026-07-26.18:56:53::SCWPlatform::Opened existing hwdb design_1_wrapper_20
TRACE::2026-07-26.18:56:53::SCWPlatform::Found the Hw Db part of the input DSA
TRACE::2026-07-26.18:56:53::SCWMssOS::Checking the sw design at  /home/ran/Documents/uni/s10/asip_lab/vitis_ws/milestone2/ps7_cortexa9_0/standalone_domain/bsp/system.mss
TRACE::2026-07-26.18:56:53::SCWMssOS::DEBUG:  swdes dump  /home/ran/Documents/uni/s10/asip_lab/vitis_ws/milestone2/ps7_cortexa9_0/standalone_domain/bsp/system.mss|system_0||
/home/ran/Documents/uni/s10/asip_lab/vitis_ws/milestone2/zynq_fsbl/zynq_fsbl_bsp/system.mss|system||

TRACE::2026-07-26.18:56:53::SCWMssOS::Sw design exists and opened at  /home/ran/Documents/uni/s10/asip_lab/vitis_ws/milestone2/ps7_cortexa9_0/standalone_domain/bsp/system.mss
TRACE::2026-07-26.18:56:53::SCWWriter::formatted JSON is {
	"platformName":	"milestone2",
	"sprVersion":	"2.0",
	"mode":	"gui",
	"dsaType":	"Fixed",
	"platformDesc":	"milestone2",
	"platHandOff":	"/home/ran/Documents/uni/s10/asip_lab/final_project/design_1_wrapper.xsa",
	"platIntHandOff":	"<platformDir>/hw/design_1_wrapper.xsa",
	"deviceType":	"zynq",
	"platIsPrebuiltAutogen":	"false",
	"platIsNoBootBsp":	"false",
	"hasFsblMakeHasChanges":	"false",
	"hasPmufwMakeHasChanges":	"false",
	"fsblExtraCompilerFlags":	"-MMD -MP       -mcpu=cortex-a9 -mfpu=vfpv3 -mfloat-abi=hard ",
	"platPreBuiltFlag":	false,
	"platformSamplesDir":	"",
	"platActiveSys":	"milestone2",
	"systems":	[{
			"systemName":	"milestone2",
			"systemDesc":	"milestone2",
			"sysIsBootAutoGen":	"true",
			"systemDispName":	"milestone2",
			"sysActiveDom":	"standalone_domain",
			"sysDefaultDom":	"standalone_domain",
			"domains":	[{
					"domainName":	"zynq_fsbl",
					"domainDispName":	"zynq_fsbl",
					"domainDesc":	"FSBL Application BSP - Auto Generated.",
					"processors":	"ps7_cortexa9_0",
					"os":	"standalone",
					"sdxOs":	"standalone",
					"debugEnable":	"",
					"domRuntimes":	["cpp"],
					"swRepo":	"",
					"mssOsVer":	"8.0",
					"mssFile":	"",
					"md5Digest":	"5190a0a8ca228895166de3d006f5d4d11",
					"compatibleApp":	"zynq_fsbl",
					"domType":	"bootDomain",
					"arch":	"32-bit",
					"appSettings":	{
						"appCompilerFlags":	"",
						"appLinkerFlags":	""
					},
					"addedLibs":	["xilffs:4.8", "xilrsa:1.6"],
					"libOptions":	{
						"standalone":	{
							"stdin":	"ps7_coresight_comp_0",
							"stdout":	"ps7_coresight_comp_0",
							"libOptionNames":	["stdin", "stdout"]
						},
						"libsContainingOptions":	["standalone"]
					},
					"prebuiltLibs":	{
						"prebuiltIncPath":	[],
						"prebuiltLibPath":	[]
					},
					"isolation":	{
					}
				}, {
					"domainName":	"standalone_domain",
					"domainDispName":	"standalone on ps7_cortexa9_0",
					"domainDesc":	"standalone_domain",
					"processors":	"ps7_cortexa9_0",
					"os":	"standalone",
					"sdxOs":	"standalone",
					"qemuArgs":	"<platformDir>/resources/milestone2/standalone_domain/qemu_args.txt",
					"qemuData":	"<platformDir>/resources/milestone2/standalone_domain/qemu",
					"debugEnable":	"False",
					"domRuntimes":	["cpp"],
					"swRepo":	"",
					"mssOsVer":	"8.0",
					"mssFile":	"",
					"md5Digest":	"535e79a15a1e73fcd4a563d70192fb2c",
					"compatibleApp":	"",
					"domType":	"mssDomain",
					"appSettings":	{
						"appCompilerFlags":	"",
						"appLinkerFlags":	""
					},
					"addedLibs":	[],
					"libOptions":	{
						"standalone":	{
							"stdin":	"ps7_coresight_comp_0",
							"stdout":	"ps7_coresight_comp_0",
							"libOptionNames":	["stdin", "stdout"]
						},
						"libsContainingOptions":	["standalone"]
					},
					"prebuiltLibs":	{
						"prebuiltIncPath":	[],
						"prebuiltLibPath":	[]
					},
					"isolation":	{
					}
				}]
		}]
}
TRACE::2026-07-26.18:56:53::SCWMssOS::Saving the mss changes /home/ran/Documents/uni/s10/asip_lab/vitis_ws/milestone2/ps7_cortexa9_0/standalone_domain/bsp/system.mss
TRACE::2026-07-26.18:56:53::SCWMssOS::Found a swdesign opened with the mssfile.
TRACE::2026-07-26.18:56:53::SCWMssOS::Completed writemss as part of save.
TRACE::2026-07-26.18:56:53::SCWMssOS::Commit changes completed.
TRACE::2026-07-26.18:56:53::SCWPlatform::Trying to open the hw design at /home/ran/Documents/uni/s10/asip_lab/vitis_ws/milestone2/hw/design_1_wrapper.xsa
TRACE::2026-07-26.18:56:53::SCWPlatform::DSA given /home/ran/Documents/uni/s10/asip_lab/vitis_ws/milestone2/hw/design_1_wrapper.xsa
TRACE::2026-07-26.18:56:53::SCWPlatform::DSA absoulate path /home/ran/Documents/uni/s10/asip_lab/vitis_ws/milestone2/hw/design_1_wrapper.xsa
TRACE::2026-07-26.18:56:53::SCWPlatform::DSA directory /home/ran/Documents/uni/s10/asip_lab/vitis_ws/milestone2/hw
TRACE::2026-07-26.18:56:53::SCWPlatform:: Platform Path /home/ran/Documents/uni/s10/asip_lab/vitis_ws/milestone2/hw/design_1_wrapper.xsa
TRACE::2026-07-26.18:56:53::SCWPlatform:: Unique name xilinx:::0.0
TRACE::2026-07-26.18:56:53::SCWPlatform::Trying to set the existing hwdb with name design_1_wrapper_20
TRACE::2026-07-26.18:56:53::SCWPlatform::Opened existing hwdb design_1_wrapper_20
TRACE::2026-07-26.18:56:53::SCWPlatform::Found the Hw Db part of the input DSA
TRACE::2026-07-26.18:56:53::SCWMssOS::Checking the sw design at  /home/ran/Documents/uni/s10/asip_lab/vitis_ws/milestone2/ps7_cortexa9_0/standalone_domain/bsp/system.mss
TRACE::2026-07-26.18:56:53::SCWMssOS::DEBUG:  swdes dump  /home/ran/Documents/uni/s10/asip_lab/vitis_ws/milestone2/ps7_cortexa9_0/standalone_domain/bsp/system.mss|system_0||
/home/ran/Documents/uni/s10/asip_lab/vitis_ws/milestone2/zynq_fsbl/zynq_fsbl_bsp/system.mss|system||

TRACE::2026-07-26.18:56:53::SCWMssOS::Sw design exists and opened at  /home/ran/Documents/uni/s10/asip_lab/vitis_ws/milestone2/ps7_cortexa9_0/standalone_domain/bsp/system.mss
TRACE::2026-07-26.18:56:53::SCWMssOS::Removing the swdes entry for  /home/ran/Documents/uni/s10/asip_lab/vitis_ws/milestone2/ps7_cortexa9_0/standalone_domain/bsp/system.mss
TRACE::2026-07-26.18:56:53::SCWMssOS::In reload Mss file.
TRACE::2026-07-26.18:56:53::SCWPlatform::Trying to open the hw design at /home/ran/Documents/uni/s10/asip_lab/vitis_ws/milestone2/hw/design_1_wrapper.xsa
TRACE::2026-07-26.18:56:53::SCWPlatform::DSA given /home/ran/Documents/uni/s10/asip_lab/vitis_ws/milestone2/hw/design_1_wrapper.xsa
TRACE::2026-07-26.18:56:53::SCWPlatform::DSA absoulate path /home/ran/Documents/uni/s10/asip_lab/vitis_ws/milestone2/hw/design_1_wrapper.xsa
TRACE::2026-07-26.18:56:53::SCWPlatform::DSA directory /home/ran/Documents/uni/s10/asip_lab/vitis_ws/milestone2/hw
TRACE::2026-07-26.18:56:53::SCWPlatform:: Platform Path /home/ran/Documents/uni/s10/asip_lab/vitis_ws/milestone2/hw/design_1_wrapper.xsa
TRACE::2026-07-26.18:56:53::SCWPlatform:: Unique name xilinx:::0.0
TRACE::2026-07-26.18:56:53::SCWPlatform::Trying to set the existing hwdb with name design_1_wrapper_20
TRACE::2026-07-26.18:56:53::SCWPlatform::Opened existing hwdb design_1_wrapper_20
TRACE::2026-07-26.18:56:53::SCWPlatform::Found the Hw Db part of the input DSA
TRACE::2026-07-26.18:56:53::SCWMssOS::Checking the sw design at  /home/ran/Documents/uni/s10/asip_lab/vitis_ws/milestone2/ps7_cortexa9_0/standalone_domain/bsp/system.mss
TRACE::2026-07-26.18:56:53::SCWMssOS::DEBUG:  swdes dump  /home/ran/Documents/uni/s10/asip_lab/vitis_ws/milestone2/zynq_fsbl/zynq_fsbl_bsp/system.mss|system||

TRACE::2026-07-26.18:56:53::SCWMssOS::No sw design opened at  /home/ran/Documents/uni/s10/asip_lab/vitis_ws/milestone2/ps7_cortexa9_0/standalone_domain/bsp/system.mss
TRACE::2026-07-26.18:56:53::SCWMssOS::mss exists loading the mss file  /home/ran/Documents/uni/s10/asip_lab/vitis_ws/milestone2/ps7_cortexa9_0/standalone_domain/bsp/system.mss
TRACE::2026-07-26.18:56:53::SCWMssOS::Opened the sw design from mss  /home/ran/Documents/uni/s10/asip_lab/vitis_ws/milestone2/ps7_cortexa9_0/standalone_domain/bsp/system.mss
TRACE::2026-07-26.18:56:53::SCWMssOS::Adding the swdes entry /home/ran/Documents/uni/s10/asip_lab/vitis_ws/milestone2/ps7_cortexa9_0/standalone_domain/bsp/system.mss with des name system_0
TRACE::2026-07-26.18:56:53::SCWMssOS::updating the scw layer about changes
TRACE::2026-07-26.18:56:53::SCWMssOS::Opened the sw design.  /home/ran/Documents/uni/s10/asip_lab/vitis_ws/milestone2/ps7_cortexa9_0/standalone_domain/bsp/system.mss
TRACE::2026-07-26.18:56:53::SCWPlatform::Trying to open the hw design at /home/ran/Documents/uni/s10/asip_lab/vitis_ws/milestone2/hw/design_1_wrapper.xsa
TRACE::2026-07-26.18:56:53::SCWPlatform::DSA given /home/ran/Documents/uni/s10/asip_lab/vitis_ws/milestone2/hw/design_1_wrapper.xsa
TRACE::2026-07-26.18:56:53::SCWPlatform::DSA absoulate path /home/ran/Documents/uni/s10/asip_lab/vitis_ws/milestone2/hw/design_1_wrapper.xsa
TRACE::2026-07-26.18:56:53::SCWPlatform::DSA directory /home/ran/Documents/uni/s10/asip_lab/vitis_ws/milestone2/hw
TRACE::2026-07-26.18:56:53::SCWPlatform:: Platform Path /home/ran/Documents/uni/s10/asip_lab/vitis_ws/milestone2/hw/design_1_wrapper.xsa
TRACE::2026-07-26.18:56:53::SCWPlatform:: Unique name xilinx:::0.0
TRACE::2026-07-26.18:56:53::SCWPlatform::Trying to set the existing hwdb with name design_1_wrapper_20
TRACE::2026-07-26.18:56:53::SCWPlatform::Opened existing hwdb design_1_wrapper_20
TRACE::2026-07-26.18:56:53::SCWPlatform::Found the Hw Db part of the input DSA
TRACE::2026-07-26.18:56:53::SCWMssOS::Checking the sw design at  /home/ran/Documents/uni/s10/asip_lab/vitis_ws/milestone2/ps7_cortexa9_0/standalone_domain/bsp/system.mss
TRACE::2026-07-26.18:56:53::SCWMssOS::DEBUG:  swdes dump  /home/ran/Documents/uni/s10/asip_lab/vitis_ws/milestone2/ps7_cortexa9_0/standalone_domain/bsp/system.mss|system_0||
/home/ran/Documents/uni/s10/asip_lab/vitis_ws/milestone2/zynq_fsbl/zynq_fsbl_bsp/system.mss|system||

TRACE::2026-07-26.18:56:53::SCWMssOS::Sw design exists and opened at  /home/ran/Documents/uni/s10/asip_lab/vitis_ws/milestone2/ps7_cortexa9_0/standalone_domain/bsp/system.mss
TRACE::2026-07-26.18:56:53::SCWPlatform::Trying to open the hw design at /home/ran/Documents/uni/s10/asip_lab/vitis_ws/milestone2/hw/design_1_wrapper.xsa
TRACE::2026-07-26.18:56:53::SCWPlatform::DSA given /home/ran/Documents/uni/s10/asip_lab/vitis_ws/milestone2/hw/design_1_wrapper.xsa
TRACE::2026-07-26.18:56:53::SCWPlatform::DSA absoulate path /home/ran/Documents/uni/s10/asip_lab/vitis_ws/milestone2/hw/design_1_wrapper.xsa
TRACE::2026-07-26.18:56:53::SCWPlatform::DSA directory /home/ran/Documents/uni/s10/asip_lab/vitis_ws/milestone2/hw
TRACE::2026-07-26.18:56:53::SCWPlatform:: Platform Path /home/ran/Documents/uni/s10/asip_lab/vitis_ws/milestone2/hw/design_1_wrapper.xsa
TRACE::2026-07-26.18:56:53::SCWPlatform:: Unique name xilinx:::0.0
TRACE::2026-07-26.18:56:53::SCWPlatform::Trying to set the existing hwdb with name design_1_wrapper_20
TRACE::2026-07-26.18:56:53::SCWPlatform::Opened existing hwdb design_1_wrapper_20
TRACE::2026-07-26.18:56:53::SCWPlatform::Found the Hw Db part of the input DSA
TRACE::2026-07-26.18:56:53::SCWMssOS::Checking the sw design at  /home/ran/Documents/uni/s10/asip_lab/vitis_ws/milestone2/ps7_cortexa9_0/standalone_domain/bsp/system.mss
TRACE::2026-07-26.18:56:53::SCWMssOS::DEBUG:  swdes dump  /home/ran/Documents/uni/s10/asip_lab/vitis_ws/milestone2/ps7_cortexa9_0/standalone_domain/bsp/system.mss|system_0||
/home/ran/Documents/uni/s10/asip_lab/vitis_ws/milestone2/zynq_fsbl/zynq_fsbl_bsp/system.mss|system||

TRACE::2026-07-26.18:56:53::SCWMssOS::Sw design exists and opened at  /home/ran/Documents/uni/s10/asip_lab/vitis_ws/milestone2/ps7_cortexa9_0/standalone_domain/bsp/system.mss
TRACE::2026-07-26.18:56:53::SCWPlatform::Trying to open the hw design at /home/ran/Documents/uni/s10/asip_lab/vitis_ws/milestone2/hw/design_1_wrapper.xsa
TRACE::2026-07-26.18:56:53::SCWPlatform::DSA given /home/ran/Documents/uni/s10/asip_lab/vitis_ws/milestone2/hw/design_1_wrapper.xsa
TRACE::2026-07-26.18:56:53::SCWPlatform::DSA absoulate path /home/ran/Documents/uni/s10/asip_lab/vitis_ws/milestone2/hw/design_1_wrapper.xsa
TRACE::2026-07-26.18:56:53::SCWPlatform::DSA directory /home/ran/Documents/uni/s10/asip_lab/vitis_ws/milestone2/hw
TRACE::2026-07-26.18:56:53::SCWPlatform:: Platform Path /home/ran/Documents/uni/s10/asip_lab/vitis_ws/milestone2/hw/design_1_wrapper.xsa
TRACE::2026-07-26.18:56:53::SCWPlatform:: Unique name xilinx:::0.0
TRACE::2026-07-26.18:56:53::SCWPlatform::Trying to set the existing hwdb with name design_1_wrapper_20
TRACE::2026-07-26.18:56:53::SCWPlatform::Opened existing hwdb design_1_wrapper_20
TRACE::2026-07-26.18:56:53::SCWPlatform::Found the Hw Db part of the input DSA
TRACE::2026-07-26.18:56:53::SCWMssOS::Checking the sw design at  /home/ran/Documents/uni/s10/asip_lab/vitis_ws/milestone2/ps7_cortexa9_0/standalone_domain/bsp/system.mss
TRACE::2026-07-26.18:56:53::SCWMssOS::DEBUG:  swdes dump  /home/ran/Documents/uni/s10/asip_lab/vitis_ws/milestone2/ps7_cortexa9_0/standalone_domain/bsp/system.mss|system_0||
/home/ran/Documents/uni/s10/asip_lab/vitis_ws/milestone2/zynq_fsbl/zynq_fsbl_bsp/system.mss|system||

TRACE::2026-07-26.18:56:53::SCWMssOS::Sw design exists and opened at  /home/ran/Documents/uni/s10/asip_lab/vitis_ws/milestone2/ps7_cortexa9_0/standalone_domain/bsp/system.mss
TRACE::2026-07-26.18:56:53::SCWPlatform::Trying to open the hw design at /home/ran/Documents/uni/s10/asip_lab/vitis_ws/milestone2/hw/design_1_wrapper.xsa
TRACE::2026-07-26.18:56:53::SCWPlatform::DSA given /home/ran/Documents/uni/s10/asip_lab/vitis_ws/milestone2/hw/design_1_wrapper.xsa
TRACE::2026-07-26.18:56:53::SCWPlatform::DSA absoulate path /home/ran/Documents/uni/s10/asip_lab/vitis_ws/milestone2/hw/design_1_wrapper.xsa
TRACE::2026-07-26.18:56:53::SCWPlatform::DSA directory /home/ran/Documents/uni/s10/asip_lab/vitis_ws/milestone2/hw
TRACE::2026-07-26.18:56:53::SCWPlatform:: Platform Path /home/ran/Documents/uni/s10/asip_lab/vitis_ws/milestone2/hw/design_1_wrapper.xsa
TRACE::2026-07-26.18:56:53::SCWPlatform:: Unique name xilinx:::0.0
TRACE::2026-07-26.18:56:53::SCWPlatform::Trying to set the existing hwdb with name design_1_wrapper_20
TRACE::2026-07-26.18:56:53::SCWPlatform::Opened existing hwdb design_1_wrapper_20
TRACE::2026-07-26.18:56:53::SCWPlatform::Found the Hw Db part of the input DSA
TRACE::2026-07-26.18:56:53::SCWMssOS::Checking the sw design at  /home/ran/Documents/uni/s10/asip_lab/vitis_ws/milestone2/ps7_cortexa9_0/standalone_domain/bsp/system.mss
TRACE::2026-07-26.18:56:53::SCWMssOS::DEBUG:  swdes dump  /home/ran/Documents/uni/s10/asip_lab/vitis_ws/milestone2/ps7_cortexa9_0/standalone_domain/bsp/system.mss|system_0||
/home/ran/Documents/uni/s10/asip_lab/vitis_ws/milestone2/zynq_fsbl/zynq_fsbl_bsp/system.mss|system||

TRACE::2026-07-26.18:56:53::SCWMssOS::Sw design exists and opened at  /home/ran/Documents/uni/s10/asip_lab/vitis_ws/milestone2/ps7_cortexa9_0/standalone_domain/bsp/system.mss
TRACE::2026-07-26.18:56:53::SCWMssOS::Saving the mss changes /home/ran/Documents/uni/s10/asip_lab/vitis_ws/milestone2/ps7_cortexa9_0/standalone_domain/bsp/system.mss
TRACE::2026-07-26.18:56:53::SCWMssOS::Found a swdesign opened with the mssfile.
TRACE::2026-07-26.18:56:53::SCWMssOS::Completed writemss as part of save.
TRACE::2026-07-26.18:56:53::SCWMssOS::Commit changes completed.
TRACE::2026-07-26.18:56:53::SCWPlatform::Trying to open the hw design at /home/ran/Documents/uni/s10/asip_lab/vitis_ws/milestone2/hw/design_1_wrapper.xsa
TRACE::2026-07-26.18:56:53::SCWPlatform::DSA given /home/ran/Documents/uni/s10/asip_lab/vitis_ws/milestone2/hw/design_1_wrapper.xsa
TRACE::2026-07-26.18:56:53::SCWPlatform::DSA absoulate path /home/ran/Documents/uni/s10/asip_lab/vitis_ws/milestone2/hw/design_1_wrapper.xsa
TRACE::2026-07-26.18:56:53::SCWPlatform::DSA directory /home/ran/Documents/uni/s10/asip_lab/vitis_ws/milestone2/hw
TRACE::2026-07-26.18:56:53::SCWPlatform:: Platform Path /home/ran/Documents/uni/s10/asip_lab/vitis_ws/milestone2/hw/design_1_wrapper.xsa
TRACE::2026-07-26.18:56:53::SCWPlatform:: Unique name xilinx:::0.0
TRACE::2026-07-26.18:56:53::SCWPlatform::Trying to set the existing hwdb with name design_1_wrapper_20
TRACE::2026-07-26.18:56:53::SCWPlatform::Opened existing hwdb design_1_wrapper_20
TRACE::2026-07-26.18:56:53::SCWPlatform::Found the Hw Db part of the input DSA
TRACE::2026-07-26.18:56:53::SCWMssOS::Checking the sw design at  /home/ran/Documents/uni/s10/asip_lab/vitis_ws/milestone2/ps7_cortexa9_0/standalone_domain/bsp/system.mss
TRACE::2026-07-26.18:56:53::SCWMssOS::DEBUG:  swdes dump  /home/ran/Documents/uni/s10/asip_lab/vitis_ws/milestone2/ps7_cortexa9_0/standalone_domain/bsp/system.mss|system_0||
/home/ran/Documents/uni/s10/asip_lab/vitis_ws/milestone2/zynq_fsbl/zynq_fsbl_bsp/system.mss|system||

TRACE::2026-07-26.18:56:53::SCWMssOS::Sw design exists and opened at  /home/ran/Documents/uni/s10/asip_lab/vitis_ws/milestone2/ps7_cortexa9_0/standalone_domain/bsp/system.mss
TRACE::2026-07-26.18:56:53::SCWMssOS::Removing the swdes entry for  /home/ran/Documents/uni/s10/asip_lab/vitis_ws/milestone2/ps7_cortexa9_0/standalone_domain/bsp/system.mss
TRACE::2026-07-26.18:56:53::SCWPlatform::Trying to open the hw design at /home/ran/Documents/uni/s10/asip_lab/vitis_ws/milestone2/hw/design_1_wrapper.xsa
TRACE::2026-07-26.18:56:53::SCWPlatform::DSA given /home/ran/Documents/uni/s10/asip_lab/vitis_ws/milestone2/hw/design_1_wrapper.xsa
TRACE::2026-07-26.18:56:53::SCWPlatform::DSA absoulate path /home/ran/Documents/uni/s10/asip_lab/vitis_ws/milestone2/hw/design_1_wrapper.xsa
TRACE::2026-07-26.18:56:53::SCWPlatform::DSA directory /home/ran/Documents/uni/s10/asip_lab/vitis_ws/milestone2/hw
TRACE::2026-07-26.18:56:53::SCWPlatform:: Platform Path /home/ran/Documents/uni/s10/asip_lab/vitis_ws/milestone2/hw/design_1_wrapper.xsa
TRACE::2026-07-26.18:56:53::SCWPlatform:: Unique name xilinx:::0.0
TRACE::2026-07-26.18:56:53::SCWPlatform::Trying to set the existing hwdb with name design_1_wrapper_20
TRACE::2026-07-26.18:56:53::SCWPlatform::Opened existing hwdb design_1_wrapper_20
TRACE::2026-07-26.18:56:53::SCWPlatform::Found the Hw Db part of the input DSA
TRACE::2026-07-26.18:56:53::SCWMssOS::Checking the sw design at  /home/ran/Documents/uni/s10/asip_lab/vitis_ws/milestone2/ps7_cortexa9_0/standalone_domain/bsp/system.mss
TRACE::2026-07-26.18:56:53::SCWMssOS::DEBUG:  swdes dump  /home/ran/Documents/uni/s10/asip_lab/vitis_ws/milestone2/zynq_fsbl/zynq_fsbl_bsp/system.mss|system||

TRACE::2026-07-26.18:56:53::SCWMssOS::No sw design opened at  /home/ran/Documents/uni/s10/asip_lab/vitis_ws/milestone2/ps7_cortexa9_0/standalone_domain/bsp/system.mss
TRACE::2026-07-26.18:56:53::SCWMssOS::mss exists loading the mss file  /home/ran/Documents/uni/s10/asip_lab/vitis_ws/milestone2/ps7_cortexa9_0/standalone_domain/bsp/system.mss
TRACE::2026-07-26.18:56:53::SCWMssOS::Opened the sw design from mss  /home/ran/Documents/uni/s10/asip_lab/vitis_ws/milestone2/ps7_cortexa9_0/standalone_domain/bsp/system.mss
TRACE::2026-07-26.18:56:53::SCWMssOS::Adding the swdes entry /home/ran/Documents/uni/s10/asip_lab/vitis_ws/milestone2/ps7_cortexa9_0/standalone_domain/bsp/system.mss with des name system_0
TRACE::2026-07-26.18:56:53::SCWMssOS::updating the scw layer about changes
TRACE::2026-07-26.18:56:53::SCWMssOS::Opened the sw design.  /home/ran/Documents/uni/s10/asip_lab/vitis_ws/milestone2/ps7_cortexa9_0/standalone_domain/bsp/system.mss
TRACE::2026-07-26.18:56:53::SCWMssOS::Completed writing the mss file at /home/ran/Documents/uni/s10/asip_lab/vitis_ws/milestone2/ps7_cortexa9_0/standalone_domain/bsp
TRACE::2026-07-26.18:56:53::SCWMssOS::Forcing BSP Sources regeneration.
KEYINFO::2026-07-26.18:56:53::SCWMssOS::Removing file /home/ran/Documents/uni/s10/asip_lab/vitis_ws/milestone2/ps7_cortexa9_0/standalone_domain/bsp/system_0.mss
LOG::2026-07-26.18:57:02::SCWPlatform::Started generating the artifacts platform milestone2
TRACE::2026-07-26.18:57:02::SCWPlatform::Sanity checking of platform is completed
LOG::2026-07-26.18:57:02::SCWPlatform::Started generating the artifacts for system configuration milestone2
LOG::2026-07-26.18:57:02::SCWSystem::Checking the domain zynq_fsbl
LOG::2026-07-26.18:57:02::SCWSystem::Doing application build for :  zynq_fsbl
TRACE::2026-07-26.18:57:02::SCWBDomain::Not a forced makefile updation, No changes are present. 
TRACE::2026-07-26.18:57:02::SCWDomain::Skipping the build for domain :  zynq_fsbl
LOG::2026-07-26.18:57:02::SCWSystem::Checking the domain standalone_domain
LOG::2026-07-26.18:57:02::SCWSystem::Not a boot domain 
LOG::2026-07-26.18:57:02::SCWSystem::Started Processing the domain standalone_domain
TRACE::2026-07-26.18:57:02::SCWDomain::Generating domain artifcats
TRACE::2026-07-26.18:57:02::SCWMssOS::Generating standalone artifcats
TRACE::2026-07-26.18:57:02::SCWMssOS::Copying the qemu file from  /home/ran/Documents/uni/s10/asip_lab/vitis_ws/milestone2/resources/milestone2/standalone_domain/qemu_args.txt To /home/ran/Documents/uni/s10/asip_lab/vitis_ws/milestone2/export/milestone2/sw/milestone2/qemu/
TRACE::2026-07-26.18:57:02::SCWMssOS::Copying the qemu file from  /home/ran/Documents/uni/s10/asip_lab/vitis_ws/milestone2/resources/milestone2/standalone_domain/qemu_args.txt To /home/ran/Documents/uni/s10/asip_lab/vitis_ws/milestone2/export/milestone2/sw/milestone2/standalone_domain/qemu/
TRACE::2026-07-26.18:57:02::SCWMssOS:: Copying the user libraries. 
TRACE::2026-07-26.18:57:02::SCWPlatform::Trying to open the hw design at /home/ran/Documents/uni/s10/asip_lab/vitis_ws/milestone2/hw/design_1_wrapper.xsa
TRACE::2026-07-26.18:57:02::SCWPlatform::DSA given /home/ran/Documents/uni/s10/asip_lab/vitis_ws/milestone2/hw/design_1_wrapper.xsa
TRACE::2026-07-26.18:57:02::SCWPlatform::DSA absoulate path /home/ran/Documents/uni/s10/asip_lab/vitis_ws/milestone2/hw/design_1_wrapper.xsa
TRACE::2026-07-26.18:57:02::SCWPlatform::DSA directory /home/ran/Documents/uni/s10/asip_lab/vitis_ws/milestone2/hw
TRACE::2026-07-26.18:57:02::SCWPlatform:: Platform Path /home/ran/Documents/uni/s10/asip_lab/vitis_ws/milestone2/hw/design_1_wrapper.xsa
TRACE::2026-07-26.18:57:02::SCWPlatform:: Unique name xilinx:::0.0
TRACE::2026-07-26.18:57:02::SCWPlatform::Trying to set the existing hwdb with name design_1_wrapper_20
TRACE::2026-07-26.18:57:02::SCWPlatform::Opened existing hwdb design_1_wrapper_20
TRACE::2026-07-26.18:57:02::SCWPlatform::Found the Hw Db part of the input DSA
TRACE::2026-07-26.18:57:02::SCWMssOS::Checking the sw design at  /home/ran/Documents/uni/s10/asip_lab/vitis_ws/milestone2/ps7_cortexa9_0/standalone_domain/bsp/system.mss
TRACE::2026-07-26.18:57:02::SCWMssOS::DEBUG:  swdes dump  /home/ran/Documents/uni/s10/asip_lab/vitis_ws/milestone2/zynq_fsbl/zynq_fsbl_bsp/system.mss|system||

TRACE::2026-07-26.18:57:02::SCWMssOS::No sw design opened at  /home/ran/Documents/uni/s10/asip_lab/vitis_ws/milestone2/ps7_cortexa9_0/standalone_domain/bsp/system.mss
TRACE::2026-07-26.18:57:02::SCWMssOS::mss exists loading the mss file  /home/ran/Documents/uni/s10/asip_lab/vitis_ws/milestone2/ps7_cortexa9_0/standalone_domain/bsp/system.mss
TRACE::2026-07-26.18:57:02::SCWMssOS::Opened the sw design from mss  /home/ran/Documents/uni/s10/asip_lab/vitis_ws/milestone2/ps7_cortexa9_0/standalone_domain/bsp/system.mss
TRACE::2026-07-26.18:57:02::SCWMssOS::Adding the swdes entry /home/ran/Documents/uni/s10/asip_lab/vitis_ws/milestone2/ps7_cortexa9_0/standalone_domain/bsp/system.mss with des name system_0
TRACE::2026-07-26.18:57:02::SCWMssOS::updating the scw layer about changes
TRACE::2026-07-26.18:57:02::SCWMssOS::Opened the sw design.  /home/ran/Documents/uni/s10/asip_lab/vitis_ws/milestone2/ps7_cortexa9_0/standalone_domain/bsp/system.mss
TRACE::2026-07-26.18:57:02::SCWMssOS::Completed writing the mss file at /home/ran/Documents/uni/s10/asip_lab/vitis_ws/milestone2/ps7_cortexa9_0/standalone_domain/bsp
TRACE::2026-07-26.18:57:02::SCWMssOS::Mss edits present, copying mssfile into export location /home/ran/Documents/uni/s10/asip_lab/vitis_ws/milestone2/ps7_cortexa9_0/standalone_domain/bsp/system.mss
TRACE::2026-07-26.18:57:02::SCWMssOS::bsp generated is upto date with the mss file. Skipping bsp generation.
TRACE::2026-07-26.18:57:02::SCWMssOS::BSP is already built. skipping the bsp build ... 
TRACE::2026-07-26.18:57:02::SCWDomain::Building the domain :  standalone_domain
TRACE::2026-07-26.18:57:02::SCWMssOS::doing bsp build ... 
TRACE::2026-07-26.18:57:02::SCWMssOS::System Command Ran  cd  /home/ran/Documents/uni/s10/asip_lab/vitis_ws/milestone2/ps7_cortexa9_0/standalone_domain/bsp ; bash -c "make  " 
TRACE::2026-07-26.18:57:02::SCWMssOS::make --no-print-directory seq_libs

TRACE::2026-07-26.18:57:02::SCWMssOS::Finished building libraries sequentially.

TRACE::2026-07-26.18:57:02::SCWMssOS::make -j 10 --no-print-directory par_libs

TRACE::2026-07-26.18:57:02::SCWMssOS::Running Make include in ps7_cortexa9_0/libsrc/bram_v4_8/src

TRACE::2026-07-26.18:57:02::SCWMssOS::make -C ps7_cortexa9_0/libsrc/bram_v4_8/src -s include  "SHELL=/bin/sh" "COMPILER=arm-none-eabi-gcc" "ASSEMBLER=arm-none-eabi-a
TRACE::2026-07-26.18:57:02::SCWMssOS::s" "ARCHIVER=arm-none-eabi-ar" "COMPILER_FLAGS=  -O2 -c" "EXTRA_COMPILER_FLAGS=-mcpu=cortex-a9 -mfpu=vfpv3 -mfloat-abi=hard -no
TRACE::2026-07-26.18:57:02::SCWMssOS::startfiles -g -Wall -Wextra -fno-tree-loop-distribute-patterns"

TRACE::2026-07-26.18:57:02::SCWMssOS::Running Make include in ps7_cortexa9_0/libsrc/coresightps_dcc_v1_8/src

TRACE::2026-07-26.18:57:02::SCWMssOS::Running Make include in ps7_cortexa9_0/libsrc/cpu_cortexa9_v2_11/src

TRACE::2026-07-26.18:57:02::SCWMssOS::Running Make include in ps7_cortexa9_0/libsrc/dmaps_v2_8/src

TRACE::2026-07-26.18:57:02::SCWMssOS::make -C ps7_cortexa9_0/libsrc/coresightps_dcc_v1_8/src -s include  "SHELL=/bin/sh" "COMPILER=arm-none-eabi-gcc" "ASSEMBLER=arm-
TRACE::2026-07-26.18:57:02::SCWMssOS::none-eabi-as" "ARCHIVER=arm-none-eabi-ar" "COMPILER_FLAGS=  -O2 -c" "EXTRA_COMPILER_FLAGS=-mcpu=cortex-a9 -mfpu=vfpv3 -mfloat-a
TRACE::2026-07-26.18:57:02::SCWMssOS::bi=hard -nostartfiles -g -Wall -Wextra -fno-tree-loop-distribute-patterns"

TRACE::2026-07-26.18:57:02::SCWMssOS::make -C ps7_cortexa9_0/libsrc/cpu_cortexa9_v2_11/src -s include  "SHELL=/bin/sh" "COMPILER=arm-none-eabi-gcc" "ASSEMBLER=arm-no
TRACE::2026-07-26.18:57:02::SCWMssOS::ne-eabi-as" "ARCHIVER=arm-none-eabi-ar" "COMPILER_FLAGS=  -O2 -c" "EXTRA_COMPILER_FLAGS=-mcpu=cortex-a9 -mfpu=vfpv3 -mfloat-abi
TRACE::2026-07-26.18:57:02::SCWMssOS::=hard -nostartfiles -g -Wall -Wextra -fno-tree-loop-distribute-patterns"

TRACE::2026-07-26.18:57:02::SCWMssOS::Running Make include in ps7_cortexa9_0/libsrc/ddrps_v1_2/src

TRACE::2026-07-26.18:57:02::SCWMssOS::make -C ps7_cortexa9_0/libsrc/dmaps_v2_8/src -s include  "SHELL=/bin/sh" "COMPILER=arm-none-eabi-gcc" "ASSEMBLER=arm-none-eabi-
TRACE::2026-07-26.18:57:02::SCWMssOS::as" "ARCHIVER=arm-none-eabi-ar" "COMPILER_FLAGS=  -O2 -c" "EXTRA_COMPILER_FLAGS=-mcpu=cortex-a9 -mfpu=vfpv3 -mfloat-abi=hard -n
TRACE::2026-07-26.18:57:02::SCWMssOS::ostartfiles -g -Wall -Wextra -fno-tree-loop-distribute-patterns"

TRACE::2026-07-26.18:57:02::SCWMssOS::Running Make include in ps7_cortexa9_0/libsrc/devcfg_v3_7/src

TRACE::2026-07-26.18:57:02::SCWMssOS::make -C ps7_cortexa9_0/libsrc/ddrps_v1_2/src -s include  "SHELL=/bin/sh" "COMPILER=arm-none-eabi-gcc" "ASSEMBLER=arm-none-eabi-
TRACE::2026-07-26.18:57:02::SCWMssOS::as" "ARCHIVER=arm-none-eabi-ar" "COMPILER_FLAGS=  -O2 -c" "EXTRA_COMPILER_FLAGS=-mcpu=cortex-a9 -mfpu=vfpv3 -mfloat-abi=hard -n
TRACE::2026-07-26.18:57:02::SCWMssOS::ostartfiles -g -Wall -Wextra -fno-tree-loop-distribute-patterns"

TRACE::2026-07-26.18:57:02::SCWMssOS::Running Make include in ps7_cortexa9_0/libsrc/gpiops_v3_10/src

TRACE::2026-07-26.18:57:02::SCWMssOS::make -C ps7_cortexa9_0/libsrc/devcfg_v3_7/src -s include  "SHELL=/bin/sh" "COMPILER=arm-none-eabi-gcc" "ASSEMBLER=arm-none-eabi
TRACE::2026-07-26.18:57:02::SCWMssOS::-as" "ARCHIVER=arm-none-eabi-ar" "COMPILER_FLAGS=  -O2 -c" "EXTRA_COMPILER_FLAGS=-mcpu=cortex-a9 -mfpu=vfpv3 -mfloat-abi=hard -
TRACE::2026-07-26.18:57:02::SCWMssOS::nostartfiles -g -Wall -Wextra -fno-tree-loop-distribute-patterns"

TRACE::2026-07-26.18:57:02::SCWMssOS::Running Make include in ps7_cortexa9_0/libsrc/qspips_v3_10/src

TRACE::2026-07-26.18:57:02::SCWMssOS::make -C ps7_cortexa9_0/libsrc/gpiops_v3_10/src -s include  "SHELL=/bin/sh" "COMPILER=arm-none-eabi-gcc" "ASSEMBLER=arm-none-eab
TRACE::2026-07-26.18:57:02::SCWMssOS::i-as" "ARCHIVER=arm-none-eabi-ar" "COMPILER_FLAGS=  -O2 -c" "EXTRA_COMPILER_FLAGS=-mcpu=cortex-a9 -mfpu=vfpv3 -mfloat-abi=hard 
TRACE::2026-07-26.18:57:02::SCWMssOS::-nostartfiles -g -Wall -Wextra -fno-tree-loop-distribute-patterns"

TRACE::2026-07-26.18:57:02::SCWMssOS::make -C ps7_cortexa9_0/libsrc/qspips_v3_10/src -s include  "SHELL=/bin/sh" "COMPILER=arm-none-eabi-gcc" "ASSEMBLER=arm-none-eab
TRACE::2026-07-26.18:57:02::SCWMssOS::i-as" "ARCHIVER=arm-none-eabi-ar" "COMPILER_FLAGS=  -O2 -c" "EXTRA_COMPILER_FLAGS=-mcpu=cortex-a9 -mfpu=vfpv3 -mfloat-abi=hard 
TRACE::2026-07-26.18:57:02::SCWMssOS::-nostartfiles -g -Wall -Wextra -fno-tree-loop-distribute-patterns"

TRACE::2026-07-26.18:57:02::SCWMssOS::Running Make include in ps7_cortexa9_0/libsrc/scugic_v5_0/src

TRACE::2026-07-26.18:57:02::SCWMssOS::make -C ps7_cortexa9_0/libsrc/scugic_v5_0/src -s include  "SHELL=/bin/sh" "COMPILER=arm-none-eabi-gcc" "ASSEMBLER=arm-none-eabi
TRACE::2026-07-26.18:57:02::SCWMssOS::-as" "ARCHIVER=arm-none-eabi-ar" "COMPILER_FLAGS=  -O2 -c" "EXTRA_COMPILER_FLAGS=-mcpu=cortex-a9 -mfpu=vfpv3 -mfloat-abi=hard -
TRACE::2026-07-26.18:57:02::SCWMssOS::nostartfiles -g -Wall -Wextra -fno-tree-loop-distribute-patterns"

TRACE::2026-07-26.18:57:02::SCWMssOS::Running Make include in ps7_cortexa9_0/libsrc/scutimer_v2_4/src

TRACE::2026-07-26.18:57:02::SCWMssOS::make -C ps7_cortexa9_0/libsrc/scutimer_v2_4/src -s include  "SHELL=/bin/sh" "COMPILER=arm-none-eabi-gcc" "ASSEMBLER=arm-none-ea
TRACE::2026-07-26.18:57:02::SCWMssOS::bi-as" "ARCHIVER=arm-none-eabi-ar" "COMPILER_FLAGS=  -O2 -c" "EXTRA_COMPILER_FLAGS=-mcpu=cortex-a9 -mfpu=vfpv3 -mfloat-abi=hard
TRACE::2026-07-26.18:57:02::SCWMssOS:: -nostartfiles -g -Wall -Wextra -fno-tree-loop-distribute-patterns"

TRACE::2026-07-26.18:57:02::SCWMssOS::Running Make include in ps7_cortexa9_0/libsrc/scuwdt_v2_4/src

TRACE::2026-07-26.18:57:02::SCWMssOS::make -C ps7_cortexa9_0/libsrc/scuwdt_v2_4/src -s include  "SHELL=/bin/sh" "COMPILER=arm-none-eabi-gcc" "ASSEMBLER=arm-none-eabi
TRACE::2026-07-26.18:57:02::SCWMssOS::-as" "ARCHIVER=arm-none-eabi-ar" "COMPILER_FLAGS=  -O2 -c" "EXTRA_COMPILER_FLAGS=-mcpu=cortex-a9 -mfpu=vfpv3 -mfloat-abi=hard -
TRACE::2026-07-26.18:57:02::SCWMssOS::nostartfiles -g -Wall -Wextra -fno-tree-loop-distribute-patterns"

TRACE::2026-07-26.18:57:02::SCWMssOS::Running Make include in ps7_cortexa9_0/libsrc/sdps_v4_0/src

TRACE::2026-07-26.18:57:02::SCWMssOS::make -C ps7_cortexa9_0/libsrc/sdps_v4_0/src -s include  "SHELL=/bin/sh" "COMPILER=arm-none-eabi-gcc" "ASSEMBLER=arm-none-eabi-a
TRACE::2026-07-26.18:57:02::SCWMssOS::s" "ARCHIVER=arm-none-eabi-ar" "COMPILER_FLAGS=  -O2 -c" "EXTRA_COMPILER_FLAGS=-mcpu=cortex-a9 -mfpu=vfpv3 -mfloat-abi=hard -no
TRACE::2026-07-26.18:57:02::SCWMssOS::startfiles -g -Wall -Wextra -fno-tree-loop-distribute-patterns"

TRACE::2026-07-26.18:57:02::SCWMssOS::Running Make include in ps7_cortexa9_0/libsrc/spips_v3_8/src

TRACE::2026-07-26.18:57:02::SCWMssOS::make -C ps7_cortexa9_0/libsrc/spips_v3_8/src -s include  "SHELL=/bin/sh" "COMPILER=arm-none-eabi-gcc" "ASSEMBLER=arm-none-eabi-
TRACE::2026-07-26.18:57:02::SCWMssOS::as" "ARCHIVER=arm-none-eabi-ar" "COMPILER_FLAGS=  -O2 -c" "EXTRA_COMPILER_FLAGS=-mcpu=cortex-a9 -mfpu=vfpv3 -mfloat-abi=hard -n
TRACE::2026-07-26.18:57:02::SCWMssOS::ostartfiles -g -Wall -Wextra -fno-tree-loop-distribute-patterns"

TRACE::2026-07-26.18:57:02::SCWMssOS::Running Make include in ps7_cortexa9_0/libsrc/standalone_v8_0/src

TRACE::2026-07-26.18:57:02::SCWMssOS::Running Make include in ps7_cortexa9_0/libsrc/uartps_v3_11/src

TRACE::2026-07-26.18:57:02::SCWMssOS::Running Make include in ps7_cortexa9_0/libsrc/usbps_v2_7/src

TRACE::2026-07-26.18:57:02::SCWMssOS::make -C ps7_cortexa9_0/libsrc/standalone_v8_0/src -s include  "SHELL=/bin/sh" "COMPILER=arm-none-eabi-gcc" "ASSEMBLER=arm-none-
TRACE::2026-07-26.18:57:02::SCWMssOS::eabi-as" "ARCHIVER=arm-none-eabi-ar" "COMPILER_FLAGS=  -O2 -c" "EXTRA_COMPILER_FLAGS=-mcpu=cortex-a9 -mfpu=vfpv3 -mfloat-abi=ha
TRACE::2026-07-26.18:57:02::SCWMssOS::rd -nostartfiles -g -Wall -Wextra -fno-tree-loop-distribute-patterns"

TRACE::2026-07-26.18:57:02::SCWMssOS::make -C ps7_cortexa9_0/libsrc/uartps_v3_11/src -s include  "SHELL=/bin/sh" "COMPILER=arm-none-eabi-gcc" "ASSEMBLER=arm-none-eab
TRACE::2026-07-26.18:57:02::SCWMssOS::i-as" "ARCHIVER=arm-none-eabi-ar" "COMPILER_FLAGS=  -O2 -c" "EXTRA_COMPILER_FLAGS=-mcpu=cortex-a9 -mfpu=vfpv3 -mfloat-abi=hard 
TRACE::2026-07-26.18:57:02::SCWMssOS::-nostartfiles -g -Wall -Wextra -fno-tree-loop-distribute-patterns"

TRACE::2026-07-26.18:57:02::SCWMssOS::Running Make include in ps7_cortexa9_0/libsrc/xadcps_v2_6/src

TRACE::2026-07-26.18:57:02::SCWMssOS::make -C ps7_cortexa9_0/libsrc/usbps_v2_7/src -s include  "SHELL=/bin/sh" "COMPILER=arm-none-eabi-gcc" "ASSEMBLER=arm-none-eabi-
TRACE::2026-07-26.18:57:02::SCWMssOS::as" "ARCHIVER=arm-none-eabi-ar" "COMPILER_FLAGS=  -O2 -c" "EXTRA_COMPILER_FLAGS=-mcpu=cortex-a9 -mfpu=vfpv3 -mfloat-abi=hard -n
TRACE::2026-07-26.18:57:02::SCWMssOS::ostartfiles -g -Wall -Wextra -fno-tree-loop-distribute-patterns"

TRACE::2026-07-26.18:57:02::SCWMssOS::make -C ps7_cortexa9_0/libsrc/xadcps_v2_6/src -s include  "SHELL=/bin/sh" "COMPILER=arm-none-eabi-gcc" "ASSEMBLER=arm-none-eabi
TRACE::2026-07-26.18:57:02::SCWMssOS::-as" "ARCHIVER=arm-none-eabi-ar" "COMPILER_FLAGS=  -O2 -c" "EXTRA_COMPILER_FLAGS=-mcpu=cortex-a9 -mfpu=vfpv3 -mfloat-abi=hard -
TRACE::2026-07-26.18:57:02::SCWMssOS::nostartfiles -g -Wall -Wextra -fno-tree-loop-distribute-patterns"

TRACE::2026-07-26.18:57:02::SCWMssOS::Running Make libs in ps7_cortexa9_0/libsrc/bram_v4_8/src

TRACE::2026-07-26.18:57:02::SCWMssOS::make -C ps7_cortexa9_0/libsrc/bram_v4_8/src -s libs  "SHELL=/bin/sh" "COMPILER=arm-none-eabi-gcc" "ASSEMBLER=arm-none-eabi-as" 
TRACE::2026-07-26.18:57:02::SCWMssOS::"ARCHIVER=arm-none-eabi-ar" "COMPILER_FLAGS=  -O2 -c" "EXTRA_COMPILER_FLAGS=-mcpu=cortex-a9 -mfpu=vfpv3 -mfloat-abi=hard -nosta
TRACE::2026-07-26.18:57:02::SCWMssOS::rtfiles -g -Wall -Wextra -fno-tree-loop-distribute-patterns"

TRACE::2026-07-26.18:57:02::SCWMssOS::Running Make libs in ps7_cortexa9_0/libsrc/coresightps_dcc_v1_8/src

TRACE::2026-07-26.18:57:02::SCWMssOS::Running Make libs in ps7_cortexa9_0/libsrc/cpu_cortexa9_v2_11/src

TRACE::2026-07-26.18:57:02::SCWMssOS::make -C ps7_cortexa9_0/libsrc/coresightps_dcc_v1_8/src -s libs  "SHELL=/bin/sh" "COMPILER=arm-none-eabi-gcc" "ASSEMBLER=arm-non
TRACE::2026-07-26.18:57:02::SCWMssOS::e-eabi-as" "ARCHIVER=arm-none-eabi-ar" "COMPILER_FLAGS=  -O2 -c" "EXTRA_COMPILER_FLAGS=-mcpu=cortex-a9 -mfpu=vfpv3 -mfloat-abi=
TRACE::2026-07-26.18:57:02::SCWMssOS::hard -nostartfiles -g -Wall -Wextra -fno-tree-loop-distribute-patterns"

TRACE::2026-07-26.18:57:02::SCWMssOS::Running Make libs in ps7_cortexa9_0/libsrc/ddrps_v1_2/src

TRACE::2026-07-26.18:57:02::SCWMssOS::make -C ps7_cortexa9_0/libsrc/cpu_cortexa9_v2_11/src -s libs  "SHELL=/bin/sh" "COMPILER=arm-none-eabi-gcc" "ASSEMBLER=arm-none-
TRACE::2026-07-26.18:57:02::SCWMssOS::eabi-as" "ARCHIVER=arm-none-eabi-ar" "COMPILER_FLAGS=  -O2 -c" "EXTRA_COMPILER_FLAGS=-mcpu=cortex-a9 -mfpu=vfpv3 -mfloat-abi=ha
TRACE::2026-07-26.18:57:02::SCWMssOS::rd -nostartfiles -g -Wall -Wextra -fno-tree-loop-distribute-patterns"

TRACE::2026-07-26.18:57:02::SCWMssOS::make -C ps7_cortexa9_0/libsrc/ddrps_v1_2/src -s libs  "SHELL=/bin/sh" "COMPILER=arm-none-eabi-gcc" "ASSEMBLER=arm-none-eabi-as"
TRACE::2026-07-26.18:57:02::SCWMssOS:: "ARCHIVER=arm-none-eabi-ar" "COMPILER_FLAGS=  -O2 -c" "EXTRA_COMPILER_FLAGS=-mcpu=cortex-a9 -mfpu=vfpv3 -mfloat-abi=hard -nost
TRACE::2026-07-26.18:57:02::SCWMssOS::artfiles -g -Wall -Wextra -fno-tree-loop-distribute-patterns"

TRACE::2026-07-26.18:57:02::SCWMssOS::Running Make libs in ps7_cortexa9_0/libsrc/dmaps_v2_8/src

TRACE::2026-07-26.18:57:02::SCWMssOS::Running Make libs in ps7_cortexa9_0/libsrc/devcfg_v3_7/src

TRACE::2026-07-26.18:57:02::SCWMssOS::Running Make libs in ps7_cortexa9_0/libsrc/gpiops_v3_10/src

TRACE::2026-07-26.18:57:02::SCWMssOS::make -C ps7_cortexa9_0/libsrc/dmaps_v2_8/src -s libs  "SHELL=/bin/sh" "COMPILER=arm-none-eabi-gcc" "ASSEMBLER=arm-none-eabi-as"
TRACE::2026-07-26.18:57:02::SCWMssOS:: "ARCHIVER=arm-none-eabi-ar" "COMPILER_FLAGS=  -O2 -c" "EXTRA_COMPILER_FLAGS=-mcpu=cortex-a9 -mfpu=vfpv3 -mfloat-abi=hard -nost
TRACE::2026-07-26.18:57:02::SCWMssOS::artfiles -g -Wall -Wextra -fno-tree-loop-distribute-patterns"

TRACE::2026-07-26.18:57:02::SCWMssOS::Running Make libs in ps7_cortexa9_0/libsrc/qspips_v3_10/src

TRACE::2026-07-26.18:57:02::SCWMssOS::make -C ps7_cortexa9_0/libsrc/devcfg_v3_7/src -s libs  "SHELL=/bin/sh" "COMPILER=arm-none-eabi-gcc" "ASSEMBLER=arm-none-eabi-as
TRACE::2026-07-26.18:57:02::SCWMssOS::" "ARCHIVER=arm-none-eabi-ar" "COMPILER_FLAGS=  -O2 -c" "EXTRA_COMPILER_FLAGS=-mcpu=cortex-a9 -mfpu=vfpv3 -mfloat-abi=hard -nos
TRACE::2026-07-26.18:57:02::SCWMssOS::tartfiles -g -Wall -Wextra -fno-tree-loop-distribute-patterns"

TRACE::2026-07-26.18:57:02::SCWMssOS::make -C ps7_cortexa9_0/libsrc/gpiops_v3_10/src -s libs  "SHELL=/bin/sh" "COMPILER=arm-none-eabi-gcc" "ASSEMBLER=arm-none-eabi-a
TRACE::2026-07-26.18:57:02::SCWMssOS::s" "ARCHIVER=arm-none-eabi-ar" "COMPILER_FLAGS=  -O2 -c" "EXTRA_COMPILER_FLAGS=-mcpu=cortex-a9 -mfpu=vfpv3 -mfloat-abi=hard -no
TRACE::2026-07-26.18:57:02::SCWMssOS::startfiles -g -Wall -Wextra -fno-tree-loop-distribute-patterns"

TRACE::2026-07-26.18:57:02::SCWMssOS::make -C ps7_cortexa9_0/libsrc/qspips_v3_10/src -s libs  "SHELL=/bin/sh" "COMPILER=arm-none-eabi-gcc" "ASSEMBLER=arm-none-eabi-a
TRACE::2026-07-26.18:57:02::SCWMssOS::s" "ARCHIVER=arm-none-eabi-ar" "COMPILER_FLAGS=  -O2 -c" "EXTRA_COMPILER_FLAGS=-mcpu=cortex-a9 -mfpu=vfpv3 -mfloat-abi=hard -no
TRACE::2026-07-26.18:57:02::SCWMssOS::startfiles -g -Wall -Wextra -fno-tree-loop-distribute-patterns"

TRACE::2026-07-26.18:57:02::SCWMssOS::Running Make libs in ps7_cortexa9_0/libsrc/scugic_v5_0/src

TRACE::2026-07-26.18:57:02::SCWMssOS::Running Make libs in ps7_cortexa9_0/libsrc/scutimer_v2_4/src

TRACE::2026-07-26.18:57:02::SCWMssOS::make -C ps7_cortexa9_0/libsrc/scugic_v5_0/src -s libs  "SHELL=/bin/sh" "COMPILER=arm-none-eabi-gcc" "ASSEMBLER=arm-none-eabi-as
TRACE::2026-07-26.18:57:02::SCWMssOS::" "ARCHIVER=arm-none-eabi-ar" "COMPILER_FLAGS=  -O2 -c" "EXTRA_COMPILER_FLAGS=-mcpu=cortex-a9 -mfpu=vfpv3 -mfloat-abi=hard -nos
TRACE::2026-07-26.18:57:02::SCWMssOS::tartfiles -g -Wall -Wextra -fno-tree-loop-distribute-patterns"

TRACE::2026-07-26.18:57:02::SCWMssOS::make -C ps7_cortexa9_0/libsrc/scutimer_v2_4/src -s libs  "SHELL=/bin/sh" "COMPILER=arm-none-eabi-gcc" "ASSEMBLER=arm-none-eabi-
TRACE::2026-07-26.18:57:02::SCWMssOS::as" "ARCHIVER=arm-none-eabi-ar" "COMPILER_FLAGS=  -O2 -c" "EXTRA_COMPILER_FLAGS=-mcpu=cortex-a9 -mfpu=vfpv3 -mfloat-abi=hard -n
TRACE::2026-07-26.18:57:02::SCWMssOS::ostartfiles -g -Wall -Wextra -fno-tree-loop-distribute-patterns"

TRACE::2026-07-26.18:57:02::SCWMssOS::Running Make libs in ps7_cortexa9_0/libsrc/scuwdt_v2_4/src

TRACE::2026-07-26.18:57:02::SCWMssOS::Running Make libs in ps7_cortexa9_0/libsrc/sdps_v4_0/src

TRACE::2026-07-26.18:57:02::SCWMssOS::make -C ps7_cortexa9_0/libsrc/scuwdt_v2_4/src -s libs  "SHELL=/bin/sh" "COMPILER=arm-none-eabi-gcc" "ASSEMBLER=arm-none-eabi-as
TRACE::2026-07-26.18:57:02::SCWMssOS::" "ARCHIVER=arm-none-eabi-ar" "COMPILER_FLAGS=  -O2 -c" "EXTRA_COMPILER_FLAGS=-mcpu=cortex-a9 -mfpu=vfpv3 -mfloat-abi=hard -nos
TRACE::2026-07-26.18:57:02::SCWMssOS::tartfiles -g -Wall -Wextra -fno-tree-loop-distribute-patterns"

TRACE::2026-07-26.18:57:02::SCWMssOS::make -C ps7_cortexa9_0/libsrc/sdps_v4_0/src -s libs  "SHELL=/bin/sh" "COMPILER=arm-none-eabi-gcc" "ASSEMBLER=arm-none-eabi-as" 
TRACE::2026-07-26.18:57:02::SCWMssOS::"ARCHIVER=arm-none-eabi-ar" "COMPILER_FLAGS=  -O2 -c" "EXTRA_COMPILER_FLAGS=-mcpu=cortex-a9 -mfpu=vfpv3 -mfloat-abi=hard -nosta
TRACE::2026-07-26.18:57:02::SCWMssOS::rtfiles -g -Wall -Wextra -fno-tree-loop-distribute-patterns"

TRACE::2026-07-26.18:57:03::SCWMssOS::Running Make libs in ps7_cortexa9_0/libsrc/spips_v3_8/src

TRACE::2026-07-26.18:57:03::SCWMssOS::make -C ps7_cortexa9_0/libsrc/spips_v3_8/src -s libs  "SHELL=/bin/sh" "COMPILER=arm-none-eabi-gcc" "ASSEMBLER=arm-none-eabi-as"
TRACE::2026-07-26.18:57:03::SCWMssOS:: "ARCHIVER=arm-none-eabi-ar" "COMPILER_FLAGS=  -O2 -c" "EXTRA_COMPILER_FLAGS=-mcpu=cortex-a9 -mfpu=vfpv3 -mfloat-abi=hard -nost
TRACE::2026-07-26.18:57:03::SCWMssOS::artfiles -g -Wall -Wextra -fno-tree-loop-distribute-patterns"

TRACE::2026-07-26.18:57:03::SCWMssOS::Running Make libs in ps7_cortexa9_0/libsrc/standalone_v8_0/src

TRACE::2026-07-26.18:57:03::SCWMssOS::make -C ps7_cortexa9_0/libsrc/standalone_v8_0/src -s libs  "SHELL=/bin/sh" "COMPILER=arm-none-eabi-gcc" "ASSEMBLER=arm-none-eab
TRACE::2026-07-26.18:57:03::SCWMssOS::i-as" "ARCHIVER=arm-none-eabi-ar" "COMPILER_FLAGS=  -O2 -c" "EXTRA_COMPILER_FLAGS=-mcpu=cortex-a9 -mfpu=vfpv3 -mfloat-abi=hard 
TRACE::2026-07-26.18:57:03::SCWMssOS::-nostartfiles -g -Wall -Wextra -fno-tree-loop-distribute-patterns"

TRACE::2026-07-26.18:57:03::SCWMssOS::Running Make libs in ps7_cortexa9_0/libsrc/uartps_v3_11/src

TRACE::2026-07-26.18:57:03::SCWMssOS::make -C ps7_cortexa9_0/libsrc/uartps_v3_11/src -s libs  "SHELL=/bin/sh" "COMPILER=arm-none-eabi-gcc" "ASSEMBLER=arm-none-eabi-a
TRACE::2026-07-26.18:57:03::SCWMssOS::s" "ARCHIVER=arm-none-eabi-ar" "COMPILER_FLAGS=  -O2 -c" "EXTRA_COMPILER_FLAGS=-mcpu=cortex-a9 -mfpu=vfpv3 -mfloat-abi=hard -no
TRACE::2026-07-26.18:57:03::SCWMssOS::startfiles -g -Wall -Wextra -fno-tree-loop-distribute-patterns"

TRACE::2026-07-26.18:57:03::SCWMssOS::Running Make libs in ps7_cortexa9_0/libsrc/usbps_v2_7/src

TRACE::2026-07-26.18:57:03::SCWMssOS::make -C ps7_cortexa9_0/libsrc/usbps_v2_7/src -s libs  "SHELL=/bin/sh" "COMPILER=arm-none-eabi-gcc" "ASSEMBLER=arm-none-eabi-as"
TRACE::2026-07-26.18:57:03::SCWMssOS:: "ARCHIVER=arm-none-eabi-ar" "COMPILER_FLAGS=  -O2 -c" "EXTRA_COMPILER_FLAGS=-mcpu=cortex-a9 -mfpu=vfpv3 -mfloat-abi=hard -nost
TRACE::2026-07-26.18:57:03::SCWMssOS::artfiles -g -Wall -Wextra -fno-tree-loop-distribute-patterns"

TRACE::2026-07-26.18:57:03::SCWMssOS::Running Make libs in ps7_cortexa9_0/libsrc/xadcps_v2_6/src

TRACE::2026-07-26.18:57:03::SCWMssOS::make -C ps7_cortexa9_0/libsrc/xadcps_v2_6/src -s libs  "SHELL=/bin/sh" "COMPILER=arm-none-eabi-gcc" "ASSEMBLER=arm-none-eabi-as
TRACE::2026-07-26.18:57:03::SCWMssOS::" "ARCHIVER=arm-none-eabi-ar" "COMPILER_FLAGS=  -O2 -c" "EXTRA_COMPILER_FLAGS=-mcpu=cortex-a9 -mfpu=vfpv3 -mfloat-abi=hard -nos
TRACE::2026-07-26.18:57:03::SCWMssOS::tartfiles -g -Wall -Wextra -fno-tree-loop-distribute-patterns"

TRACE::2026-07-26.18:57:04::SCWMssOS::Finished building libraries parallelly.

TRACE::2026-07-26.18:57:04::SCWMssOS::make --no-print-directory archive

TRACE::2026-07-26.18:57:04::SCWMssOS::arm-none-eabi-ar -r  ps7_cortexa9_0/lib/libxil.a ps7_cortexa9_0/lib/_exit.o ps7_cortexa9_0/lib/_open.o ps7_cortexa9_0/lib/_sbrk
TRACE::2026-07-26.18:57:04::SCWMssOS::.o ps7_cortexa9_0/lib/abort.o ps7_cortexa9_0/lib/asm_vectors.o ps7_cortexa9_0/lib/boot.o ps7_cortexa9_0/lib/close.o ps7_cortexa
TRACE::2026-07-26.18:57:04::SCWMssOS::9_0/lib/cpputest_time.o ps7_cortexa9_0/lib/cpu_init.o ps7_cortexa9_0/lib/errno.o ps7_cortexa9_0/lib/fcntl.o ps7_cortexa9_0/lib/
TRACE::2026-07-26.18:57:04::SCWMssOS::fstat.o ps7_cortexa9_0/lib/getpid.o ps7_cortexa9_0/lib/inbyte.o ps7_cortexa9_0/lib/isatty.o ps7_cortexa9_0/lib/kill.o ps7_corte
TRACE::2026-07-26.18:57:04::SCWMssOS::xa9_0/lib/lseek.o ps7_cortexa9_0/lib/open.o ps7_cortexa9_0/lib/outbyte.o ps7_cortexa9_0/lib/print.o ps7_cortexa9_0/lib/putnum.o
TRACE::2026-07-26.18:57:04::SCWMssOS:: ps7_cortexa9_0/lib/read.o ps7_cortexa9_0/lib/sbrk.o ps7_cortexa9_0/lib/sleep.o ps7_cortexa9_0/lib/time.o ps7_cortexa9_0/lib/tr
TRACE::2026-07-26.18:57:04::SCWMssOS::anslation_table.o ps7_cortexa9_0/lib/unlink.o ps7_cortexa9_0/lib/usleep.o ps7_cortexa9_0/lib/vectors.o ps7_cortexa9_0/lib/write
TRACE::2026-07-26.18:57:04::SCWMssOS::.o ps7_cortexa9_0/lib/xadcps.o ps7_cortexa9_0/lib/xadcps_g.o ps7_cortexa9_0/lib/xadcps_intr.o ps7_cortexa9_0/lib/xadcps_selftes
TRACE::2026-07-26.18:57:04::SCWMssOS::t.o ps7_cortexa9_0/lib/xadcps_sinit.o ps7_cortexa9_0/lib/xbram.o ps7_cortexa9_0/lib/xbram_g.o ps7_cortexa9_0/lib/xbram_intr.o p
TRACE::2026-07-26.18:57:04::SCWMssOS::s7_cortexa9_0/lib/xbram_selftest.o ps7_cortexa9_0/lib/xbram_sinit.o ps7_cortexa9_0/lib/xcoresightpsdcc.o ps7_cortexa9_0/lib/xde
TRACE::2026-07-26.18:57:04::SCWMssOS::vcfg.o ps7_cortexa9_0/lib/xdevcfg_g.o ps7_cortexa9_0/lib/xdevcfg_hw.o ps7_cortexa9_0/lib/xdevcfg_intr.o ps7_cortexa9_0/lib/xdev
TRACE::2026-07-26.18:57:04::SCWMssOS::cfg_selftest.o ps7_cortexa9_0/lib/xdevcfg_sinit.o ps7_cortexa9_0/lib/xdmaps.o ps7_cortexa9_0/lib/xdmaps_g.o ps7_cortexa9_0/lib/
TRACE::2026-07-26.18:57:04::SCWMssOS::xdmaps_hw.o ps7_cortexa9_0/lib/xdmaps_selftest.o ps7_cortexa9_0/lib/xdmaps_sinit.o ps7_cortexa9_0/lib/xgpiops.o ps7_cortexa9_0/
TRACE::2026-07-26.18:57:04::SCWMssOS::lib/xgpiops_g.o ps7_cortexa9_0/lib/xgpiops_hw.o ps7_cortexa9_0/lib/xgpiops_intr.o ps7_cortexa9_0/lib/xgpiops_selftest.o ps7_cor
TRACE::2026-07-26.18:57:04::SCWMssOS::texa9_0/lib/xgpiops_sinit.o ps7_cortexa9_0/lib/xil-crt0.o ps7_cortexa9_0/lib/xil_assert.o ps7_cortexa9_0/lib/xil_cache.o ps7_co
TRACE::2026-07-26.18:57:04::SCWMssOS::rtexa9_0/lib/xil_clocking.o ps7_cortexa9_0/lib/xil_exception.o ps7_cortexa9_0/lib/xil_mem.o ps7_cortexa9_0/lib/xil_misc_psreset
TRACE::2026-07-26.18:57:04::SCWMssOS::_api.o ps7_cortexa9_0/lib/xil_mmu.o ps7_cortexa9_0/lib/xil_printf.o ps7_cortexa9_0/lib/xil_sleepcommon.o ps7_cortexa9_0/lib/xil
TRACE::2026-07-26.18:57:04::SCWMssOS::_sleeptimer.o ps7_cortexa9_0/lib/xil_spinlock.o ps7_cortexa9_0/lib/xil_testcache.o ps7_cortexa9_0/lib/xil_testio.o ps7_cortexa9
TRACE::2026-07-26.18:57:04::SCWMssOS::_0/lib/xil_testmem.o ps7_cortexa9_0/lib/xil_util.o ps7_cortexa9_0/lib/xinterrupt_wrap.o ps7_cortexa9_0/lib/xl2cc_counter.o ps7_
TRACE::2026-07-26.18:57:04::SCWMssOS::cortexa9_0/lib/xplatform_info.o ps7_cortexa9_0/lib/xpm_counter.o ps7_cortexa9_0/lib/xqspips.o ps7_cortexa9_0/lib/xqspips_g.o ps
TRACE::2026-07-26.18:57:04::SCWMssOS::7_cortexa9_0/lib/xqspips_hw.o ps7_cortexa9_0/lib/xqspips_options.o ps7_cortexa9_0/lib/xqspips_selftest.o ps7_cortexa9_0/lib/xqs
TRACE::2026-07-26.18:57:04::SCWMssOS::pips_sinit.o ps7_cortexa9_0/lib/xscugic.o ps7_cortexa9_0/lib/xscugic_g.o ps7_cortexa9_0/lib/xscugic_hw.o ps7_cortexa9_0/lib/xsc
TRACE::2026-07-26.18:57:04::SCWMssOS::ugic_intr.o ps7_cortexa9_0/lib/xscugic_selftest.o ps7_cortexa9_0/lib/xscugic_sinit.o ps7_cortexa9_0/lib/xscutimer.o ps7_cortexa
TRACE::2026-07-26.18:57:04::SCWMssOS::9_0/lib/xscutimer_g.o ps7_cortexa9_0/lib/xscutimer_selftest.o ps7_cortexa9_0/lib/xscutimer_sinit.o ps7_cortexa9_0/lib/xscuwdt.o
TRACE::2026-07-26.18:57:04::SCWMssOS:: ps7_cortexa9_0/lib/xscuwdt_g.o ps7_cortexa9_0/lib/xscuwdt_selftest.o ps7_cortexa9_0/lib/xscuwdt_sinit.o ps7_cortexa9_0/lib/xsd
TRACE::2026-07-26.18:57:04::SCWMssOS::ps.o ps7_cortexa9_0/lib/xsdps_card.o ps7_cortexa9_0/lib/xsdps_g.o ps7_cortexa9_0/lib/xsdps_host.o ps7_cortexa9_0/lib/xsdps_opti
TRACE::2026-07-26.18:57:04::SCWMssOS::ons.o ps7_cortexa9_0/lib/xsdps_sinit.o ps7_cortexa9_0/lib/xspips.o ps7_cortexa9_0/lib/xspips_g.o ps7_cortexa9_0/lib/xspips_hw.o
TRACE::2026-07-26.18:57:04::SCWMssOS:: ps7_cortexa9_0/lib/xspips_options.o ps7_cortexa9_0/lib/xspips_selftest.o ps7_cortexa9_0/lib/xspips_sinit.o ps7_cortexa9_0/lib/
TRACE::2026-07-26.18:57:04::SCWMssOS::xtime_l.o ps7_cortexa9_0/lib/xuartps.o ps7_cortexa9_0/lib/xuartps_g.o ps7_cortexa9_0/lib/xuartps_hw.o ps7_cortexa9_0/lib/xuartp
TRACE::2026-07-26.18:57:04::SCWMssOS::s_intr.o ps7_cortexa9_0/lib/xuartps_options.o ps7_cortexa9_0/lib/xuartps_selftest.o ps7_cortexa9_0/lib/xuartps_sinit.o ps7_cort
TRACE::2026-07-26.18:57:04::SCWMssOS::exa9_0/lib/xusbps.o ps7_cortexa9_0/lib/xusbps_endpoint.o ps7_cortexa9_0/lib/xusbps_g.o ps7_cortexa9_0/lib/xusbps_hw.o ps7_corte
TRACE::2026-07-26.18:57:04::SCWMssOS::xa9_0/lib/xusbps_intr.o ps7_cortexa9_0/lib/xusbps_sinit.o

TRACE::2026-07-26.18:57:04::SCWMssOS::Finished building libraries

TRACE::2026-07-26.18:57:04::SCWMssOS::Copying to export directory.
TRACE::2026-07-26.18:57:04::SCWMssOS:: Checking if to create the Supporting Applications
TRACE::2026-07-26.18:57:04::SCWMssOS:: No Linux domain exists, trying to generate FSBL 
LOG::2026-07-26.18:57:04::SCWSystem::Completed Processing the domain standalone_domain
LOG::2026-07-26.18:57:04::SCWSystem::Completed Processing the sysconfig milestone2
LOG::2026-07-26.18:57:04::SCWPlatform::Completed generating the artifacts for system configuration milestone2
TRACE::2026-07-26.18:57:04::SCWPlatform::Started preparing the platform 
TRACE::2026-07-26.18:57:04::SCWSystem::Writing the bif file for system config milestone2
TRACE::2026-07-26.18:57:04::SCWSystem::dir created 
TRACE::2026-07-26.18:57:04::SCWSystem::Writing the bif 
TRACE::2026-07-26.18:57:04::SCWPlatform::Started writing the spfm file 
TRACE::2026-07-26.18:57:04::SCWPlatform::Started writing the xpfm file 
TRACE::2026-07-26.18:57:04::SCWPlatform::Completed generating the platform
TRACE::2026-07-26.18:57:04::SCWMssOS::Saving the mss changes /home/ran/Documents/uni/s10/asip_lab/vitis_ws/milestone2/zynq_fsbl/zynq_fsbl_bsp/system.mss
TRACE::2026-07-26.18:57:04::SCWMssOS::Found a swdesign opened with the mssfile.
TRACE::2026-07-26.18:57:04::SCWMssOS::Completed writemss as part of save.
TRACE::2026-07-26.18:57:04::SCWMssOS::Commit changes completed.
TRACE::2026-07-26.18:57:04::SCWMssOS::Saving the mss changes /home/ran/Documents/uni/s10/asip_lab/vitis_ws/milestone2/ps7_cortexa9_0/standalone_domain/bsp/system.mss
TRACE::2026-07-26.18:57:04::SCWMssOS::Found a swdesign opened with the mssfile.
TRACE::2026-07-26.18:57:04::SCWMssOS::Completed writemss as part of save.
TRACE::2026-07-26.18:57:04::SCWMssOS::Commit changes completed.
TRACE::2026-07-26.18:57:04::SCWPlatform::Trying to open the hw design at /home/ran/Documents/uni/s10/asip_lab/vitis_ws/milestone2/hw/design_1_wrapper.xsa
TRACE::2026-07-26.18:57:04::SCWPlatform::DSA given /home/ran/Documents/uni/s10/asip_lab/vitis_ws/milestone2/hw/design_1_wrapper.xsa
TRACE::2026-07-26.18:57:04::SCWPlatform::DSA absoulate path /home/ran/Documents/uni/s10/asip_lab/vitis_ws/milestone2/hw/design_1_wrapper.xsa
TRACE::2026-07-26.18:57:04::SCWPlatform::DSA directory /home/ran/Documents/uni/s10/asip_lab/vitis_ws/milestone2/hw
TRACE::2026-07-26.18:57:04::SCWPlatform:: Platform Path /home/ran/Documents/uni/s10/asip_lab/vitis_ws/milestone2/hw/design_1_wrapper.xsa
TRACE::2026-07-26.18:57:04::SCWPlatform:: Unique name xilinx:::0.0
TRACE::2026-07-26.18:57:04::SCWPlatform::Trying to set the existing hwdb with name design_1_wrapper_20
TRACE::2026-07-26.18:57:04::SCWPlatform::Opened existing hwdb design_1_wrapper_20
TRACE::2026-07-26.18:57:04::SCWPlatform::Found the Hw Db part of the input DSA
TRACE::2026-07-26.18:57:04::SCWMssOS::Checking the sw design at  /home/ran/Documents/uni/s10/asip_lab/vitis_ws/milestone2/zynq_fsbl/zynq_fsbl_bsp/system.mss
TRACE::2026-07-26.18:57:04::SCWMssOS::DEBUG:  swdes dump  /home/ran/Documents/uni/s10/asip_lab/vitis_ws/milestone2/ps7_cortexa9_0/standalone_domain/bsp/system.mss|system_0||
/home/ran/Documents/uni/s10/asip_lab/vitis_ws/milestone2/zynq_fsbl/zynq_fsbl_bsp/system.mss|system||

TRACE::2026-07-26.18:57:04::SCWMssOS::Sw design exists and opened at  /home/ran/Documents/uni/s10/asip_lab/vitis_ws/milestone2/zynq_fsbl/zynq_fsbl_bsp/system.mss
TRACE::2026-07-26.18:57:04::SCWPlatform::Trying to open the hw design at /home/ran/Documents/uni/s10/asip_lab/vitis_ws/milestone2/hw/design_1_wrapper.xsa
TRACE::2026-07-26.18:57:04::SCWPlatform::DSA given /home/ran/Documents/uni/s10/asip_lab/vitis_ws/milestone2/hw/design_1_wrapper.xsa
TRACE::2026-07-26.18:57:04::SCWPlatform::DSA absoulate path /home/ran/Documents/uni/s10/asip_lab/vitis_ws/milestone2/hw/design_1_wrapper.xsa
TRACE::2026-07-26.18:57:04::SCWPlatform::DSA directory /home/ran/Documents/uni/s10/asip_lab/vitis_ws/milestone2/hw
TRACE::2026-07-26.18:57:04::SCWPlatform:: Platform Path /home/ran/Documents/uni/s10/asip_lab/vitis_ws/milestone2/hw/design_1_wrapper.xsa
TRACE::2026-07-26.18:57:04::SCWPlatform:: Unique name xilinx:::0.0
TRACE::2026-07-26.18:57:04::SCWPlatform::Trying to set the existing hwdb with name design_1_wrapper_20
TRACE::2026-07-26.18:57:04::SCWPlatform::Opened existing hwdb design_1_wrapper_20
TRACE::2026-07-26.18:57:04::SCWPlatform::Found the Hw Db part of the input DSA
TRACE::2026-07-26.18:57:04::SCWMssOS::Checking the sw design at  /home/ran/Documents/uni/s10/asip_lab/vitis_ws/milestone2/ps7_cortexa9_0/standalone_domain/bsp/system.mss
TRACE::2026-07-26.18:57:04::SCWMssOS::DEBUG:  swdes dump  /home/ran/Documents/uni/s10/asip_lab/vitis_ws/milestone2/ps7_cortexa9_0/standalone_domain/bsp/system.mss|system_0||
/home/ran/Documents/uni/s10/asip_lab/vitis_ws/milestone2/zynq_fsbl/zynq_fsbl_bsp/system.mss|system||

TRACE::2026-07-26.18:57:04::SCWMssOS::Sw design exists and opened at  /home/ran/Documents/uni/s10/asip_lab/vitis_ws/milestone2/ps7_cortexa9_0/standalone_domain/bsp/system.mss
TRACE::2026-07-26.18:57:04::SCWWriter::formatted JSON is {
	"platformName":	"milestone2",
	"sprVersion":	"2.0",
	"mode":	"gui",
	"dsaType":	"Fixed",
	"platformDesc":	"milestone2",
	"platHandOff":	"/home/ran/Documents/uni/s10/asip_lab/final_project/design_1_wrapper.xsa",
	"platIntHandOff":	"<platformDir>/hw/design_1_wrapper.xsa",
	"deviceType":	"zynq",
	"platIsPrebuiltAutogen":	"false",
	"platIsNoBootBsp":	"false",
	"hasFsblMakeHasChanges":	"false",
	"hasPmufwMakeHasChanges":	"false",
	"fsblExtraCompilerFlags":	"-MMD -MP       -mcpu=cortex-a9 -mfpu=vfpv3 -mfloat-abi=hard ",
	"platPreBuiltFlag":	false,
	"platformSamplesDir":	"",
	"platActiveSys":	"milestone2",
	"systems":	[{
			"systemName":	"milestone2",
			"systemDesc":	"milestone2",
			"sysIsBootAutoGen":	"true",
			"systemDispName":	"milestone2",
			"sysActiveDom":	"standalone_domain",
			"sysDefaultDom":	"standalone_domain",
			"domains":	[{
					"domainName":	"zynq_fsbl",
					"domainDispName":	"zynq_fsbl",
					"domainDesc":	"FSBL Application BSP - Auto Generated.",
					"processors":	"ps7_cortexa9_0",
					"os":	"standalone",
					"sdxOs":	"standalone",
					"debugEnable":	"",
					"domRuntimes":	["cpp"],
					"swRepo":	"",
					"mssOsVer":	"8.0",
					"mssFile":	"",
					"md5Digest":	"5190a0a8ca228895166de3d006f5d4d11",
					"compatibleApp":	"zynq_fsbl",
					"domType":	"bootDomain",
					"arch":	"32-bit",
					"appSettings":	{
						"appCompilerFlags":	"",
						"appLinkerFlags":	""
					},
					"addedLibs":	["xilffs:4.8", "xilrsa:1.6"],
					"libOptions":	{
						"standalone":	{
							"stdin":	"ps7_coresight_comp_0",
							"stdout":	"ps7_coresight_comp_0",
							"libOptionNames":	["stdin", "stdout"]
						},
						"libsContainingOptions":	["standalone"]
					},
					"prebuiltLibs":	{
						"prebuiltIncPath":	[],
						"prebuiltLibPath":	[]
					},
					"isolation":	{
					}
				}, {
					"domainName":	"standalone_domain",
					"domainDispName":	"standalone on ps7_cortexa9_0",
					"domainDesc":	"standalone_domain",
					"processors":	"ps7_cortexa9_0",
					"os":	"standalone",
					"sdxOs":	"standalone",
					"qemuArgs":	"<platformDir>/resources/milestone2/standalone_domain/qemu_args.txt",
					"qemuData":	"<platformDir>/resources/milestone2/standalone_domain/qemu",
					"debugEnable":	"False",
					"domRuntimes":	["cpp"],
					"swRepo":	"",
					"mssOsVer":	"8.0",
					"mssFile":	"",
					"md5Digest":	"25886e0fbe9d4ff5df7468588603f3f0",
					"compatibleApp":	"",
					"domType":	"mssDomain",
					"appSettings":	{
						"appCompilerFlags":	"",
						"appLinkerFlags":	""
					},
					"addedLibs":	[],
					"libOptions":	{
						"standalone":	{
							"stdin":	"ps7_coresight_comp_0",
							"stdout":	"ps7_coresight_comp_0",
							"libOptionNames":	["stdin", "stdout"]
						},
						"libsContainingOptions":	["standalone"]
					},
					"prebuiltLibs":	{
						"prebuiltIncPath":	[],
						"prebuiltLibPath":	[]
					},
					"isolation":	{
					}
				}]
		}]
}
KEYINFO::2026-07-26.18:57:04::SCWPlatform::updated the xpfm file.
TRACE::2026-07-26.18:57:04::SCWPlatform::Trying to open the hw design at /home/ran/Documents/uni/s10/asip_lab/vitis_ws/milestone2/hw/design_1_wrapper.xsa
TRACE::2026-07-26.18:57:04::SCWPlatform::DSA given /home/ran/Documents/uni/s10/asip_lab/vitis_ws/milestone2/hw/design_1_wrapper.xsa
TRACE::2026-07-26.18:57:04::SCWPlatform::DSA absoulate path /home/ran/Documents/uni/s10/asip_lab/vitis_ws/milestone2/hw/design_1_wrapper.xsa
TRACE::2026-07-26.18:57:04::SCWPlatform::DSA directory /home/ran/Documents/uni/s10/asip_lab/vitis_ws/milestone2/hw
TRACE::2026-07-26.18:57:04::SCWPlatform:: Platform Path /home/ran/Documents/uni/s10/asip_lab/vitis_ws/milestone2/hw/design_1_wrapper.xsa
TRACE::2026-07-26.18:57:04::SCWPlatform:: Unique name xilinx:::0.0
TRACE::2026-07-26.18:57:04::SCWPlatform::Trying to set the existing hwdb with name design_1_wrapper_20
TRACE::2026-07-26.18:57:04::SCWPlatform::Opened existing hwdb design_1_wrapper_20
TRACE::2026-07-26.18:57:04::SCWPlatform::Found the Hw Db part of the input DSA
TRACE::2026-07-26.18:57:04::SCWMssOS::Checking the sw design at  /home/ran/Documents/uni/s10/asip_lab/vitis_ws/milestone2/ps7_cortexa9_0/standalone_domain/bsp/system.mss
TRACE::2026-07-26.18:57:04::SCWMssOS::DEBUG:  swdes dump  /home/ran/Documents/uni/s10/asip_lab/vitis_ws/milestone2/ps7_cortexa9_0/standalone_domain/bsp/system.mss|system_0||
/home/ran/Documents/uni/s10/asip_lab/vitis_ws/milestone2/zynq_fsbl/zynq_fsbl_bsp/system.mss|system||

TRACE::2026-07-26.18:57:04::SCWMssOS::Sw design exists and opened at  /home/ran/Documents/uni/s10/asip_lab/vitis_ws/milestone2/ps7_cortexa9_0/standalone_domain/bsp/system.mss
TRACE::2026-07-26.19:35:56::SCWPlatform::Clearing the existing platform
TRACE::2026-07-26.19:35:56::SCWSystem::Clearing the existing sysconfig
TRACE::2026-07-26.19:35:56::SCWBDomain::clearing the fsbl build
TRACE::2026-07-26.19:35:56::SCWMssOS::Removing the swdes entry for  /home/ran/Documents/uni/s10/asip_lab/vitis_ws/milestone2/zynq_fsbl/zynq_fsbl_bsp/system.mss
TRACE::2026-07-26.19:35:56::SCWMssOS::Removing the swdes entry for  /home/ran/Documents/uni/s10/asip_lab/vitis_ws/milestone2/ps7_cortexa9_0/standalone_domain/bsp/system.mss
TRACE::2026-07-26.19:35:56::SCWSystem::Clearing the domains completed.
TRACE::2026-07-26.19:35:56::SCWPlatform::Clearing the opened hw db.
TRACE::2026-07-26.19:35:56::SCWPlatform::DSA given /home/ran/Documents/uni/s10/asip_lab/vitis_ws/milestone2/hw/design_1_wrapper.xsa
TRACE::2026-07-26.19:35:56::SCWPlatform::DSA absoulate path /home/ran/Documents/uni/s10/asip_lab/vitis_ws/milestone2/hw/design_1_wrapper.xsa
TRACE::2026-07-26.19:35:56::SCWPlatform:: Platform location is /home/ran/Documents/uni/s10/asip_lab/vitis_ws/milestone2/hw
TRACE::2026-07-26.19:35:56::SCWPlatform:: Platform Path /home/ran/Documents/uni/s10/asip_lab/vitis_ws/milestone2/hw/design_1_wrapper.xsa
TRACE::2026-07-26.19:35:56::SCWPlatform:: Unique name xilinx:::0.0
TRACE::2026-07-26.19:35:56::SCWPlatform::Removing the HwDB with name /home/ran/Documents/uni/s10/asip_lab/vitis_ws/milestone2/hw/design_1_wrapper.xsa
TRACE::2026-07-26.19:35:56::SCWPlatform::Trying to open the hw design at /home/ran/Documents/uni/s10/asip_lab/vitis_ws/milestone2/hw/design_1_wrapper.xsa
TRACE::2026-07-26.19:35:56::SCWPlatform::DSA given /home/ran/Documents/uni/s10/asip_lab/vitis_ws/milestone2/hw/design_1_wrapper.xsa
TRACE::2026-07-26.19:35:56::SCWPlatform::DSA absoulate path /home/ran/Documents/uni/s10/asip_lab/vitis_ws/milestone2/hw/design_1_wrapper.xsa
TRACE::2026-07-26.19:35:56::SCWPlatform::DSA directory /home/ran/Documents/uni/s10/asip_lab/vitis_ws/milestone2/hw
TRACE::2026-07-26.19:35:56::SCWPlatform:: Platform Path /home/ran/Documents/uni/s10/asip_lab/vitis_ws/milestone2/hw/design_1_wrapper.xsa
TRACE::2026-07-26.19:35:56::SCWPlatform:: Unique name xilinx:::0.0
TRACE::2026-07-26.19:35:56::SCWPlatform::Do not have an existing db opened. 
TRACE::2026-07-26.19:35:57::SCWPlatform::Opened new HwDB with name design_1_wrapper_23
TRACE::2026-07-26.19:35:57::SCWReader::Active system found as  milestone2
TRACE::2026-07-26.19:35:57::SCWReader::Handling sysconfig milestone2
TRACE::2026-07-26.19:35:57::SCWDomain::checking for install qemu data   : 
TRACE::2026-07-26.19:35:57::SCWDomain:: Using the QEMU Data from install at  : /home/ran/bin/Xilinx/Vitis/2022.2/data/emulation/platforms/zynq/sw/a9_standalone/qemu/
TRACE::2026-07-26.19:35:57::SCWDomain:: Using the QEMU args  from install at  : /home/ran/bin/Xilinx/Vitis/2022.2/data/emulation/platforms/zynq/sw/a9_standalone/qemu/qemu_args.txt
TRACE::2026-07-26.19:35:57::SCWPlatform::Trying to open the hw design at /home/ran/Documents/uni/s10/asip_lab/vitis_ws/milestone2/hw/design_1_wrapper.xsa
TRACE::2026-07-26.19:35:57::SCWPlatform::DSA given /home/ran/Documents/uni/s10/asip_lab/vitis_ws/milestone2/hw/design_1_wrapper.xsa
TRACE::2026-07-26.19:35:57::SCWPlatform::DSA absoulate path /home/ran/Documents/uni/s10/asip_lab/vitis_ws/milestone2/hw/design_1_wrapper.xsa
TRACE::2026-07-26.19:35:57::SCWPlatform::DSA directory /home/ran/Documents/uni/s10/asip_lab/vitis_ws/milestone2/hw
TRACE::2026-07-26.19:35:57::SCWPlatform:: Platform Path /home/ran/Documents/uni/s10/asip_lab/vitis_ws/milestone2/hw/design_1_wrapper.xsa
TRACE::2026-07-26.19:35:57::SCWPlatform:: Unique name xilinx:::0.0
TRACE::2026-07-26.19:35:57::SCWPlatform::Trying to set the existing hwdb with name design_1_wrapper_23
TRACE::2026-07-26.19:35:57::SCWPlatform::Opened existing hwdb design_1_wrapper_23
TRACE::2026-07-26.19:35:57::SCWPlatform::Found the Hw Db part of the input DSA
TRACE::2026-07-26.19:35:57::SCWPlatform::Trying to open the hw design at /home/ran/Documents/uni/s10/asip_lab/vitis_ws/milestone2/hw/design_1_wrapper.xsa
TRACE::2026-07-26.19:35:57::SCWPlatform::DSA given /home/ran/Documents/uni/s10/asip_lab/vitis_ws/milestone2/hw/design_1_wrapper.xsa
TRACE::2026-07-26.19:35:57::SCWPlatform::DSA absoulate path /home/ran/Documents/uni/s10/asip_lab/vitis_ws/milestone2/hw/design_1_wrapper.xsa
TRACE::2026-07-26.19:35:57::SCWPlatform::DSA directory /home/ran/Documents/uni/s10/asip_lab/vitis_ws/milestone2/hw
TRACE::2026-07-26.19:35:57::SCWPlatform:: Platform Path /home/ran/Documents/uni/s10/asip_lab/vitis_ws/milestone2/hw/design_1_wrapper.xsa
TRACE::2026-07-26.19:35:57::SCWPlatform:: Unique name xilinx:::0.0
TRACE::2026-07-26.19:35:57::SCWPlatform::Trying to set the existing hwdb with name design_1_wrapper_23
TRACE::2026-07-26.19:35:57::SCWPlatform::Opened existing hwdb design_1_wrapper_23
TRACE::2026-07-26.19:35:57::SCWPlatform::Found the Hw Db part of the input DSA
TRACE::2026-07-26.19:35:57::SCWPlatform::Trying to open the hw design at /home/ran/Documents/uni/s10/asip_lab/vitis_ws/milestone2/hw/design_1_wrapper.xsa
TRACE::2026-07-26.19:35:57::SCWPlatform::DSA given /home/ran/Documents/uni/s10/asip_lab/vitis_ws/milestone2/hw/design_1_wrapper.xsa
TRACE::2026-07-26.19:35:57::SCWPlatform::DSA absoulate path /home/ran/Documents/uni/s10/asip_lab/vitis_ws/milestone2/hw/design_1_wrapper.xsa
TRACE::2026-07-26.19:35:57::SCWPlatform::DSA directory /home/ran/Documents/uni/s10/asip_lab/vitis_ws/milestone2/hw
TRACE::2026-07-26.19:35:57::SCWPlatform:: Platform Path /home/ran/Documents/uni/s10/asip_lab/vitis_ws/milestone2/hw/design_1_wrapper.xsa
TRACE::2026-07-26.19:35:57::SCWPlatform:: Unique name xilinx:::0.0
TRACE::2026-07-26.19:35:57::SCWPlatform::Trying to set the existing hwdb with name design_1_wrapper_23
TRACE::2026-07-26.19:35:57::SCWPlatform::Opened existing hwdb design_1_wrapper_23
TRACE::2026-07-26.19:35:57::SCWPlatform::Found the Hw Db part of the input DSA
TRACE::2026-07-26.19:35:57::SCWReader::Boot application domain added for zynq_fsbl
TRACE::2026-07-26.19:35:57::SCWPlatform::Trying to open the hw design at /home/ran/Documents/uni/s10/asip_lab/vitis_ws/milestone2/hw/design_1_wrapper.xsa
TRACE::2026-07-26.19:35:57::SCWPlatform::DSA given /home/ran/Documents/uni/s10/asip_lab/vitis_ws/milestone2/hw/design_1_wrapper.xsa
TRACE::2026-07-26.19:35:57::SCWPlatform::DSA absoulate path /home/ran/Documents/uni/s10/asip_lab/vitis_ws/milestone2/hw/design_1_wrapper.xsa
TRACE::2026-07-26.19:35:57::SCWPlatform::DSA directory /home/ran/Documents/uni/s10/asip_lab/vitis_ws/milestone2/hw
TRACE::2026-07-26.19:35:57::SCWPlatform:: Platform Path /home/ran/Documents/uni/s10/asip_lab/vitis_ws/milestone2/hw/design_1_wrapper.xsa
TRACE::2026-07-26.19:35:57::SCWPlatform:: Unique name xilinx:::0.0
TRACE::2026-07-26.19:35:57::SCWPlatform::Trying to set the existing hwdb with name design_1_wrapper_23
TRACE::2026-07-26.19:35:57::SCWPlatform::Opened existing hwdb design_1_wrapper_23
TRACE::2026-07-26.19:35:57::SCWPlatform::Found the Hw Db part of the input DSA
TRACE::2026-07-26.19:35:57::SCWMssOS::Checking the sw design at  /home/ran/Documents/uni/s10/asip_lab/vitis_ws/milestone2/zynq_fsbl/zynq_fsbl_bsp/system.mss
TRACE::2026-07-26.19:35:57::SCWMssOS::DEBUG:  swdes dump  
TRACE::2026-07-26.19:35:57::SCWMssOS::No sw design opened at  /home/ran/Documents/uni/s10/asip_lab/vitis_ws/milestone2/zynq_fsbl/zynq_fsbl_bsp/system.mss
TRACE::2026-07-26.19:35:57::SCWMssOS::mss exists loading the mss file  /home/ran/Documents/uni/s10/asip_lab/vitis_ws/milestone2/zynq_fsbl/zynq_fsbl_bsp/system.mss
TRACE::2026-07-26.19:35:57::SCWMssOS::Opened the sw design from mss  /home/ran/Documents/uni/s10/asip_lab/vitis_ws/milestone2/zynq_fsbl/zynq_fsbl_bsp/system.mss
TRACE::2026-07-26.19:35:57::SCWMssOS::Adding the swdes entry /home/ran/Documents/uni/s10/asip_lab/vitis_ws/milestone2/zynq_fsbl/zynq_fsbl_bsp/system.mss with des name system
TRACE::2026-07-26.19:35:57::SCWMssOS::updating the scw layer about changes
TRACE::2026-07-26.19:35:57::SCWMssOS::Opened the sw design.  /home/ran/Documents/uni/s10/asip_lab/vitis_ws/milestone2/zynq_fsbl/zynq_fsbl_bsp/system.mss
TRACE::2026-07-26.19:35:57::SCWPlatform::Trying to open the hw design at /home/ran/Documents/uni/s10/asip_lab/vitis_ws/milestone2/hw/design_1_wrapper.xsa
TRACE::2026-07-26.19:35:57::SCWPlatform::DSA given /home/ran/Documents/uni/s10/asip_lab/vitis_ws/milestone2/hw/design_1_wrapper.xsa
TRACE::2026-07-26.19:35:57::SCWPlatform::DSA absoulate path /home/ran/Documents/uni/s10/asip_lab/vitis_ws/milestone2/hw/design_1_wrapper.xsa
TRACE::2026-07-26.19:35:57::SCWPlatform::DSA directory /home/ran/Documents/uni/s10/asip_lab/vitis_ws/milestone2/hw
TRACE::2026-07-26.19:35:57::SCWPlatform:: Platform Path /home/ran/Documents/uni/s10/asip_lab/vitis_ws/milestone2/hw/design_1_wrapper.xsa
TRACE::2026-07-26.19:35:57::SCWPlatform:: Unique name xilinx:::0.0
TRACE::2026-07-26.19:35:57::SCWPlatform::Trying to set the existing hwdb with name design_1_wrapper_23
TRACE::2026-07-26.19:35:57::SCWPlatform::Opened existing hwdb design_1_wrapper_23
TRACE::2026-07-26.19:35:57::SCWPlatform::Found the Hw Db part of the input DSA
TRACE::2026-07-26.19:35:57::SCWMssOS::Checking the sw design at  /home/ran/Documents/uni/s10/asip_lab/vitis_ws/milestone2/zynq_fsbl/zynq_fsbl_bsp/system.mss
TRACE::2026-07-26.19:35:57::SCWMssOS::DEBUG:  swdes dump  /home/ran/Documents/uni/s10/asip_lab/vitis_ws/milestone2/zynq_fsbl/zynq_fsbl_bsp/system.mss|system||

TRACE::2026-07-26.19:35:57::SCWMssOS::Sw design exists and opened at  /home/ran/Documents/uni/s10/asip_lab/vitis_ws/milestone2/zynq_fsbl/zynq_fsbl_bsp/system.mss
TRACE::2026-07-26.19:35:57::SCWMssOS:: library already available in sw design:  xilffs:4.8
TRACE::2026-07-26.19:35:57::SCWPlatform::Trying to open the hw design at /home/ran/Documents/uni/s10/asip_lab/vitis_ws/milestone2/hw/design_1_wrapper.xsa
TRACE::2026-07-26.19:35:57::SCWPlatform::DSA given /home/ran/Documents/uni/s10/asip_lab/vitis_ws/milestone2/hw/design_1_wrapper.xsa
TRACE::2026-07-26.19:35:57::SCWPlatform::DSA absoulate path /home/ran/Documents/uni/s10/asip_lab/vitis_ws/milestone2/hw/design_1_wrapper.xsa
TRACE::2026-07-26.19:35:57::SCWPlatform::DSA directory /home/ran/Documents/uni/s10/asip_lab/vitis_ws/milestone2/hw
TRACE::2026-07-26.19:35:57::SCWPlatform:: Platform Path /home/ran/Documents/uni/s10/asip_lab/vitis_ws/milestone2/hw/design_1_wrapper.xsa
TRACE::2026-07-26.19:35:57::SCWPlatform:: Unique name xilinx:::0.0
TRACE::2026-07-26.19:35:57::SCWPlatform::Trying to set the existing hwdb with name design_1_wrapper_23
TRACE::2026-07-26.19:35:57::SCWPlatform::Opened existing hwdb design_1_wrapper_23
TRACE::2026-07-26.19:35:57::SCWPlatform::Found the Hw Db part of the input DSA
TRACE::2026-07-26.19:35:57::SCWMssOS::Checking the sw design at  /home/ran/Documents/uni/s10/asip_lab/vitis_ws/milestone2/zynq_fsbl/zynq_fsbl_bsp/system.mss
TRACE::2026-07-26.19:35:57::SCWMssOS::DEBUG:  swdes dump  /home/ran/Documents/uni/s10/asip_lab/vitis_ws/milestone2/zynq_fsbl/zynq_fsbl_bsp/system.mss|system||

TRACE::2026-07-26.19:35:57::SCWMssOS::Sw design exists and opened at  /home/ran/Documents/uni/s10/asip_lab/vitis_ws/milestone2/zynq_fsbl/zynq_fsbl_bsp/system.mss
TRACE::2026-07-26.19:35:57::SCWMssOS:: library already available in sw design:  xilrsa:1.6
TRACE::2026-07-26.19:35:57::SCWPlatform::Trying to open the hw design at /home/ran/Documents/uni/s10/asip_lab/vitis_ws/milestone2/hw/design_1_wrapper.xsa
TRACE::2026-07-26.19:35:57::SCWPlatform::DSA given /home/ran/Documents/uni/s10/asip_lab/vitis_ws/milestone2/hw/design_1_wrapper.xsa
TRACE::2026-07-26.19:35:57::SCWPlatform::DSA absoulate path /home/ran/Documents/uni/s10/asip_lab/vitis_ws/milestone2/hw/design_1_wrapper.xsa
TRACE::2026-07-26.19:35:57::SCWPlatform::DSA directory /home/ran/Documents/uni/s10/asip_lab/vitis_ws/milestone2/hw
TRACE::2026-07-26.19:35:57::SCWPlatform:: Platform Path /home/ran/Documents/uni/s10/asip_lab/vitis_ws/milestone2/hw/design_1_wrapper.xsa
TRACE::2026-07-26.19:35:57::SCWPlatform:: Unique name xilinx:::0.0
TRACE::2026-07-26.19:35:57::SCWPlatform::Trying to set the existing hwdb with name design_1_wrapper_23
TRACE::2026-07-26.19:35:57::SCWPlatform::Opened existing hwdb design_1_wrapper_23
TRACE::2026-07-26.19:35:57::SCWPlatform::Found the Hw Db part of the input DSA
TRACE::2026-07-26.19:35:57::SCWMssOS::Checking the sw design at  /home/ran/Documents/uni/s10/asip_lab/vitis_ws/milestone2/zynq_fsbl/zynq_fsbl_bsp/system.mss
TRACE::2026-07-26.19:35:57::SCWMssOS::DEBUG:  swdes dump  /home/ran/Documents/uni/s10/asip_lab/vitis_ws/milestone2/zynq_fsbl/zynq_fsbl_bsp/system.mss|system||

TRACE::2026-07-26.19:35:57::SCWMssOS::Sw design exists and opened at  /home/ran/Documents/uni/s10/asip_lab/vitis_ws/milestone2/zynq_fsbl/zynq_fsbl_bsp/system.mss
TRACE::2026-07-26.19:35:57::SCWPlatform::Trying to open the hw design at /home/ran/Documents/uni/s10/asip_lab/vitis_ws/milestone2/hw/design_1_wrapper.xsa
TRACE::2026-07-26.19:35:57::SCWPlatform::DSA given /home/ran/Documents/uni/s10/asip_lab/vitis_ws/milestone2/hw/design_1_wrapper.xsa
TRACE::2026-07-26.19:35:57::SCWPlatform::DSA absoulate path /home/ran/Documents/uni/s10/asip_lab/vitis_ws/milestone2/hw/design_1_wrapper.xsa
TRACE::2026-07-26.19:35:57::SCWPlatform::DSA directory /home/ran/Documents/uni/s10/asip_lab/vitis_ws/milestone2/hw
TRACE::2026-07-26.19:35:57::SCWPlatform:: Platform Path /home/ran/Documents/uni/s10/asip_lab/vitis_ws/milestone2/hw/design_1_wrapper.xsa
TRACE::2026-07-26.19:35:57::SCWPlatform:: Unique name xilinx:::0.0
TRACE::2026-07-26.19:35:57::SCWPlatform::Trying to set the existing hwdb with name design_1_wrapper_23
TRACE::2026-07-26.19:35:57::SCWPlatform::Opened existing hwdb design_1_wrapper_23
TRACE::2026-07-26.19:35:57::SCWPlatform::Found the Hw Db part of the input DSA
TRACE::2026-07-26.19:35:57::SCWMssOS::Checking the sw design at  /home/ran/Documents/uni/s10/asip_lab/vitis_ws/milestone2/zynq_fsbl/zynq_fsbl_bsp/system.mss
TRACE::2026-07-26.19:35:57::SCWMssOS::DEBUG:  swdes dump  /home/ran/Documents/uni/s10/asip_lab/vitis_ws/milestone2/zynq_fsbl/zynq_fsbl_bsp/system.mss|system||

TRACE::2026-07-26.19:35:57::SCWMssOS::Sw design exists and opened at  /home/ran/Documents/uni/s10/asip_lab/vitis_ws/milestone2/zynq_fsbl/zynq_fsbl_bsp/system.mss
TRACE::2026-07-26.19:35:57::SCWPlatform::Trying to open the hw design at /home/ran/Documents/uni/s10/asip_lab/vitis_ws/milestone2/hw/design_1_wrapper.xsa
TRACE::2026-07-26.19:35:57::SCWPlatform::DSA given /home/ran/Documents/uni/s10/asip_lab/vitis_ws/milestone2/hw/design_1_wrapper.xsa
TRACE::2026-07-26.19:35:57::SCWPlatform::DSA absoulate path /home/ran/Documents/uni/s10/asip_lab/vitis_ws/milestone2/hw/design_1_wrapper.xsa
TRACE::2026-07-26.19:35:57::SCWPlatform::DSA directory /home/ran/Documents/uni/s10/asip_lab/vitis_ws/milestone2/hw
TRACE::2026-07-26.19:35:57::SCWPlatform:: Platform Path /home/ran/Documents/uni/s10/asip_lab/vitis_ws/milestone2/hw/design_1_wrapper.xsa
TRACE::2026-07-26.19:35:57::SCWPlatform:: Unique name xilinx:::0.0
TRACE::2026-07-26.19:35:57::SCWPlatform::Trying to set the existing hwdb with name design_1_wrapper_23
TRACE::2026-07-26.19:35:57::SCWPlatform::Opened existing hwdb design_1_wrapper_23
TRACE::2026-07-26.19:35:57::SCWPlatform::Found the Hw Db part of the input DSA
TRACE::2026-07-26.19:35:57::SCWMssOS::Checking the sw design at  /home/ran/Documents/uni/s10/asip_lab/vitis_ws/milestone2/zynq_fsbl/zynq_fsbl_bsp/system.mss
TRACE::2026-07-26.19:35:57::SCWMssOS::DEBUG:  swdes dump  /home/ran/Documents/uni/s10/asip_lab/vitis_ws/milestone2/zynq_fsbl/zynq_fsbl_bsp/system.mss|system||

TRACE::2026-07-26.19:35:57::SCWMssOS::Sw design exists and opened at  /home/ran/Documents/uni/s10/asip_lab/vitis_ws/milestone2/zynq_fsbl/zynq_fsbl_bsp/system.mss
TRACE::2026-07-26.19:35:57::SCWPlatform::Trying to open the hw design at /home/ran/Documents/uni/s10/asip_lab/vitis_ws/milestone2/hw/design_1_wrapper.xsa
TRACE::2026-07-26.19:35:57::SCWPlatform::DSA given /home/ran/Documents/uni/s10/asip_lab/vitis_ws/milestone2/hw/design_1_wrapper.xsa
TRACE::2026-07-26.19:35:57::SCWPlatform::DSA absoulate path /home/ran/Documents/uni/s10/asip_lab/vitis_ws/milestone2/hw/design_1_wrapper.xsa
TRACE::2026-07-26.19:35:57::SCWPlatform::DSA directory /home/ran/Documents/uni/s10/asip_lab/vitis_ws/milestone2/hw
TRACE::2026-07-26.19:35:57::SCWPlatform:: Platform Path /home/ran/Documents/uni/s10/asip_lab/vitis_ws/milestone2/hw/design_1_wrapper.xsa
TRACE::2026-07-26.19:35:57::SCWPlatform:: Unique name xilinx:::0.0
TRACE::2026-07-26.19:35:57::SCWPlatform::Trying to set the existing hwdb with name design_1_wrapper_23
TRACE::2026-07-26.19:35:57::SCWPlatform::Opened existing hwdb design_1_wrapper_23
TRACE::2026-07-26.19:35:57::SCWPlatform::Found the Hw Db part of the input DSA
TRACE::2026-07-26.19:35:57::SCWMssOS::Checking the sw design at  /home/ran/Documents/uni/s10/asip_lab/vitis_ws/milestone2/zynq_fsbl/zynq_fsbl_bsp/system.mss
TRACE::2026-07-26.19:35:57::SCWMssOS::DEBUG:  swdes dump  /home/ran/Documents/uni/s10/asip_lab/vitis_ws/milestone2/zynq_fsbl/zynq_fsbl_bsp/system.mss|system||

TRACE::2026-07-26.19:35:57::SCWMssOS::Sw design exists and opened at  /home/ran/Documents/uni/s10/asip_lab/vitis_ws/milestone2/zynq_fsbl/zynq_fsbl_bsp/system.mss
TRACE::2026-07-26.19:35:57::SCWMssOS::Saving the mss changes /home/ran/Documents/uni/s10/asip_lab/vitis_ws/milestone2/zynq_fsbl/zynq_fsbl_bsp/system.mss
TRACE::2026-07-26.19:35:57::SCWMssOS::Found a swdesign opened with the mssfile.
TRACE::2026-07-26.19:35:57::SCWMssOS::Completed writemss as part of save.
TRACE::2026-07-26.19:35:57::SCWMssOS::Commit changes completed.
TRACE::2026-07-26.19:35:57::SCWReader::Adding prebuilt librarypaths as   
TRACE::2026-07-26.19:35:57::SCWReader::Adding prebuilt incpaths  as   
TRACE::2026-07-26.19:35:57::SCWPlatform::Trying to open the hw design at /home/ran/Documents/uni/s10/asip_lab/vitis_ws/milestone2/hw/design_1_wrapper.xsa
TRACE::2026-07-26.19:35:57::SCWPlatform::DSA given /home/ran/Documents/uni/s10/asip_lab/vitis_ws/milestone2/hw/design_1_wrapper.xsa
TRACE::2026-07-26.19:35:57::SCWPlatform::DSA absoulate path /home/ran/Documents/uni/s10/asip_lab/vitis_ws/milestone2/hw/design_1_wrapper.xsa
TRACE::2026-07-26.19:35:57::SCWPlatform::DSA directory /home/ran/Documents/uni/s10/asip_lab/vitis_ws/milestone2/hw
TRACE::2026-07-26.19:35:57::SCWPlatform:: Platform Path /home/ran/Documents/uni/s10/asip_lab/vitis_ws/milestone2/hw/design_1_wrapper.xsa
TRACE::2026-07-26.19:35:57::SCWPlatform:: Unique name xilinx:::0.0
TRACE::2026-07-26.19:35:57::SCWPlatform::Trying to set the existing hwdb with name design_1_wrapper_23
TRACE::2026-07-26.19:35:57::SCWPlatform::Opened existing hwdb design_1_wrapper_23
TRACE::2026-07-26.19:35:57::SCWPlatform::Found the Hw Db part of the input DSA
TRACE::2026-07-26.19:35:57::SCWMssOS::Checking the sw design at  /home/ran/Documents/uni/s10/asip_lab/vitis_ws/milestone2/zynq_fsbl/zynq_fsbl_bsp/system.mss
TRACE::2026-07-26.19:35:57::SCWMssOS::DEBUG:  swdes dump  /home/ran/Documents/uni/s10/asip_lab/vitis_ws/milestone2/zynq_fsbl/zynq_fsbl_bsp/system.mss|system||

TRACE::2026-07-26.19:35:57::SCWMssOS::Sw design exists and opened at  /home/ran/Documents/uni/s10/asip_lab/vitis_ws/milestone2/zynq_fsbl/zynq_fsbl_bsp/system.mss
TRACE::2026-07-26.19:35:57::SCWReader::No isolation master present  
TRACE::2026-07-26.19:35:57::SCWDomain::checking for install qemu data   : 
TRACE::2026-07-26.19:35:57::SCWDomain:: Using the QEMU Data from install at  : /home/ran/bin/Xilinx/Vitis/2022.2/data/emulation/platforms/zynq/sw/a9_standalone/qemu/
TRACE::2026-07-26.19:35:57::SCWDomain:: Using the QEMU args  from install at  : /home/ran/bin/Xilinx/Vitis/2022.2/data/emulation/platforms/zynq/sw/a9_standalone/qemu/qemu_args.txt
TRACE::2026-07-26.19:35:57::SCWPlatform::Trying to open the hw design at /home/ran/Documents/uni/s10/asip_lab/vitis_ws/milestone2/hw/design_1_wrapper.xsa
TRACE::2026-07-26.19:35:57::SCWPlatform::DSA given /home/ran/Documents/uni/s10/asip_lab/vitis_ws/milestone2/hw/design_1_wrapper.xsa
TRACE::2026-07-26.19:35:57::SCWPlatform::DSA absoulate path /home/ran/Documents/uni/s10/asip_lab/vitis_ws/milestone2/hw/design_1_wrapper.xsa
TRACE::2026-07-26.19:35:57::SCWPlatform::DSA directory /home/ran/Documents/uni/s10/asip_lab/vitis_ws/milestone2/hw
TRACE::2026-07-26.19:35:57::SCWPlatform:: Platform Path /home/ran/Documents/uni/s10/asip_lab/vitis_ws/milestone2/hw/design_1_wrapper.xsa
TRACE::2026-07-26.19:35:57::SCWPlatform:: Unique name xilinx:::0.0
TRACE::2026-07-26.19:35:57::SCWPlatform::Trying to set the existing hwdb with name design_1_wrapper_23
TRACE::2026-07-26.19:35:57::SCWPlatform::Opened existing hwdb design_1_wrapper_23
TRACE::2026-07-26.19:35:57::SCWPlatform::Found the Hw Db part of the input DSA
TRACE::2026-07-26.19:35:57::SCWPlatform::Trying to open the hw design at /home/ran/Documents/uni/s10/asip_lab/vitis_ws/milestone2/hw/design_1_wrapper.xsa
TRACE::2026-07-26.19:35:57::SCWPlatform::DSA given /home/ran/Documents/uni/s10/asip_lab/vitis_ws/milestone2/hw/design_1_wrapper.xsa
TRACE::2026-07-26.19:35:57::SCWPlatform::DSA absoulate path /home/ran/Documents/uni/s10/asip_lab/vitis_ws/milestone2/hw/design_1_wrapper.xsa
TRACE::2026-07-26.19:35:57::SCWPlatform::DSA directory /home/ran/Documents/uni/s10/asip_lab/vitis_ws/milestone2/hw
TRACE::2026-07-26.19:35:57::SCWPlatform:: Platform Path /home/ran/Documents/uni/s10/asip_lab/vitis_ws/milestone2/hw/design_1_wrapper.xsa
TRACE::2026-07-26.19:35:57::SCWPlatform:: Unique name xilinx:::0.0
TRACE::2026-07-26.19:35:57::SCWPlatform::Trying to set the existing hwdb with name design_1_wrapper_23
TRACE::2026-07-26.19:35:57::SCWPlatform::Opened existing hwdb design_1_wrapper_23
TRACE::2026-07-26.19:35:57::SCWPlatform::Found the Hw Db part of the input DSA
TRACE::2026-07-26.19:35:57::SCWPlatform::Trying to open the hw design at /home/ran/Documents/uni/s10/asip_lab/vitis_ws/milestone2/hw/design_1_wrapper.xsa
TRACE::2026-07-26.19:35:57::SCWPlatform::DSA given /home/ran/Documents/uni/s10/asip_lab/vitis_ws/milestone2/hw/design_1_wrapper.xsa
TRACE::2026-07-26.19:35:57::SCWPlatform::DSA absoulate path /home/ran/Documents/uni/s10/asip_lab/vitis_ws/milestone2/hw/design_1_wrapper.xsa
TRACE::2026-07-26.19:35:57::SCWPlatform::DSA directory /home/ran/Documents/uni/s10/asip_lab/vitis_ws/milestone2/hw
TRACE::2026-07-26.19:35:57::SCWPlatform:: Platform Path /home/ran/Documents/uni/s10/asip_lab/vitis_ws/milestone2/hw/design_1_wrapper.xsa
TRACE::2026-07-26.19:35:57::SCWPlatform:: Unique name xilinx:::0.0
TRACE::2026-07-26.19:35:57::SCWPlatform::Trying to set the existing hwdb with name design_1_wrapper_23
TRACE::2026-07-26.19:35:57::SCWPlatform::Opened existing hwdb design_1_wrapper_23
TRACE::2026-07-26.19:35:57::SCWPlatform::Found the Hw Db part of the input DSA
TRACE::2026-07-26.19:35:57::SCWMssOS::Checking the sw design at  /home/ran/Documents/uni/s10/asip_lab/vitis_ws/milestone2/ps7_cortexa9_0/standalone_domain/bsp/system.mss
TRACE::2026-07-26.19:35:57::SCWMssOS::DEBUG:  swdes dump  /home/ran/Documents/uni/s10/asip_lab/vitis_ws/milestone2/zynq_fsbl/zynq_fsbl_bsp/system.mss|system||

TRACE::2026-07-26.19:35:57::SCWMssOS::No sw design opened at  /home/ran/Documents/uni/s10/asip_lab/vitis_ws/milestone2/ps7_cortexa9_0/standalone_domain/bsp/system.mss
TRACE::2026-07-26.19:35:57::SCWMssOS::mss exists loading the mss file  /home/ran/Documents/uni/s10/asip_lab/vitis_ws/milestone2/ps7_cortexa9_0/standalone_domain/bsp/system.mss
TRACE::2026-07-26.19:35:57::SCWMssOS::Opened the sw design from mss  /home/ran/Documents/uni/s10/asip_lab/vitis_ws/milestone2/ps7_cortexa9_0/standalone_domain/bsp/system.mss
TRACE::2026-07-26.19:35:57::SCWMssOS::Adding the swdes entry /home/ran/Documents/uni/s10/asip_lab/vitis_ws/milestone2/ps7_cortexa9_0/standalone_domain/bsp/system.mss with des name system_0
TRACE::2026-07-26.19:35:57::SCWMssOS::updating the scw layer about changes
TRACE::2026-07-26.19:35:57::SCWMssOS::Opened the sw design.  /home/ran/Documents/uni/s10/asip_lab/vitis_ws/milestone2/ps7_cortexa9_0/standalone_domain/bsp/system.mss
TRACE::2026-07-26.19:35:57::SCWPlatform::Trying to open the hw design at /home/ran/Documents/uni/s10/asip_lab/vitis_ws/milestone2/hw/design_1_wrapper.xsa
TRACE::2026-07-26.19:35:57::SCWPlatform::DSA given /home/ran/Documents/uni/s10/asip_lab/vitis_ws/milestone2/hw/design_1_wrapper.xsa
TRACE::2026-07-26.19:35:57::SCWPlatform::DSA absoulate path /home/ran/Documents/uni/s10/asip_lab/vitis_ws/milestone2/hw/design_1_wrapper.xsa
TRACE::2026-07-26.19:35:57::SCWPlatform::DSA directory /home/ran/Documents/uni/s10/asip_lab/vitis_ws/milestone2/hw
TRACE::2026-07-26.19:35:57::SCWPlatform:: Platform Path /home/ran/Documents/uni/s10/asip_lab/vitis_ws/milestone2/hw/design_1_wrapper.xsa
TRACE::2026-07-26.19:35:57::SCWPlatform:: Unique name xilinx:::0.0
TRACE::2026-07-26.19:35:57::SCWPlatform::Trying to set the existing hwdb with name design_1_wrapper_23
TRACE::2026-07-26.19:35:57::SCWPlatform::Opened existing hwdb design_1_wrapper_23
TRACE::2026-07-26.19:35:57::SCWPlatform::Found the Hw Db part of the input DSA
TRACE::2026-07-26.19:35:57::SCWMssOS::Checking the sw design at  /home/ran/Documents/uni/s10/asip_lab/vitis_ws/milestone2/ps7_cortexa9_0/standalone_domain/bsp/system.mss
TRACE::2026-07-26.19:35:57::SCWMssOS::DEBUG:  swdes dump  /home/ran/Documents/uni/s10/asip_lab/vitis_ws/milestone2/ps7_cortexa9_0/standalone_domain/bsp/system.mss|system_0||
/home/ran/Documents/uni/s10/asip_lab/vitis_ws/milestone2/zynq_fsbl/zynq_fsbl_bsp/system.mss|system||

TRACE::2026-07-26.19:35:57::SCWMssOS::Sw design exists and opened at  /home/ran/Documents/uni/s10/asip_lab/vitis_ws/milestone2/ps7_cortexa9_0/standalone_domain/bsp/system.mss
TRACE::2026-07-26.19:35:57::SCWPlatform::Trying to open the hw design at /home/ran/Documents/uni/s10/asip_lab/vitis_ws/milestone2/hw/design_1_wrapper.xsa
TRACE::2026-07-26.19:35:57::SCWPlatform::DSA given /home/ran/Documents/uni/s10/asip_lab/vitis_ws/milestone2/hw/design_1_wrapper.xsa
TRACE::2026-07-26.19:35:57::SCWPlatform::DSA absoulate path /home/ran/Documents/uni/s10/asip_lab/vitis_ws/milestone2/hw/design_1_wrapper.xsa
TRACE::2026-07-26.19:35:57::SCWPlatform::DSA directory /home/ran/Documents/uni/s10/asip_lab/vitis_ws/milestone2/hw
TRACE::2026-07-26.19:35:57::SCWPlatform:: Platform Path /home/ran/Documents/uni/s10/asip_lab/vitis_ws/milestone2/hw/design_1_wrapper.xsa
TRACE::2026-07-26.19:35:57::SCWPlatform:: Unique name xilinx:::0.0
TRACE::2026-07-26.19:35:57::SCWPlatform::Trying to set the existing hwdb with name design_1_wrapper_23
TRACE::2026-07-26.19:35:57::SCWPlatform::Opened existing hwdb design_1_wrapper_23
TRACE::2026-07-26.19:35:57::SCWPlatform::Found the Hw Db part of the input DSA
TRACE::2026-07-26.19:35:57::SCWMssOS::Checking the sw design at  /home/ran/Documents/uni/s10/asip_lab/vitis_ws/milestone2/ps7_cortexa9_0/standalone_domain/bsp/system.mss
TRACE::2026-07-26.19:35:57::SCWMssOS::DEBUG:  swdes dump  /home/ran/Documents/uni/s10/asip_lab/vitis_ws/milestone2/ps7_cortexa9_0/standalone_domain/bsp/system.mss|system_0||
/home/ran/Documents/uni/s10/asip_lab/vitis_ws/milestone2/zynq_fsbl/zynq_fsbl_bsp/system.mss|system||

TRACE::2026-07-26.19:35:57::SCWMssOS::Sw design exists and opened at  /home/ran/Documents/uni/s10/asip_lab/vitis_ws/milestone2/ps7_cortexa9_0/standalone_domain/bsp/system.mss
TRACE::2026-07-26.19:35:57::SCWPlatform::Trying to open the hw design at /home/ran/Documents/uni/s10/asip_lab/vitis_ws/milestone2/hw/design_1_wrapper.xsa
TRACE::2026-07-26.19:35:57::SCWPlatform::DSA given /home/ran/Documents/uni/s10/asip_lab/vitis_ws/milestone2/hw/design_1_wrapper.xsa
TRACE::2026-07-26.19:35:57::SCWPlatform::DSA absoulate path /home/ran/Documents/uni/s10/asip_lab/vitis_ws/milestone2/hw/design_1_wrapper.xsa
TRACE::2026-07-26.19:35:57::SCWPlatform::DSA directory /home/ran/Documents/uni/s10/asip_lab/vitis_ws/milestone2/hw
TRACE::2026-07-26.19:35:57::SCWPlatform:: Platform Path /home/ran/Documents/uni/s10/asip_lab/vitis_ws/milestone2/hw/design_1_wrapper.xsa
TRACE::2026-07-26.19:35:57::SCWPlatform:: Unique name xilinx:::0.0
TRACE::2026-07-26.19:35:57::SCWPlatform::Trying to set the existing hwdb with name design_1_wrapper_23
TRACE::2026-07-26.19:35:57::SCWPlatform::Opened existing hwdb design_1_wrapper_23
TRACE::2026-07-26.19:35:57::SCWPlatform::Found the Hw Db part of the input DSA
TRACE::2026-07-26.19:35:57::SCWMssOS::Checking the sw design at  /home/ran/Documents/uni/s10/asip_lab/vitis_ws/milestone2/ps7_cortexa9_0/standalone_domain/bsp/system.mss
TRACE::2026-07-26.19:35:57::SCWMssOS::DEBUG:  swdes dump  /home/ran/Documents/uni/s10/asip_lab/vitis_ws/milestone2/ps7_cortexa9_0/standalone_domain/bsp/system.mss|system_0||
/home/ran/Documents/uni/s10/asip_lab/vitis_ws/milestone2/zynq_fsbl/zynq_fsbl_bsp/system.mss|system||

TRACE::2026-07-26.19:35:57::SCWMssOS::Sw design exists and opened at  /home/ran/Documents/uni/s10/asip_lab/vitis_ws/milestone2/ps7_cortexa9_0/standalone_domain/bsp/system.mss
TRACE::2026-07-26.19:35:57::SCWPlatform::Trying to open the hw design at /home/ran/Documents/uni/s10/asip_lab/vitis_ws/milestone2/hw/design_1_wrapper.xsa
TRACE::2026-07-26.19:35:57::SCWPlatform::DSA given /home/ran/Documents/uni/s10/asip_lab/vitis_ws/milestone2/hw/design_1_wrapper.xsa
TRACE::2026-07-26.19:35:57::SCWPlatform::DSA absoulate path /home/ran/Documents/uni/s10/asip_lab/vitis_ws/milestone2/hw/design_1_wrapper.xsa
TRACE::2026-07-26.19:35:57::SCWPlatform::DSA directory /home/ran/Documents/uni/s10/asip_lab/vitis_ws/milestone2/hw
TRACE::2026-07-26.19:35:57::SCWPlatform:: Platform Path /home/ran/Documents/uni/s10/asip_lab/vitis_ws/milestone2/hw/design_1_wrapper.xsa
TRACE::2026-07-26.19:35:57::SCWPlatform:: Unique name xilinx:::0.0
TRACE::2026-07-26.19:35:57::SCWPlatform::Trying to set the existing hwdb with name design_1_wrapper_23
TRACE::2026-07-26.19:35:57::SCWPlatform::Opened existing hwdb design_1_wrapper_23
TRACE::2026-07-26.19:35:57::SCWPlatform::Found the Hw Db part of the input DSA
TRACE::2026-07-26.19:35:57::SCWMssOS::Checking the sw design at  /home/ran/Documents/uni/s10/asip_lab/vitis_ws/milestone2/ps7_cortexa9_0/standalone_domain/bsp/system.mss
TRACE::2026-07-26.19:35:57::SCWMssOS::DEBUG:  swdes dump  /home/ran/Documents/uni/s10/asip_lab/vitis_ws/milestone2/ps7_cortexa9_0/standalone_domain/bsp/system.mss|system_0||
/home/ran/Documents/uni/s10/asip_lab/vitis_ws/milestone2/zynq_fsbl/zynq_fsbl_bsp/system.mss|system||

TRACE::2026-07-26.19:35:57::SCWMssOS::Sw design exists and opened at  /home/ran/Documents/uni/s10/asip_lab/vitis_ws/milestone2/ps7_cortexa9_0/standalone_domain/bsp/system.mss
TRACE::2026-07-26.19:35:57::SCWMssOS::Saving the mss changes /home/ran/Documents/uni/s10/asip_lab/vitis_ws/milestone2/ps7_cortexa9_0/standalone_domain/bsp/system.mss
TRACE::2026-07-26.19:35:57::SCWMssOS::Found a swdesign opened with the mssfile.
TRACE::2026-07-26.19:35:57::SCWMssOS::Completed writemss as part of save.
TRACE::2026-07-26.19:35:57::SCWMssOS::Commit changes completed.
TRACE::2026-07-26.19:35:57::SCWReader::Adding prebuilt librarypaths as   
TRACE::2026-07-26.19:35:57::SCWReader::Adding prebuilt incpaths  as   
TRACE::2026-07-26.19:35:57::SCWPlatform::Trying to open the hw design at /home/ran/Documents/uni/s10/asip_lab/vitis_ws/milestone2/hw/design_1_wrapper.xsa
TRACE::2026-07-26.19:35:57::SCWPlatform::DSA given /home/ran/Documents/uni/s10/asip_lab/vitis_ws/milestone2/hw/design_1_wrapper.xsa
TRACE::2026-07-26.19:35:57::SCWPlatform::DSA absoulate path /home/ran/Documents/uni/s10/asip_lab/vitis_ws/milestone2/hw/design_1_wrapper.xsa
TRACE::2026-07-26.19:35:57::SCWPlatform::DSA directory /home/ran/Documents/uni/s10/asip_lab/vitis_ws/milestone2/hw
TRACE::2026-07-26.19:35:57::SCWPlatform:: Platform Path /home/ran/Documents/uni/s10/asip_lab/vitis_ws/milestone2/hw/design_1_wrapper.xsa
TRACE::2026-07-26.19:35:57::SCWPlatform:: Unique name xilinx:::0.0
TRACE::2026-07-26.19:35:57::SCWPlatform::Trying to set the existing hwdb with name design_1_wrapper_23
TRACE::2026-07-26.19:35:57::SCWPlatform::Opened existing hwdb design_1_wrapper_23
TRACE::2026-07-26.19:35:57::SCWPlatform::Found the Hw Db part of the input DSA
TRACE::2026-07-26.19:35:57::SCWMssOS::Checking the sw design at  /home/ran/Documents/uni/s10/asip_lab/vitis_ws/milestone2/ps7_cortexa9_0/standalone_domain/bsp/system.mss
TRACE::2026-07-26.19:35:57::SCWMssOS::DEBUG:  swdes dump  /home/ran/Documents/uni/s10/asip_lab/vitis_ws/milestone2/ps7_cortexa9_0/standalone_domain/bsp/system.mss|system_0||
/home/ran/Documents/uni/s10/asip_lab/vitis_ws/milestone2/zynq_fsbl/zynq_fsbl_bsp/system.mss|system||

TRACE::2026-07-26.19:35:57::SCWMssOS::Sw design exists and opened at  /home/ran/Documents/uni/s10/asip_lab/vitis_ws/milestone2/ps7_cortexa9_0/standalone_domain/bsp/system.mss
TRACE::2026-07-26.19:35:57::SCWReader::No isolation master present  
TRACE::2026-07-26.19:35:57::SCWMssOS::Saving the mss changes /home/ran/Documents/uni/s10/asip_lab/vitis_ws/milestone2/zynq_fsbl/zynq_fsbl_bsp/system.mss
TRACE::2026-07-26.19:35:57::SCWMssOS::Found a swdesign opened with the mssfile.
TRACE::2026-07-26.19:35:57::SCWMssOS::Completed writemss as part of save.
TRACE::2026-07-26.19:35:57::SCWMssOS::Commit changes completed.
TRACE::2026-07-26.19:35:57::SCWMssOS::Saving the mss changes /home/ran/Documents/uni/s10/asip_lab/vitis_ws/milestone2/ps7_cortexa9_0/standalone_domain/bsp/system.mss
TRACE::2026-07-26.19:35:57::SCWMssOS::Found a swdesign opened with the mssfile.
TRACE::2026-07-26.19:35:57::SCWMssOS::Completed writemss as part of save.
TRACE::2026-07-26.19:35:57::SCWMssOS::Commit changes completed.
TRACE::2026-07-26.19:35:57::SCWPlatform::Trying to open the hw design at /home/ran/Documents/uni/s10/asip_lab/vitis_ws/milestone2/hw/design_1_wrapper.xsa
TRACE::2026-07-26.19:35:57::SCWPlatform::DSA given /home/ran/Documents/uni/s10/asip_lab/vitis_ws/milestone2/hw/design_1_wrapper.xsa
TRACE::2026-07-26.19:35:57::SCWPlatform::DSA absoulate path /home/ran/Documents/uni/s10/asip_lab/vitis_ws/milestone2/hw/design_1_wrapper.xsa
TRACE::2026-07-26.19:35:57::SCWPlatform::DSA directory /home/ran/Documents/uni/s10/asip_lab/vitis_ws/milestone2/hw
TRACE::2026-07-26.19:35:57::SCWPlatform:: Platform Path /home/ran/Documents/uni/s10/asip_lab/vitis_ws/milestone2/hw/design_1_wrapper.xsa
TRACE::2026-07-26.19:35:57::SCWPlatform:: Unique name xilinx:::0.0
TRACE::2026-07-26.19:35:57::SCWPlatform::Trying to set the existing hwdb with name design_1_wrapper_23
TRACE::2026-07-26.19:35:57::SCWPlatform::Opened existing hwdb design_1_wrapper_23
TRACE::2026-07-26.19:35:57::SCWPlatform::Found the Hw Db part of the input DSA
TRACE::2026-07-26.19:35:57::SCWMssOS::Checking the sw design at  /home/ran/Documents/uni/s10/asip_lab/vitis_ws/milestone2/zynq_fsbl/zynq_fsbl_bsp/system.mss
TRACE::2026-07-26.19:35:57::SCWMssOS::DEBUG:  swdes dump  /home/ran/Documents/uni/s10/asip_lab/vitis_ws/milestone2/ps7_cortexa9_0/standalone_domain/bsp/system.mss|system_0||
/home/ran/Documents/uni/s10/asip_lab/vitis_ws/milestone2/zynq_fsbl/zynq_fsbl_bsp/system.mss|system||

TRACE::2026-07-26.19:35:57::SCWMssOS::Sw design exists and opened at  /home/ran/Documents/uni/s10/asip_lab/vitis_ws/milestone2/zynq_fsbl/zynq_fsbl_bsp/system.mss
TRACE::2026-07-26.19:35:57::SCWPlatform::Trying to open the hw design at /home/ran/Documents/uni/s10/asip_lab/vitis_ws/milestone2/hw/design_1_wrapper.xsa
TRACE::2026-07-26.19:35:57::SCWPlatform::DSA given /home/ran/Documents/uni/s10/asip_lab/vitis_ws/milestone2/hw/design_1_wrapper.xsa
TRACE::2026-07-26.19:35:57::SCWPlatform::DSA absoulate path /home/ran/Documents/uni/s10/asip_lab/vitis_ws/milestone2/hw/design_1_wrapper.xsa
TRACE::2026-07-26.19:35:57::SCWPlatform::DSA directory /home/ran/Documents/uni/s10/asip_lab/vitis_ws/milestone2/hw
TRACE::2026-07-26.19:35:57::SCWPlatform:: Platform Path /home/ran/Documents/uni/s10/asip_lab/vitis_ws/milestone2/hw/design_1_wrapper.xsa
TRACE::2026-07-26.19:35:57::SCWPlatform:: Unique name xilinx:::0.0
TRACE::2026-07-26.19:35:57::SCWPlatform::Trying to set the existing hwdb with name design_1_wrapper_23
TRACE::2026-07-26.19:35:57::SCWPlatform::Opened existing hwdb design_1_wrapper_23
TRACE::2026-07-26.19:35:57::SCWPlatform::Found the Hw Db part of the input DSA
TRACE::2026-07-26.19:35:57::SCWMssOS::Checking the sw design at  /home/ran/Documents/uni/s10/asip_lab/vitis_ws/milestone2/ps7_cortexa9_0/standalone_domain/bsp/system.mss
TRACE::2026-07-26.19:35:57::SCWMssOS::DEBUG:  swdes dump  /home/ran/Documents/uni/s10/asip_lab/vitis_ws/milestone2/ps7_cortexa9_0/standalone_domain/bsp/system.mss|system_0||
/home/ran/Documents/uni/s10/asip_lab/vitis_ws/milestone2/zynq_fsbl/zynq_fsbl_bsp/system.mss|system||

TRACE::2026-07-26.19:35:57::SCWMssOS::Sw design exists and opened at  /home/ran/Documents/uni/s10/asip_lab/vitis_ws/milestone2/ps7_cortexa9_0/standalone_domain/bsp/system.mss
TRACE::2026-07-26.19:35:57::SCWWriter::formatted JSON is {
	"platformName":	"milestone2",
	"sprVersion":	"2.0",
	"mode":	"gui",
	"dsaType":	"Fixed",
	"platformDesc":	"milestone2",
	"platHandOff":	"<platformDir>/resources/design_1_wrapper.xsa",
	"platIntHandOff":	"<platformDir>/hw/design_1_wrapper.xsa",
	"deviceType":	"zynq",
	"platIsPrebuiltAutogen":	"false",
	"platIsNoBootBsp":	"false",
	"hasFsblMakeHasChanges":	"false",
	"hasPmufwMakeHasChanges":	"false",
	"fsblExtraCompilerFlags":	"-MMD -MP       -mcpu=cortex-a9 -mfpu=vfpv3 -mfloat-abi=hard ",
	"platPreBuiltFlag":	false,
	"platformSamplesDir":	"",
	"platActiveSys":	"milestone2",
	"systems":	[{
			"systemName":	"milestone2",
			"systemDesc":	"milestone2",
			"sysIsBootAutoGen":	"true",
			"systemDispName":	"milestone2",
			"sysActiveDom":	"standalone_domain",
			"sysDefaultDom":	"standalone_domain",
			"domains":	[{
					"domainName":	"zynq_fsbl",
					"domainDispName":	"zynq_fsbl",
					"domainDesc":	"FSBL Application BSP - Auto Generated.",
					"processors":	"ps7_cortexa9_0",
					"os":	"standalone",
					"sdxOs":	"standalone",
					"debugEnable":	"",
					"domRuntimes":	["cpp"],
					"swRepo":	"",
					"mssOsVer":	"8.0",
					"mssFile":	"",
					"md5Digest":	"5190a0a8ca228895166de3d006f5d4d11",
					"compatibleApp":	"zynq_fsbl",
					"domType":	"bootDomain",
					"arch":	"32-bit",
					"appSettings":	{
						"appCompilerFlags":	"",
						"appLinkerFlags":	""
					},
					"addedLibs":	["xilffs:4.8", "xilrsa:1.6"],
					"libOptions":	{
						"standalone":	{
							"stdin":	"ps7_coresight_comp_0",
							"stdout":	"ps7_coresight_comp_0",
							"libOptionNames":	["stdin", "stdout"]
						},
						"libsContainingOptions":	["standalone"]
					},
					"prebuiltLibs":	{
						"prebuiltIncPath":	[],
						"prebuiltLibPath":	[]
					},
					"isolation":	{
					}
				}, {
					"domainName":	"standalone_domain",
					"domainDispName":	"standalone on ps7_cortexa9_0",
					"domainDesc":	"standalone_domain",
					"processors":	"ps7_cortexa9_0",
					"os":	"standalone",
					"sdxOs":	"standalone",
					"qemuArgs":	"<platformDir>/resources/milestone2/standalone_domain/qemu_args.txt",
					"qemuData":	"<platformDir>/resources/milestone2/standalone_domain/qemu",
					"debugEnable":	"False",
					"domRuntimes":	["cpp"],
					"swRepo":	"",
					"mssOsVer":	"8.0",
					"mssFile":	"",
					"md5Digest":	"25886e0fbe9d4ff5df7468588603f3f0",
					"compatibleApp":	"",
					"domType":	"mssDomain",
					"appSettings":	{
						"appCompilerFlags":	"",
						"appLinkerFlags":	""
					},
					"addedLibs":	[],
					"libOptions":	{
						"standalone":	{
							"stdin":	"ps7_coresight_comp_0",
							"stdout":	"ps7_coresight_comp_0",
							"libOptionNames":	["stdin", "stdout"]
						},
						"libsContainingOptions":	["standalone"]
					},
					"prebuiltLibs":	{
						"prebuiltIncPath":	[],
						"prebuiltLibPath":	[]
					},
					"isolation":	{
					}
				}]
		}]
}
LOG::2026-07-26.19:36:17::SCWPlatform::Started generating the artifacts platform milestone2
TRACE::2026-07-26.19:36:17::SCWPlatform::Sanity checking of platform is completed
LOG::2026-07-26.19:36:17::SCWPlatform::Started generating the artifacts for system configuration milestone2
LOG::2026-07-26.19:36:17::SCWSystem::Checking the domain zynq_fsbl
LOG::2026-07-26.19:36:17::SCWSystem::Doing application build for :  zynq_fsbl
TRACE::2026-07-26.19:36:17::SCWBDomain::Not a forced makefile updation, No changes are present. 
TRACE::2026-07-26.19:36:17::SCWDomain::Skipping the build for domain :  zynq_fsbl
LOG::2026-07-26.19:36:17::SCWSystem::Checking the domain standalone_domain
LOG::2026-07-26.19:36:17::SCWSystem::Not a boot domain 
LOG::2026-07-26.19:36:17::SCWSystem::Started Processing the domain standalone_domain
TRACE::2026-07-26.19:36:17::SCWDomain::Generating domain artifcats
TRACE::2026-07-26.19:36:17::SCWMssOS::Generating standalone artifcats
TRACE::2026-07-26.19:36:17::SCWMssOS::Copying the qemu file from  /home/ran/Documents/uni/s10/asip_lab/vitis_ws/milestone2/resources/milestone2/standalone_domain/qemu_args.txt To /home/ran/Documents/uni/s10/asip_lab/vitis_ws/milestone2/export/milestone2/sw/milestone2/qemu/
TRACE::2026-07-26.19:36:17::SCWMssOS::Copying the qemu file from  /home/ran/Documents/uni/s10/asip_lab/vitis_ws/milestone2/resources/milestone2/standalone_domain/qemu_args.txt To /home/ran/Documents/uni/s10/asip_lab/vitis_ws/milestone2/export/milestone2/sw/milestone2/standalone_domain/qemu/
TRACE::2026-07-26.19:36:17::SCWMssOS:: Copying the user libraries. 
TRACE::2026-07-26.19:36:17::SCWPlatform::Trying to open the hw design at /home/ran/Documents/uni/s10/asip_lab/vitis_ws/milestone2/hw/design_1_wrapper.xsa
TRACE::2026-07-26.19:36:17::SCWPlatform::DSA given /home/ran/Documents/uni/s10/asip_lab/vitis_ws/milestone2/hw/design_1_wrapper.xsa
TRACE::2026-07-26.19:36:17::SCWPlatform::DSA absoulate path /home/ran/Documents/uni/s10/asip_lab/vitis_ws/milestone2/hw/design_1_wrapper.xsa
TRACE::2026-07-26.19:36:17::SCWPlatform::DSA directory /home/ran/Documents/uni/s10/asip_lab/vitis_ws/milestone2/hw
TRACE::2026-07-26.19:36:17::SCWPlatform:: Platform Path /home/ran/Documents/uni/s10/asip_lab/vitis_ws/milestone2/hw/design_1_wrapper.xsa
TRACE::2026-07-26.19:36:17::SCWPlatform:: Unique name xilinx:::0.0
TRACE::2026-07-26.19:36:17::SCWPlatform::Trying to set the existing hwdb with name design_1_wrapper_23
TRACE::2026-07-26.19:36:17::SCWPlatform::Opened existing hwdb design_1_wrapper_23
TRACE::2026-07-26.19:36:17::SCWPlatform::Found the Hw Db part of the input DSA
TRACE::2026-07-26.19:36:17::SCWMssOS::Checking the sw design at  /home/ran/Documents/uni/s10/asip_lab/vitis_ws/milestone2/ps7_cortexa9_0/standalone_domain/bsp/system.mss
TRACE::2026-07-26.19:36:17::SCWMssOS::DEBUG:  swdes dump  /home/ran/Documents/uni/s10/asip_lab/vitis_ws/milestone2/ps7_cortexa9_0/standalone_domain/bsp/system.mss|system_0||
/home/ran/Documents/uni/s10/asip_lab/vitis_ws/milestone2/zynq_fsbl/zynq_fsbl_bsp/system.mss|system||

TRACE::2026-07-26.19:36:17::SCWMssOS::Sw design exists and opened at  /home/ran/Documents/uni/s10/asip_lab/vitis_ws/milestone2/ps7_cortexa9_0/standalone_domain/bsp/system.mss
TRACE::2026-07-26.19:36:17::SCWMssOS::Completed writing the mss file at /home/ran/Documents/uni/s10/asip_lab/vitis_ws/milestone2/ps7_cortexa9_0/standalone_domain/bsp
TRACE::2026-07-26.19:36:17::SCWMssOS::Mss edits present, copying mssfile into export location /home/ran/Documents/uni/s10/asip_lab/vitis_ws/milestone2/ps7_cortexa9_0/standalone_domain/bsp/system.mss
TRACE::2026-07-26.19:36:17::SCWMssOS::bsp generated is upto date with the mss file. Skipping bsp generation.
TRACE::2026-07-26.19:36:17::SCWMssOS::BSP is already built. skipping the bsp build ... 
TRACE::2026-07-26.19:36:17::SCWDomain::Skipping the build for domain :  standalone_domain
TRACE::2026-07-26.19:36:17::SCWMssOS::skipping the bsp build ... 
TRACE::2026-07-26.19:36:17::SCWMssOS::Copying to export directory.
TRACE::2026-07-26.19:36:17::SCWMssOS:: Checking if to create the Supporting Applications
TRACE::2026-07-26.19:36:17::SCWMssOS:: No Linux domain exists, trying to generate FSBL 
LOG::2026-07-26.19:36:17::SCWSystem::Completed Processing the domain standalone_domain
LOG::2026-07-26.19:36:17::SCWSystem::Completed Processing the sysconfig milestone2
LOG::2026-07-26.19:36:17::SCWPlatform::Completed generating the artifacts for system configuration milestone2
TRACE::2026-07-26.19:36:17::SCWPlatform::Started preparing the platform 
TRACE::2026-07-26.19:36:17::SCWSystem::Writing the bif file for system config milestone2
TRACE::2026-07-26.19:36:17::SCWSystem::dir created 
TRACE::2026-07-26.19:36:17::SCWSystem::Writing the bif 
TRACE::2026-07-26.19:36:17::SCWPlatform::Started writing the spfm file 
TRACE::2026-07-26.19:36:17::SCWPlatform::Started writing the xpfm file 
TRACE::2026-07-26.19:36:17::SCWPlatform::Completed generating the platform
TRACE::2026-07-26.19:36:17::SCWMssOS::Saving the mss changes /home/ran/Documents/uni/s10/asip_lab/vitis_ws/milestone2/zynq_fsbl/zynq_fsbl_bsp/system.mss
TRACE::2026-07-26.19:36:17::SCWMssOS::Found a swdesign opened with the mssfile.
TRACE::2026-07-26.19:36:17::SCWMssOS::Completed writemss as part of save.
TRACE::2026-07-26.19:36:17::SCWMssOS::Commit changes completed.
TRACE::2026-07-26.19:36:17::SCWMssOS::Saving the mss changes /home/ran/Documents/uni/s10/asip_lab/vitis_ws/milestone2/ps7_cortexa9_0/standalone_domain/bsp/system.mss
TRACE::2026-07-26.19:36:17::SCWMssOS::Found a swdesign opened with the mssfile.
TRACE::2026-07-26.19:36:17::SCWMssOS::Completed writemss as part of save.
TRACE::2026-07-26.19:36:17::SCWMssOS::Commit changes completed.
TRACE::2026-07-26.19:36:17::SCWPlatform::Trying to open the hw design at /home/ran/Documents/uni/s10/asip_lab/vitis_ws/milestone2/hw/design_1_wrapper.xsa
TRACE::2026-07-26.19:36:17::SCWPlatform::DSA given /home/ran/Documents/uni/s10/asip_lab/vitis_ws/milestone2/hw/design_1_wrapper.xsa
TRACE::2026-07-26.19:36:17::SCWPlatform::DSA absoulate path /home/ran/Documents/uni/s10/asip_lab/vitis_ws/milestone2/hw/design_1_wrapper.xsa
TRACE::2026-07-26.19:36:17::SCWPlatform::DSA directory /home/ran/Documents/uni/s10/asip_lab/vitis_ws/milestone2/hw
TRACE::2026-07-26.19:36:17::SCWPlatform:: Platform Path /home/ran/Documents/uni/s10/asip_lab/vitis_ws/milestone2/hw/design_1_wrapper.xsa
TRACE::2026-07-26.19:36:17::SCWPlatform:: Unique name xilinx:::0.0
TRACE::2026-07-26.19:36:17::SCWPlatform::Trying to set the existing hwdb with name design_1_wrapper_23
TRACE::2026-07-26.19:36:17::SCWPlatform::Opened existing hwdb design_1_wrapper_23
TRACE::2026-07-26.19:36:17::SCWPlatform::Found the Hw Db part of the input DSA
TRACE::2026-07-26.19:36:17::SCWMssOS::Checking the sw design at  /home/ran/Documents/uni/s10/asip_lab/vitis_ws/milestone2/zynq_fsbl/zynq_fsbl_bsp/system.mss
TRACE::2026-07-26.19:36:17::SCWMssOS::DEBUG:  swdes dump  /home/ran/Documents/uni/s10/asip_lab/vitis_ws/milestone2/ps7_cortexa9_0/standalone_domain/bsp/system.mss|system_0||
/home/ran/Documents/uni/s10/asip_lab/vitis_ws/milestone2/zynq_fsbl/zynq_fsbl_bsp/system.mss|system||

TRACE::2026-07-26.19:36:17::SCWMssOS::Sw design exists and opened at  /home/ran/Documents/uni/s10/asip_lab/vitis_ws/milestone2/zynq_fsbl/zynq_fsbl_bsp/system.mss
TRACE::2026-07-26.19:36:17::SCWPlatform::Trying to open the hw design at /home/ran/Documents/uni/s10/asip_lab/vitis_ws/milestone2/hw/design_1_wrapper.xsa
TRACE::2026-07-26.19:36:17::SCWPlatform::DSA given /home/ran/Documents/uni/s10/asip_lab/vitis_ws/milestone2/hw/design_1_wrapper.xsa
TRACE::2026-07-26.19:36:17::SCWPlatform::DSA absoulate path /home/ran/Documents/uni/s10/asip_lab/vitis_ws/milestone2/hw/design_1_wrapper.xsa
TRACE::2026-07-26.19:36:17::SCWPlatform::DSA directory /home/ran/Documents/uni/s10/asip_lab/vitis_ws/milestone2/hw
TRACE::2026-07-26.19:36:17::SCWPlatform:: Platform Path /home/ran/Documents/uni/s10/asip_lab/vitis_ws/milestone2/hw/design_1_wrapper.xsa
TRACE::2026-07-26.19:36:17::SCWPlatform:: Unique name xilinx:::0.0
TRACE::2026-07-26.19:36:17::SCWPlatform::Trying to set the existing hwdb with name design_1_wrapper_23
TRACE::2026-07-26.19:36:17::SCWPlatform::Opened existing hwdb design_1_wrapper_23
TRACE::2026-07-26.19:36:17::SCWPlatform::Found the Hw Db part of the input DSA
TRACE::2026-07-26.19:36:17::SCWMssOS::Checking the sw design at  /home/ran/Documents/uni/s10/asip_lab/vitis_ws/milestone2/ps7_cortexa9_0/standalone_domain/bsp/system.mss
TRACE::2026-07-26.19:36:17::SCWMssOS::DEBUG:  swdes dump  /home/ran/Documents/uni/s10/asip_lab/vitis_ws/milestone2/ps7_cortexa9_0/standalone_domain/bsp/system.mss|system_0||
/home/ran/Documents/uni/s10/asip_lab/vitis_ws/milestone2/zynq_fsbl/zynq_fsbl_bsp/system.mss|system||

TRACE::2026-07-26.19:36:17::SCWMssOS::Sw design exists and opened at  /home/ran/Documents/uni/s10/asip_lab/vitis_ws/milestone2/ps7_cortexa9_0/standalone_domain/bsp/system.mss
TRACE::2026-07-26.19:36:17::SCWWriter::formatted JSON is {
	"platformName":	"milestone2",
	"sprVersion":	"2.0",
	"mode":	"gui",
	"dsaType":	"Fixed",
	"platformDesc":	"milestone2",
	"platHandOff":	"<platformDir>/resources/design_1_wrapper.xsa",
	"platIntHandOff":	"<platformDir>/hw/design_1_wrapper.xsa",
	"deviceType":	"zynq",
	"platIsPrebuiltAutogen":	"false",
	"platIsNoBootBsp":	"false",
	"hasFsblMakeHasChanges":	"false",
	"hasPmufwMakeHasChanges":	"false",
	"fsblExtraCompilerFlags":	"-MMD -MP       -mcpu=cortex-a9 -mfpu=vfpv3 -mfloat-abi=hard ",
	"platPreBuiltFlag":	false,
	"platformSamplesDir":	"",
	"platActiveSys":	"milestone2",
	"systems":	[{
			"systemName":	"milestone2",
			"systemDesc":	"milestone2",
			"sysIsBootAutoGen":	"true",
			"systemDispName":	"milestone2",
			"sysActiveDom":	"standalone_domain",
			"sysDefaultDom":	"standalone_domain",
			"domains":	[{
					"domainName":	"zynq_fsbl",
					"domainDispName":	"zynq_fsbl",
					"domainDesc":	"FSBL Application BSP - Auto Generated.",
					"processors":	"ps7_cortexa9_0",
					"os":	"standalone",
					"sdxOs":	"standalone",
					"debugEnable":	"",
					"domRuntimes":	["cpp"],
					"swRepo":	"",
					"mssOsVer":	"8.0",
					"mssFile":	"",
					"md5Digest":	"5190a0a8ca228895166de3d006f5d4d11",
					"compatibleApp":	"zynq_fsbl",
					"domType":	"bootDomain",
					"arch":	"32-bit",
					"appSettings":	{
						"appCompilerFlags":	"",
						"appLinkerFlags":	""
					},
					"addedLibs":	["xilffs:4.8", "xilrsa:1.6"],
					"libOptions":	{
						"standalone":	{
							"stdin":	"ps7_coresight_comp_0",
							"stdout":	"ps7_coresight_comp_0",
							"libOptionNames":	["stdin", "stdout"]
						},
						"libsContainingOptions":	["standalone"]
					},
					"prebuiltLibs":	{
						"prebuiltIncPath":	[],
						"prebuiltLibPath":	[]
					},
					"isolation":	{
					}
				}, {
					"domainName":	"standalone_domain",
					"domainDispName":	"standalone on ps7_cortexa9_0",
					"domainDesc":	"standalone_domain",
					"processors":	"ps7_cortexa9_0",
					"os":	"standalone",
					"sdxOs":	"standalone",
					"qemuArgs":	"<platformDir>/resources/milestone2/standalone_domain/qemu_args.txt",
					"qemuData":	"<platformDir>/resources/milestone2/standalone_domain/qemu",
					"debugEnable":	"False",
					"domRuntimes":	["cpp"],
					"swRepo":	"",
					"mssOsVer":	"8.0",
					"mssFile":	"",
					"md5Digest":	"25886e0fbe9d4ff5df7468588603f3f0",
					"compatibleApp":	"",
					"domType":	"mssDomain",
					"appSettings":	{
						"appCompilerFlags":	"",
						"appLinkerFlags":	""
					},
					"addedLibs":	[],
					"libOptions":	{
						"standalone":	{
							"stdin":	"ps7_coresight_comp_0",
							"stdout":	"ps7_coresight_comp_0",
							"libOptionNames":	["stdin", "stdout"]
						},
						"libsContainingOptions":	["standalone"]
					},
					"prebuiltLibs":	{
						"prebuiltIncPath":	[],
						"prebuiltLibPath":	[]
					},
					"isolation":	{
					}
				}]
		}]
}
KEYINFO::2026-07-26.19:36:17::SCWPlatform::updated the xpfm file.
TRACE::2026-07-26.19:36:17::SCWPlatform::Trying to open the hw design at /home/ran/Documents/uni/s10/asip_lab/vitis_ws/milestone2/hw/design_1_wrapper.xsa
TRACE::2026-07-26.19:36:17::SCWPlatform::DSA given /home/ran/Documents/uni/s10/asip_lab/vitis_ws/milestone2/hw/design_1_wrapper.xsa
TRACE::2026-07-26.19:36:17::SCWPlatform::DSA absoulate path /home/ran/Documents/uni/s10/asip_lab/vitis_ws/milestone2/hw/design_1_wrapper.xsa
TRACE::2026-07-26.19:36:17::SCWPlatform::DSA directory /home/ran/Documents/uni/s10/asip_lab/vitis_ws/milestone2/hw
TRACE::2026-07-26.19:36:17::SCWPlatform:: Platform Path /home/ran/Documents/uni/s10/asip_lab/vitis_ws/milestone2/hw/design_1_wrapper.xsa
TRACE::2026-07-26.19:36:17::SCWPlatform:: Unique name xilinx:::0.0
TRACE::2026-07-26.19:36:17::SCWPlatform::Trying to set the existing hwdb with name design_1_wrapper_23
TRACE::2026-07-26.19:36:17::SCWPlatform::Opened existing hwdb design_1_wrapper_23
TRACE::2026-07-26.19:36:17::SCWPlatform::Found the Hw Db part of the input DSA
TRACE::2026-07-26.19:36:17::SCWMssOS::Checking the sw design at  /home/ran/Documents/uni/s10/asip_lab/vitis_ws/milestone2/ps7_cortexa9_0/standalone_domain/bsp/system.mss
TRACE::2026-07-26.19:36:17::SCWMssOS::DEBUG:  swdes dump  /home/ran/Documents/uni/s10/asip_lab/vitis_ws/milestone2/ps7_cortexa9_0/standalone_domain/bsp/system.mss|system_0||
/home/ran/Documents/uni/s10/asip_lab/vitis_ws/milestone2/zynq_fsbl/zynq_fsbl_bsp/system.mss|system||

TRACE::2026-07-26.19:36:17::SCWMssOS::Sw design exists and opened at  /home/ran/Documents/uni/s10/asip_lab/vitis_ws/milestone2/ps7_cortexa9_0/standalone_domain/bsp/system.mss
